dataset	split	task	arm	fit	correct	correct_grids	test_grids	oracle_chosen_family	selected_program	oracle_witness
ARC1	evaluation	a57f2f04	complete	false	false	0	1	NA	id	
ARC1	evaluation	a57f2f04	grid_d2	false	false	0	1	false		
ARC1	evaluation	a57f2f04	objects	false	false	0	1	false		
ARC1	evaluation	a57f2f04	grid_objects	false	false	0	1	false		
ARC1	evaluation	baf41dbf	complete	false	false	0	1	NA	id	
ARC1	evaluation	baf41dbf	grid_d2	false	false	0	1	false		
ARC1	evaluation	baf41dbf	objects	false	false	0	1	false		
ARC1	evaluation	baf41dbf	grid_objects	false	false	0	1	false		
ARC1	evaluation	16b78196	complete	false	false	0	1	NA	id	
ARC1	evaluation	16b78196	grid_d2	false	false	0	1	false		
ARC1	evaluation	16b78196	objects	false	false	0	1	false		
ARC1	evaluation	16b78196	grid_objects	false	false	0	1	false		
ARC1	evaluation	e21a174a	complete	false	false	0	2	NA	id	
ARC1	evaluation	e21a174a	grid_d2	false	false	0	2	false		
ARC1	evaluation	e21a174a	objects	false	false	0	2	false		
ARC1	evaluation	e21a174a	grid_objects	false	false	0	2	false		
ARC1	evaluation	84db8fc4	complete	true	true	1	1	NA	fillEnclosed 5 ; recolour 0 2	
ARC1	evaluation	84db8fc4	grid_d2	true	true	1	1	true	fillEnclosed 5 ; recolour 0 2	fillEnclosed 5 ; recolour 0 2
ARC1	evaluation	84db8fc4	objects	false	false	0	1	false		
ARC1	evaluation	84db8fc4	grid_objects	true	true	1	1	true	fillEnclosed 5 ; recolour 0 2	fillEnclosed 5 ; recolour 0 2
ARC1	evaluation	8cb8642d	complete	false	false	0	1	NA	id	
ARC1	evaluation	8cb8642d	grid_d2	false	false	0	1	false		
ARC1	evaluation	8cb8642d	objects	false	false	0	1	false		
ARC1	evaluation	8cb8642d	grid_objects	false	false	0	1	false		
ARC1	evaluation	4f537728	complete	false	false	0	1	NA	id	
ARC1	evaluation	4f537728	grid_d2	false	false	0	1	false		
ARC1	evaluation	4f537728	objects	false	false	0	1	false		
ARC1	evaluation	4f537728	grid_objects	false	false	0	1	false		
ARC1	training	1190e5a7	complete	false	false	0	1	NA	id	
ARC1	training	1190e5a7	grid_d2	false	false	0	1	false		
ARC1	training	1190e5a7	objects	false	false	0	1	false		
ARC1	training	1190e5a7	grid_objects	false	false	0	1	false		
ARC1	evaluation	9bebae7a	complete	false	false	0	1	NA	id	
ARC1	evaluation	9bebae7a	grid_d2	false	false	0	1	false		
ARC1	evaluation	9bebae7a	objects	false	false	0	1	false		
ARC1	evaluation	9bebae7a	grid_objects	false	false	0	1	false		
ARC1	evaluation	2037f2c7	complete	false	false	0	1	NA	id	
ARC1	evaluation	2037f2c7	grid_d2	false	false	0	1	false		
ARC1	evaluation	2037f2c7	objects	false	false	0	1	false		
ARC1	evaluation	2037f2c7	grid_objects	false	false	0	1	false		
ARC1	training	c444b776	complete	false	false	0	1	NA	id	
ARC1	training	c444b776	grid_d2	false	false	0	1	false		
ARC1	training	c444b776	objects	false	false	0	1	false		
ARC1	training	c444b776	grid_objects	false	false	0	1	false		
ARC1	training	6d0aefbc	complete	true	true	1	1	NA	hconcatFlip	
ARC1	training	6d0aefbc	grid_d2	true	true	1	1	true	hconcatFlip	hconcatFlip
ARC1	training	6d0aefbc	objects	false	false	0	1	false		
ARC1	training	6d0aefbc	grid_objects	true	true	1	1	true	hconcatFlip	hconcatFlip
ARC1	training	85c4e7cd	complete	false	false	0	1	NA	id	
ARC1	training	85c4e7cd	grid_d2	false	false	0	1	false		
ARC1	training	85c4e7cd	objects	false	false	0	1	false		
ARC1	training	85c4e7cd	grid_objects	false	false	0	1	false		
ARC1	training	3de23699	complete	false	false	0	1	NA	id	
ARC1	training	3de23699	grid_d2	false	false	0	1	false		
ARC1	training	3de23699	objects	false	false	0	1	false		
ARC1	training	3de23699	grid_objects	false	false	0	1	false		
ARC1	evaluation	bf32578f	complete	false	false	0	1	NA	id	
ARC1	evaluation	bf32578f	grid_d2	false	false	0	1	false		
ARC1	evaluation	bf32578f	objects	false	false	0	1	false		
ARC1	evaluation	bf32578f	grid_objects	false	false	0	1	false		
ARC1	training	1c786137	complete	false	false	0	1	NA	id	
ARC1	training	1c786137	grid_d2	false	false	0	1	false		
ARC1	training	1c786137	objects	false	false	0	1	false		
ARC1	training	1c786137	grid_objects	false	false	0	1	false		
ARC1	evaluation	6df30ad6	complete	false	false	0	1	NA	id	
ARC1	evaluation	6df30ad6	grid_d2	false	false	0	1	false		
ARC1	evaluation	6df30ad6	objects	false	false	0	1	false		
ARC1	evaluation	6df30ad6	grid_objects	false	false	0	1	false		
ARC1	evaluation	17cae0c1	complete	false	false	0	1	NA	id	
ARC1	evaluation	17cae0c1	grid_d2	false	false	0	1	false		
ARC1	evaluation	17cae0c1	objects	false	false	0	1	false		
ARC1	evaluation	17cae0c1	grid_objects	false	false	0	1	false		
ARC1	training	53b68214	complete	false	false	0	2	NA	tile 2 1	
ARC1	training	53b68214	grid_d2	false	false	0	2	false		
ARC1	training	53b68214	objects	false	false	0	2	false		
ARC1	training	53b68214	grid_objects	false	false	0	2	false		
ARC1	training	444801d8	complete	false	false	0	1	NA	id	
ARC1	training	444801d8	grid_d2	false	false	0	1	false		
ARC1	training	444801d8	objects	false	false	0	1	false		
ARC1	training	444801d8	grid_objects	false	false	0	1	false		
ARC1	evaluation	4364c1c4	complete	false	false	0	1	NA	id	
ARC1	evaluation	4364c1c4	grid_d2	false	false	0	1	false		
ARC1	evaluation	4364c1c4	objects	false	false	0	1	false		
ARC1	evaluation	4364c1c4	grid_objects	false	false	0	1	false		
ARC1	training	28bf18c6	complete	true	true	1	1	NA	cropBBox ; hconcat	
ARC1	training	28bf18c6	grid_d2	true	true	1	1	true	cropBBox ; hconcat	cropBBox ; hconcat
ARC1	training	28bf18c6	objects	false	false	0	1	false		
ARC1	training	28bf18c6	grid_objects	true	true	1	1	true	cropBBox ; hconcat	cropBBox ; hconcat
ARC1	evaluation	bd14c3bf	complete	false	false	0	1	NA	id	
ARC1	evaluation	bd14c3bf	grid_d2	false	false	0	1	false		
ARC1	evaluation	bd14c3bf	objects	false	false	0	1	false		
ARC1	evaluation	bd14c3bf	grid_objects	false	false	0	1	false		
ARC1	evaluation	a096bf4d	complete	false	false	0	1	NA	id	
ARC1	evaluation	a096bf4d	grid_d2	false	false	0	1	false		
ARC1	evaluation	a096bf4d	objects	false	false	0	1	false		
ARC1	evaluation	a096bf4d	grid_objects	false	false	0	1	false		
ARC1	evaluation	18419cfa	complete	false	false	0	1	NA	id	
ARC1	evaluation	18419cfa	grid_d2	false	false	0	1	false		
ARC1	evaluation	18419cfa	objects	false	false	0	1	false		
ARC1	evaluation	18419cfa	grid_objects	false	false	0	1	false		
ARC1	training	d9f24cd1	complete	false	false	0	1	NA	id	
ARC1	training	d9f24cd1	grid_d2	false	false	0	1	false		
ARC1	training	d9f24cd1	objects	false	false	0	1	false		
ARC1	training	d9f24cd1	grid_objects	false	false	0	1	false		
ARC1	training	a78176bb	complete	false	false	0	1	NA	id	
ARC1	training	a78176bb	grid_d2	false	false	0	1	false		
ARC1	training	a78176bb	objects	false	false	0	1	false		
ARC1	training	a78176bb	grid_objects	false	false	0	1	false		
ARC1	evaluation	8fbca751	complete	false	false	0	1	NA	id	
ARC1	evaluation	8fbca751	grid_d2	false	false	0	1	false		
ARC1	evaluation	8fbca751	objects	false	false	0	1	false		
ARC1	evaluation	8fbca751	grid_objects	false	false	0	1	false		
ARC1	training	32597951	complete	false	false	0	1	NA	id	
ARC1	training	32597951	grid_d2	false	false	0	1	false		
ARC1	training	32597951	objects	false	false	0	1	false		
ARC1	training	32597951	grid_objects	false	false	0	1	false		
ARC1	training	952a094c	complete	false	false	0	1	NA	id	
ARC1	training	952a094c	grid_d2	false	false	0	1	false		
ARC1	training	952a094c	objects	false	false	0	1	false		
ARC1	training	952a094c	grid_objects	false	false	0	1	false		
ARC1	training	b0c4d837	complete	false	false	0	1	NA	id	
ARC1	training	b0c4d837	grid_d2	false	false	0	1	false		
ARC1	training	b0c4d837	objects	false	false	0	1	false		
ARC1	training	b0c4d837	grid_objects	false	false	0	1	false		
ARC1	evaluation	62b74c02	complete	false	false	0	1	NA	id	
ARC1	evaluation	62b74c02	grid_d2	false	false	0	1	false		
ARC1	evaluation	62b74c02	objects	false	false	0	1	false		
ARC1	evaluation	62b74c02	grid_objects	false	false	0	1	false		
ARC1	training	a85d4709	complete	false	false	0	1	NA	id	
ARC1	training	a85d4709	grid_d2	false	false	0	1	false		
ARC1	training	a85d4709	objects	false	false	0	1	false		
ARC1	training	a85d4709	grid_objects	false	false	0	1	false		
ARC1	evaluation	73ccf9c2	complete	false	false	0	1	NA	id	
ARC1	evaluation	73ccf9c2	grid_d2	false	false	0	1	false		
ARC1	evaluation	73ccf9c2	objects	false	false	0	1	false		
ARC1	evaluation	73ccf9c2	grid_objects	false	false	0	1	false		
ARC1	evaluation	f4081712	complete	false	false	0	1	NA	id	
ARC1	evaluation	f4081712	grid_d2	false	false	0	1	false		
ARC1	evaluation	f4081712	objects	false	false	0	1	false		
ARC1	evaluation	f4081712	grid_objects	false	false	0	1	false		
ARC1	training	6f8cd79b	complete	false	false	0	1	NA	id	
ARC1	training	6f8cd79b	grid_d2	false	false	0	1	false		
ARC1	training	6f8cd79b	objects	false	false	0	1	false		
ARC1	training	6f8cd79b	grid_objects	false	false	0	1	false		
ARC1	training	6e19193c	complete	false	false	0	1	NA	id	
ARC1	training	6e19193c	grid_d2	false	false	0	1	false		
ARC1	training	6e19193c	objects	false	false	0	1	false		
ARC1	training	6e19193c	grid_objects	false	false	0	1	false		
ARC1	evaluation	fd4b2b02	complete	false	false	0	1	NA	id	
ARC1	evaluation	fd4b2b02	grid_d2	false	false	0	1	false		
ARC1	evaluation	fd4b2b02	objects	false	false	0	1	false		
ARC1	evaluation	fd4b2b02	grid_objects	false	false	0	1	false		
ARC1	evaluation	e9c9d9a1	complete	false	false	0	1	NA	id	
ARC1	evaluation	e9c9d9a1	grid_d2	false	false	0	1	false		
ARC1	evaluation	e9c9d9a1	objects	false	false	0	1	false		
ARC1	evaluation	e9c9d9a1	grid_objects	false	false	0	1	false		
ARC1	training	67385a82	complete	false	false	0	1	NA	id	
ARC1	training	67385a82	grid_d2	false	false	0	1	false		
ARC1	training	67385a82	objects	true	false	0	1	false	zero-4-mono / Widest / Recolour(8) / Original	
ARC1	training	67385a82	grid_objects	true	false	0	1	false	zero-4-mono / Widest / Recolour(8) / Original	
ARC1	evaluation	40f6cd08	complete	false	false	0	1	NA	id	
ARC1	evaluation	40f6cd08	grid_d2	false	false	0	1	false		
ARC1	evaluation	40f6cd08	objects	false	false	0	1	false		
ARC1	evaluation	40f6cd08	grid_objects	false	false	0	1	false		
ARC1	evaluation	136b0064	complete	false	false	0	1	NA	id	
ARC1	evaluation	136b0064	grid_d2	false	false	0	1	false		
ARC1	evaluation	136b0064	objects	false	false	0	1	false		
ARC1	evaluation	136b0064	grid_objects	false	false	0	1	false		
ARC1	evaluation	a8610ef7	complete	false	false	0	1	NA	id	
ARC1	evaluation	a8610ef7	grid_d2	false	false	0	1	false		
ARC1	evaluation	a8610ef7	objects	false	false	0	1	false		
ARC1	evaluation	a8610ef7	grid_objects	false	false	0	1	false		
ARC1	evaluation	0becf7df	complete	false	false	0	1	NA	id	
ARC1	evaluation	0becf7df	grid_d2	false	false	0	1	false		
ARC1	evaluation	0becf7df	objects	false	false	0	1	false		
ARC1	evaluation	0becf7df	grid_objects	false	false	0	1	false		
ARC1	training	b8825c91	complete	true	true	1	1	NA	recolour 4 0 ; symmetrize4	
ARC1	training	b8825c91	grid_d2	true	false	0	1	true	recolour 4 0 ; symmetrizeH	recolour 4 0 ; symmetrize4
ARC1	training	b8825c91	objects	false	false	0	1	false		
ARC1	training	b8825c91	grid_objects	true	false	0	1	true	recolour 4 0 ; symmetrizeH	recolour 4 0 ; symmetrize4
ARC1	training	5bd6f4ac	complete	false	false	0	1	NA	id	
ARC1	training	5bd6f4ac	grid_d2	false	false	0	1	false		
ARC1	training	5bd6f4ac	objects	false	false	0	1	false		
ARC1	training	5bd6f4ac	grid_objects	false	false	0	1	false		
ARC1	training	2dd70a9a	complete	false	false	0	1	NA	id	
ARC1	training	2dd70a9a	grid_d2	false	false	0	1	false		
ARC1	training	2dd70a9a	objects	false	false	0	1	false		
ARC1	training	2dd70a9a	grid_objects	false	false	0	1	false		
ARC1	evaluation	13713586	complete	false	false	0	1	NA	id	
ARC1	evaluation	13713586	grid_d2	false	false	0	1	false		
ARC1	evaluation	13713586	objects	false	false	0	1	false		
ARC1	evaluation	13713586	grid_objects	false	false	0	1	false		
ARC1	training	0dfd9992	complete	false	false	0	1	NA	id	
ARC1	training	0dfd9992	grid_d2	false	false	0	1	false		
ARC1	training	0dfd9992	objects	false	false	0	1	false		
ARC1	training	0dfd9992	grid_objects	false	false	0	1	false		
ARC1	training	810b9b61	complete	false	false	0	1	NA	id	
ARC1	training	810b9b61	grid_d2	false	false	0	1	false		
ARC1	training	810b9b61	objects	false	false	0	1	false		
ARC1	training	810b9b61	grid_objects	false	false	0	1	false		
ARC1	evaluation	da2b0fe3	complete	false	false	0	2	NA	id	
ARC1	evaluation	da2b0fe3	grid_d2	false	false	0	2	false		
ARC1	evaluation	da2b0fe3	objects	false	false	0	2	false		
ARC1	evaluation	da2b0fe3	grid_objects	false	false	0	2	false		
ARC1	evaluation	b1fc8b8e	complete	false	false	0	2	NA	id	
ARC1	evaluation	b1fc8b8e	grid_d2	false	false	0	2	false		
ARC1	evaluation	b1fc8b8e	objects	false	false	0	2	false		
ARC1	evaluation	b1fc8b8e	grid_objects	false	false	0	2	false		
ARC1	training	045e512c	complete	false	false	0	1	NA	id	
ARC1	training	045e512c	grid_d2	false	false	0	1	false		
ARC1	training	045e512c	objects	false	false	0	1	false		
ARC1	training	045e512c	grid_objects	false	false	0	1	false		
ARC1	evaluation	85b81ff1	complete	false	false	0	1	NA	id	
ARC1	evaluation	85b81ff1	grid_d2	false	false	0	1	false		
ARC1	evaluation	85b81ff1	objects	false	false	0	1	false		
ARC1	evaluation	85b81ff1	grid_objects	false	false	0	1	false		
ARC1	evaluation	ac0c5833	complete	false	false	0	1	NA	id	
ARC1	evaluation	ac0c5833	grid_d2	false	false	0	1	false		
ARC1	evaluation	ac0c5833	objects	false	false	0	1	false		
ARC1	evaluation	ac0c5833	grid_objects	false	false	0	1	false		
ARC1	evaluation	8b28cd80	complete	false	false	0	2	NA	id	
ARC1	evaluation	8b28cd80	grid_d2	false	false	0	2	false		
ARC1	evaluation	8b28cd80	objects	false	false	0	2	false		
ARC1	evaluation	8b28cd80	grid_objects	false	false	0	2	false		
ARC1	training	50846271	complete	false	false	0	1	NA	id	
ARC1	training	50846271	grid_d2	false	false	0	1	false		
ARC1	training	50846271	objects	false	false	0	1	false		
ARC1	training	50846271	grid_objects	false	false	0	1	false		
ARC1	training	ff28f65a	complete	false	false	0	3	NA	id	
ARC1	training	ff28f65a	grid_d2	false	false	0	3	false		
ARC1	training	ff28f65a	objects	false	false	0	3	false		
ARC1	training	ff28f65a	grid_objects	false	false	0	3	false		
ARC1	training	b94a9452	complete	false	false	0	1	NA	id	
ARC1	training	b94a9452	grid_d2	false	false	0	1	false		
ARC1	training	b94a9452	objects	false	false	0	1	false		
ARC1	training	b94a9452	grid_objects	false	false	0	1	false		
ARC1	training	0a938d79	complete	false	false	0	1	NA	id	
ARC1	training	0a938d79	grid_d2	false	false	0	1	false		
ARC1	training	0a938d79	objects	false	false	0	1	false		
ARC1	training	0a938d79	grid_objects	false	false	0	1	false		
ARC1	training	5c0a986e	complete	false	false	0	1	NA	id	
ARC1	training	5c0a986e	grid_d2	false	false	0	1	false		
ARC1	training	5c0a986e	objects	false	false	0	1	false		
ARC1	training	5c0a986e	grid_objects	false	false	0	1	false		
ARC1	evaluation	7bb29440	complete	false	false	0	1	NA	cropLargest	
ARC1	evaluation	7bb29440	grid_d2	false	false	0	1	false		
ARC1	evaluation	7bb29440	objects	false	false	0	1	false		
ARC1	evaluation	7bb29440	grid_objects	false	false	0	1	false		
ARC1	training	623ea044	complete	false	false	0	1	NA	id	
ARC1	training	623ea044	grid_d2	false	false	0	1	false		
ARC1	training	623ea044	objects	false	false	0	1	false		
ARC1	training	623ea044	grid_objects	false	false	0	1	false		
ARC1	training	27a28665	complete	false	false	0	3	NA	id	
ARC1	training	27a28665	grid_d2	false	false	0	3	false		
ARC1	training	27a28665	objects	false	false	0	3	false		
ARC1	training	27a28665	grid_objects	false	false	0	3	false		
ARC1	training	d9fac9be	complete	true	false	0	1	NA	shiftRight ; topHalf ; cropSmallest	
ARC1	training	d9fac9be	grid_d2	true	false	0	1	false	topHalf ; cropSmallest	
ARC1	training	d9fac9be	objects	false	false	0	1	false		
ARC1	training	d9fac9be	grid_objects	true	false	0	1	false	topHalf ; cropSmallest	
ARC1	training	3ac3eb23	complete	false	false	0	1	NA	id	
ARC1	training	3ac3eb23	grid_d2	false	false	0	1	false		
ARC1	training	3ac3eb23	objects	false	false	0	1	false		
ARC1	training	3ac3eb23	grid_objects	false	false	0	1	false		
ARC1	evaluation	070dd51e	complete	false	false	0	1	NA	id	
ARC1	evaluation	070dd51e	grid_d2	false	false	0	1	false		
ARC1	evaluation	070dd51e	objects	false	false	0	1	false		
ARC1	evaluation	070dd51e	grid_objects	false	false	0	1	false		
ARC1	evaluation	66e6c45b	complete	false	false	0	1	NA	id	
ARC1	evaluation	66e6c45b	grid_d2	false	false	0	1	false		
ARC1	evaluation	66e6c45b	objects	false	false	0	1	false		
ARC1	evaluation	66e6c45b	grid_objects	false	false	0	1	false		
ARC1	evaluation	90347967	complete	false	false	0	1	NA	rot180	
ARC1	evaluation	90347967	grid_d2	false	false	0	1	false		
ARC1	evaluation	90347967	objects	false	false	0	1	false		
ARC1	evaluation	90347967	grid_objects	false	false	0	1	false		
ARC1	evaluation	b457fec5	complete	false	false	0	1	NA	id	
ARC1	evaluation	b457fec5	grid_d2	false	false	0	1	false		
ARC1	evaluation	b457fec5	objects	false	false	0	1	false		
ARC1	evaluation	b457fec5	grid_objects	false	false	0	1	false		
ARC1	evaluation	0c9aba6e	complete	true	true	1	1	NA	splitV nor 8	
ARC1	evaluation	0c9aba6e	grid_d2	true	true	1	1	true	splitV nor 8	splitV nor 8
ARC1	evaluation	0c9aba6e	objects	false	false	0	1	false		
ARC1	evaluation	0c9aba6e	grid_objects	true	true	1	1	true	splitV nor 8	splitV nor 8
ARC1	training	7f4411dc	complete	false	false	0	1	NA	id	
ARC1	training	7f4411dc	grid_d2	false	false	0	1	false		
ARC1	training	7f4411dc	objects	false	false	0	1	false		
ARC1	training	7f4411dc	grid_objects	false	false	0	1	false		
ARC1	training	7468f01a	complete	true	true	1	1	NA	flipH ; cropBBox	
ARC1	training	7468f01a	grid_d2	true	true	1	1	true	flipH ; cropBBox	flipH ; cropBBox
ARC1	training	7468f01a	objects	true	true	1	1	true	zero-4-multi / All / MirrorH / Crop	zero-4-multi / All / MirrorH / Crop
ARC1	training	7468f01a	grid_objects	true	true	1	1	true	flipH ; cropBBox	flipH ; cropBBox
ARC1	training	ce9e57f2	complete	false	false	0	1	NA	id	
ARC1	training	ce9e57f2	grid_d2	false	false	0	1	false		
ARC1	training	ce9e57f2	objects	false	false	0	1	false		
ARC1	training	ce9e57f2	grid_objects	false	false	0	1	false		
ARC1	training	67e8384a	complete	true	true	1	1	NA	mirror4	
ARC1	training	67e8384a	grid_d2	true	true	1	1	true	mirror4	mirror4
ARC1	training	67e8384a	objects	false	false	0	1	false		
ARC1	training	67e8384a	grid_objects	true	true	1	1	true	mirror4	mirror4
ARC1	training	88a62173	complete	false	false	0	1	NA	cropLargest	
ARC1	training	88a62173	grid_d2	false	false	0	1	false		
ARC1	training	88a62173	objects	true	true	1	1	true	zero-8-mono / UniqueShape / Identity / Crop	zero-8-mono / UniqueShape / Identity / Crop
ARC1	training	88a62173	grid_objects	true	true	1	1	true	zero-8-mono / UniqueShape / Identity / Crop	zero-8-mono / UniqueShape / Identity / Crop
ARC1	training	8efcae92	complete	false	false	0	1	NA	bottomHalf ; cropLargest	
ARC1	training	8efcae92	grid_d2	false	false	0	1	false		
ARC1	training	8efcae92	objects	false	false	0	1	false		
ARC1	training	8efcae92	grid_objects	false	false	0	1	false		
ARC1	training	e3497940	complete	true	true	1	1	NA	symmetrizeH ; leftHalf	
ARC1	training	e3497940	grid_d2	true	true	1	1	true	symmetrizeH ; leftHalf	symmetrizeH ; leftHalf
ARC1	training	e3497940	objects	false	false	0	1	false		
ARC1	training	e3497940	grid_objects	true	true	1	1	true	symmetrizeH ; leftHalf	symmetrizeH ; leftHalf
ARC1	training	2bee17df	complete	false	false	0	1	NA	id	
ARC1	training	2bee17df	grid_d2	false	false	0	1	false		
ARC1	training	2bee17df	objects	false	false	0	1	false		
ARC1	training	2bee17df	grid_objects	false	false	0	1	false		
ARC1	training	272f95fa	complete	false	false	0	1	NA	id	
ARC1	training	272f95fa	grid_d2	false	false	0	1	false		
ARC1	training	272f95fa	objects	false	false	0	1	false		
ARC1	training	272f95fa	grid_objects	false	false	0	1	false		
ARC1	evaluation	9b4c17c4	complete	false	false	0	2	NA	id	
ARC1	evaluation	9b4c17c4	grid_d2	false	false	0	2	false		
ARC1	evaluation	9b4c17c4	objects	false	false	0	2	false		
ARC1	evaluation	9b4c17c4	grid_objects	false	false	0	2	false		
ARC1	evaluation	d4c90558	complete	false	false	0	1	NA	id	
ARC1	evaluation	d4c90558	grid_d2	false	false	0	1	false		
ARC1	evaluation	d4c90558	objects	false	false	0	1	false		
ARC1	evaluation	d4c90558	grid_objects	false	false	0	1	false		
ARC1	evaluation	a406ac07	complete	false	false	0	1	NA	id	
ARC1	evaluation	a406ac07	grid_d2	false	false	0	1	false		
ARC1	evaluation	a406ac07	objects	false	false	0	1	false		
ARC1	evaluation	a406ac07	grid_objects	false	false	0	1	false		
ARC1	training	bbc9ae5d	complete	false	false	0	1	NA	id	
ARC1	training	bbc9ae5d	grid_d2	false	false	0	1	false		
ARC1	training	bbc9ae5d	objects	false	false	0	1	false		
ARC1	training	bbc9ae5d	grid_objects	false	false	0	1	false		
ARC1	training	b2862040	complete	false	false	0	1	NA	id	
ARC1	training	b2862040	grid_d2	false	false	0	1	false		
ARC1	training	b2862040	objects	false	false	0	1	false		
ARC1	training	b2862040	grid_objects	false	false	0	1	false		
ARC1	evaluation	8597cfd7	complete	false	false	0	1	NA	id	
ARC1	evaluation	8597cfd7	grid_d2	false	false	0	1	false		
ARC1	evaluation	8597cfd7	objects	false	false	0	1	false		
ARC1	evaluation	8597cfd7	grid_objects	false	false	0	1	false		
ARC1	evaluation	b942fd60	complete	false	false	0	1	NA	id	
ARC1	evaluation	b942fd60	grid_d2	false	false	0	1	false		
ARC1	evaluation	b942fd60	objects	false	false	0	1	false		
ARC1	evaluation	b942fd60	grid_objects	false	false	0	1	false		
ARC1	training	6e02f1e3	complete	false	false	0	1	NA	id	
ARC1	training	6e02f1e3	grid_d2	false	false	0	1	false		
ARC1	training	6e02f1e3	objects	false	false	0	1	false		
ARC1	training	6e02f1e3	grid_objects	false	false	0	1	false		
ARC1	evaluation	69889d6e	complete	false	false	0	1	NA	id	
ARC1	evaluation	69889d6e	grid_d2	false	false	0	1	false		
ARC1	evaluation	69889d6e	objects	false	false	0	1	false		
ARC1	evaluation	69889d6e	grid_objects	false	false	0	1	false		
ARC1	training	31aa019c	complete	false	false	0	1	NA	id	
ARC1	training	31aa019c	grid_d2	false	false	0	1	false		
ARC1	training	31aa019c	objects	false	false	0	1	false		
ARC1	training	31aa019c	grid_objects	false	false	0	1	false		
ARC1	evaluation	f5aa3634	complete	false	true	1	1	NA	cropLargest	
ARC1	evaluation	f5aa3634	grid_d2	false	false	0	1	false		
ARC1	evaluation	f5aa3634	objects	false	false	0	1	false		
ARC1	evaluation	f5aa3634	grid_objects	false	false	0	1	false		
ARC1	training	ea786f4a	complete	false	false	0	1	NA	id	
ARC1	training	ea786f4a	grid_d2	false	false	0	1	false		
ARC1	training	ea786f4a	objects	false	false	0	1	false		
ARC1	training	ea786f4a	grid_objects	false	false	0	1	false		
ARC1	evaluation	bcb3040b	complete	false	false	0	1	NA	id	
ARC1	evaluation	bcb3040b	grid_d2	false	false	0	1	false		
ARC1	evaluation	bcb3040b	objects	false	false	0	1	false		
ARC1	evaluation	bcb3040b	grid_objects	false	false	0	1	false		
ARC1	training	d4a91cb9	complete	false	false	0	1	NA	id	
ARC1	training	d4a91cb9	grid_d2	false	false	0	1	false		
ARC1	training	d4a91cb9	objects	false	false	0	1	false		
ARC1	training	d4a91cb9	grid_objects	false	false	0	1	false		
ARC1	evaluation	423a55dc	complete	false	false	0	1	NA	id	
ARC1	evaluation	423a55dc	grid_d2	false	false	0	1	false		
ARC1	evaluation	423a55dc	objects	false	false	0	1	false		
ARC1	evaluation	423a55dc	grid_objects	false	false	0	1	false		
ARC1	training	82819916	complete	false	false	0	1	NA	id	
ARC1	training	82819916	grid_d2	false	false	0	1	false		
ARC1	training	82819916	objects	false	false	0	1	false		
ARC1	training	82819916	grid_objects	false	false	0	1	false		
ARC1	training	dae9d2b5	complete	true	true	2	2	NA	splitH or 6	
ARC1	training	dae9d2b5	grid_d2	true	true	2	2	true	splitH or 6	splitH or 6
ARC1	training	dae9d2b5	objects	false	false	0	2	false		
ARC1	training	dae9d2b5	grid_objects	true	true	2	2	true	splitH or 6	splitH or 6
ARC1	training	995c5fa3	complete	false	false	0	1	NA	id	
ARC1	training	995c5fa3	grid_d2	false	false	0	1	false		
ARC1	training	995c5fa3	objects	false	false	0	1	false		
ARC1	training	995c5fa3	grid_objects	false	false	0	1	false		
ARC1	training	3befdf3e	complete	false	false	0	1	NA	id	
ARC1	training	3befdf3e	grid_d2	false	false	0	1	false		
ARC1	training	3befdf3e	objects	false	false	0	1	false		
ARC1	training	3befdf3e	grid_objects	false	false	0	1	false		
ARC1	training	4be741c5	complete	false	false	0	1	NA	id	
ARC1	training	4be741c5	grid_d2	false	false	0	1	false		
ARC1	training	4be741c5	objects	false	false	0	1	false		
ARC1	training	4be741c5	grid_objects	false	false	0	1	false		
ARC1	training	9172f3a0	complete	true	true	1	1	NA	scale 3	
ARC1	training	9172f3a0	grid_d2	true	true	1	1	true	scale 3	scale 3
ARC1	training	9172f3a0	objects	false	false	0	1	false		
ARC1	training	9172f3a0	grid_objects	true	true	1	1	true	scale 3	scale 3
ARC1	evaluation	642d658d	complete	false	false	0	1	NA	id	
ARC1	evaluation	642d658d	grid_d2	false	false	0	1	false		
ARC1	evaluation	642d658d	objects	false	false	0	1	false		
ARC1	evaluation	642d658d	grid_objects	false	false	0	1	false		
ARC1	training	a3325580	complete	false	false	0	1	NA	cropLargest	
ARC1	training	a3325580	grid_d2	false	false	0	1	false		
ARC1	training	a3325580	objects	false	false	0	1	false		
ARC1	training	a3325580	grid_objects	false	false	0	1	false		
ARC1	training	90f3ed37	complete	false	false	0	1	NA	id	
ARC1	training	90f3ed37	grid_d2	false	false	0	1	false		
ARC1	training	90f3ed37	objects	false	false	0	1	false		
ARC1	training	90f3ed37	grid_objects	false	false	0	1	false		
ARC1	evaluation	58743b76	complete	false	false	0	1	NA	id	
ARC1	evaluation	58743b76	grid_d2	false	false	0	1	false		
ARC1	evaluation	58743b76	objects	false	false	0	1	false		
ARC1	evaluation	58743b76	grid_objects	false	false	0	1	false		
ARC1	training	a79310a0	complete	true	true	1	1	NA	shiftDown ; recolour 8 2	
ARC1	training	a79310a0	grid_d2	true	true	1	1	true	shiftDown ; recolour 8 2	shiftDown ; recolour 8 2
ARC1	training	a79310a0	objects	false	false	0	1	false		
ARC1	training	a79310a0	grid_objects	true	true	1	1	true	shiftDown ; recolour 8 2	shiftDown ; recolour 8 2
ARC1	evaluation	50f325b5	complete	false	false	0	1	NA	id	
ARC1	evaluation	50f325b5	grid_d2	false	false	0	1	false		
ARC1	evaluation	50f325b5	objects	false	false	0	1	false		
ARC1	evaluation	50f325b5	grid_objects	false	false	0	1	false		
ARC1	training	5c2c9af4	complete	false	false	0	1	NA	id	
ARC1	training	5c2c9af4	grid_d2	false	false	0	1	false		
ARC1	training	5c2c9af4	objects	false	false	0	1	false		
ARC1	training	5c2c9af4	grid_objects	false	false	0	1	false		
ARC1	training	caa06a1f	complete	false	false	0	1	NA	id	
ARC1	training	caa06a1f	grid_d2	false	false	0	1	false		
ARC1	training	caa06a1f	objects	false	false	0	1	false		
ARC1	training	caa06a1f	grid_objects	false	false	0	1	false		
ARC1	training	ff805c23	complete	false	false	0	1	NA	id	
ARC1	training	ff805c23	grid_d2	false	false	0	1	false		
ARC1	training	ff805c23	objects	false	false	0	1	false		
ARC1	training	ff805c23	grid_objects	false	false	0	1	false		
ARC1	training	a48eeaf7	complete	false	false	0	1	NA	id	
ARC1	training	a48eeaf7	grid_d2	false	false	0	1	false		
ARC1	training	a48eeaf7	objects	false	false	0	1	false		
ARC1	training	a48eeaf7	grid_objects	false	false	0	1	false		
ARC1	evaluation	e6de6e8f	complete	false	false	0	1	NA	id	
ARC1	evaluation	e6de6e8f	grid_d2	false	false	0	1	false		
ARC1	evaluation	e6de6e8f	objects	false	false	0	1	false		
ARC1	evaluation	e6de6e8f	grid_objects	false	false	0	1	false		
ARC1	evaluation	55059096	complete	false	false	0	1	NA	id	
ARC1	evaluation	55059096	grid_d2	false	false	0	1	false		
ARC1	evaluation	55059096	objects	false	false	0	1	false		
ARC1	evaluation	55059096	grid_objects	false	false	0	1	false		
ARC1	evaluation	45bbe264	complete	false	false	0	1	NA	id	
ARC1	evaluation	45bbe264	grid_d2	false	false	0	1	false		
ARC1	evaluation	45bbe264	objects	false	false	0	1	false		
ARC1	evaluation	45bbe264	grid_objects	false	false	0	1	false		
ARC1	training	c8cbb738	complete	false	false	0	1	NA	id	
ARC1	training	c8cbb738	grid_d2	false	false	0	1	false		
ARC1	training	c8cbb738	objects	false	false	0	1	false		
ARC1	training	c8cbb738	grid_objects	false	false	0	1	false		
ARC1	training	77fdfe62	complete	false	false	0	1	NA	id	
ARC1	training	77fdfe62	grid_d2	false	false	0	1	false		
ARC1	training	77fdfe62	objects	false	false	0	1	false		
ARC1	training	77fdfe62	grid_objects	false	false	0	1	false		
ARC1	evaluation	50aad11f	complete	false	false	0	1	NA	id	
ARC1	evaluation	50aad11f	grid_d2	false	false	0	1	false		
ARC1	evaluation	50aad11f	objects	false	false	0	1	false		
ARC1	evaluation	50aad11f	grid_objects	false	false	0	1	false		
ARC1	training	d23f8c26	complete	false	false	0	1	NA	id	
ARC1	training	d23f8c26	grid_d2	false	false	0	1	false		
ARC1	training	d23f8c26	objects	false	false	0	1	false		
ARC1	training	d23f8c26	grid_objects	false	false	0	1	false		
ARC1	evaluation	60a26a3e	complete	false	false	0	1	NA	id	
ARC1	evaluation	60a26a3e	grid_d2	false	false	0	1	false		
ARC1	evaluation	60a26a3e	objects	false	false	0	1	false		
ARC1	evaluation	60a26a3e	grid_objects	false	false	0	1	false		
ARC1	evaluation	ea959feb	complete	false	false	0	1	NA	id	
ARC1	evaluation	ea959feb	grid_d2	false	false	0	1	false		
ARC1	evaluation	ea959feb	objects	false	false	0	1	false		
ARC1	evaluation	ea959feb	grid_objects	false	false	0	1	false		
ARC1	evaluation	42918530	complete	false	false	0	1	NA	id	
ARC1	evaluation	42918530	grid_d2	false	false	0	1	false		
ARC1	evaluation	42918530	objects	false	false	0	1	false		
ARC1	evaluation	42918530	grid_objects	false	false	0	1	false		
ARC1	training	2281f1f4	complete	false	false	0	1	NA	id	
ARC1	training	2281f1f4	grid_d2	false	false	0	1	false		
ARC1	training	2281f1f4	objects	false	false	0	1	false		
ARC1	training	2281f1f4	grid_objects	false	false	0	1	false		
ARC1	training	662c240a	complete	false	false	0	1	NA	id	
ARC1	training	662c240a	grid_d2	false	false	0	1	false		
ARC1	training	662c240a	objects	false	false	0	1	false		
ARC1	training	662c240a	grid_objects	false	false	0	1	false		
ARC1	evaluation	84f2aca1	complete	false	false	0	1	NA	fillEnclosed 5	
ARC1	evaluation	84f2aca1	grid_d2	false	false	0	1	false		
ARC1	evaluation	84f2aca1	objects	false	false	0	1	false		
ARC1	evaluation	84f2aca1	grid_objects	false	false	0	1	false		
ARC1	training	2204b7a8	complete	false	false	0	1	NA	id	
ARC1	training	2204b7a8	grid_d2	false	false	0	1	false		
ARC1	training	2204b7a8	objects	false	false	0	1	false		
ARC1	training	2204b7a8	grid_objects	false	false	0	1	false		
ARC1	training	a65b410d	complete	false	false	0	1	NA	id	
ARC1	training	a65b410d	grid_d2	false	false	0	1	false		
ARC1	training	a65b410d	objects	false	false	0	1	false		
ARC1	training	a65b410d	grid_objects	false	false	0	1	false		
ARC1	training	e8593010	complete	false	false	0	1	NA	id	
ARC1	training	e8593010	grid_d2	false	false	0	1	false		
ARC1	training	e8593010	objects	false	false	0	1	false		
ARC1	training	e8593010	grid_objects	false	false	0	1	false		
ARC1	evaluation	33b52de3	complete	false	false	0	1	NA	id	
ARC1	evaluation	33b52de3	grid_d2	false	false	0	1	false		
ARC1	evaluation	33b52de3	objects	false	false	0	1	false		
ARC1	evaluation	33b52de3	grid_objects	false	false	0	1	false		
ARC1	training	4c4377d9	complete	true	true	1	1	NA	flipV ; vconcatFlip	
ARC1	training	4c4377d9	grid_d2	true	true	1	1	true	flipV ; vconcatFlip	flipV ; vconcatFlip
ARC1	training	4c4377d9	objects	false	false	0	1	false		
ARC1	training	4c4377d9	grid_objects	true	true	1	1	true	flipV ; vconcatFlip	flipV ; vconcatFlip
ARC1	training	d687bc17	complete	false	false	0	1	NA	id	
ARC1	training	d687bc17	grid_d2	false	false	0	1	false		
ARC1	training	d687bc17	objects	false	false	0	1	false		
ARC1	training	d687bc17	grid_objects	false	false	0	1	false		
ARC1	evaluation	20818e16	complete	false	false	0	1	NA	id	
ARC1	evaluation	20818e16	grid_d2	false	false	0	1	false		
ARC1	evaluation	20818e16	objects	false	false	0	1	false		
ARC1	evaluation	20818e16	grid_objects	false	false	0	1	false		
ARC1	training	95990924	complete	false	false	0	1	NA	id	
ARC1	training	95990924	grid_d2	false	false	0	1	false		
ARC1	training	95990924	objects	false	false	0	1	false		
ARC1	training	95990924	grid_objects	false	false	0	1	false		
ARC1	evaluation	e1d2900e	complete	false	false	0	1	NA	id	
ARC1	evaluation	e1d2900e	grid_d2	false	false	0	1	false		
ARC1	evaluation	e1d2900e	objects	false	false	0	1	false		
ARC1	evaluation	e1d2900e	grid_objects	false	false	0	1	false		
ARC1	training	7df24a62	complete	false	false	0	1	NA	id	
ARC1	training	7df24a62	grid_d2	false	false	0	1	false		
ARC1	training	7df24a62	objects	false	false	0	1	false		
ARC1	training	7df24a62	grid_objects	false	false	0	1	false		
ARC1	training	3f7978a0	complete	false	false	0	1	NA	id	
ARC1	training	3f7978a0	grid_d2	false	false	0	1	false		
ARC1	training	3f7978a0	objects	false	false	0	1	false		
ARC1	training	3f7978a0	grid_objects	false	false	0	1	false		
ARC1	evaluation	cd3c21df	complete	true	true	1	1	NA	recolour 5 3 ; removeColour 3 ; cropLargest	
ARC1	evaluation	cd3c21df	grid_d2	false	false	0	1	false		
ARC1	evaluation	cd3c21df	objects	true	true	1	1	true	zero-4-multi / UniqueColour / Identity / Crop	zero-4-multi / UniqueColour / Identity / Crop
ARC1	evaluation	cd3c21df	grid_objects	true	true	1	1	true	zero-4-multi / UniqueColour / Identity / Crop	zero-4-multi / UniqueColour / Identity / Crop
ARC1	evaluation	96a8c0cd	complete	false	false	0	1	NA	id	
ARC1	evaluation	96a8c0cd	grid_d2	false	false	0	1	false		
ARC1	evaluation	96a8c0cd	objects	false	false	0	1	false		
ARC1	evaluation	96a8c0cd	grid_objects	false	false	0	1	false		
ARC1	evaluation	ea9794b1	complete	false	false	0	1	NA	id	
ARC1	evaluation	ea9794b1	grid_d2	false	false	0	1	false		
ARC1	evaluation	ea9794b1	objects	false	false	0	1	false		
ARC1	evaluation	ea9794b1	grid_objects	false	false	0	1	false		
ARC1	training	5ad4f10b	complete	false	false	0	1	NA	id	
ARC1	training	5ad4f10b	grid_d2	false	false	0	1	false		
ARC1	training	5ad4f10b	objects	false	false	0	1	false		
ARC1	training	5ad4f10b	grid_objects	false	false	0	1	false		
ARC1	evaluation	929ab4e9	complete	true	true	1	1	NA	recolour 2 0 ; symmetrize4	
ARC1	evaluation	929ab4e9	grid_d2	true	true	1	1	true	recolour 2 0 ; symmetrize4	recolour 2 0 ; symmetrize4
ARC1	evaluation	929ab4e9	objects	false	false	0	1	false		
ARC1	evaluation	929ab4e9	grid_objects	true	true	1	1	true	recolour 2 0 ; symmetrize4	recolour 2 0 ; symmetrize4
ARC1	training	d364b489	complete	false	false	0	1	NA	id	
ARC1	training	d364b489	grid_d2	false	false	0	1	false		
ARC1	training	d364b489	objects	false	false	0	1	false		
ARC1	training	d364b489	grid_objects	false	false	0	1	false		
ARC1	training	855e0971	complete	false	false	0	1	NA	id	
ARC1	training	855e0971	grid_d2	false	false	0	1	false		
ARC1	training	855e0971	objects	false	false	0	1	false		
ARC1	training	855e0971	grid_objects	false	false	0	1	false		
ARC1	training	1f642eb9	complete	false	false	0	1	NA	id	
ARC1	training	1f642eb9	grid_d2	false	false	0	1	false		
ARC1	training	1f642eb9	objects	false	false	0	1	false		
ARC1	training	1f642eb9	grid_objects	false	false	0	1	false		
ARC1	evaluation	b0722778	complete	false	false	0	1	NA	id	
ARC1	evaluation	b0722778	grid_d2	false	false	0	1	false		
ARC1	evaluation	b0722778	objects	false	false	0	1	false		
ARC1	evaluation	b0722778	grid_objects	false	false	0	1	false		
ARC1	training	150deff5	complete	false	false	0	1	NA	id	
ARC1	training	150deff5	grid_d2	false	false	0	1	false		
ARC1	training	150deff5	objects	false	false	0	1	false		
ARC1	training	150deff5	grid_objects	false	false	0	1	false		
ARC1	training	d43fd935	complete	false	false	0	1	NA	id	
ARC1	training	d43fd935	grid_d2	false	false	0	1	false		
ARC1	training	d43fd935	objects	false	false	0	1	false		
ARC1	training	d43fd935	grid_objects	false	false	0	1	false		
ARC1	evaluation	79369cc6	complete	false	false	0	1	NA	id	
ARC1	evaluation	79369cc6	grid_d2	false	false	0	1	false		
ARC1	evaluation	79369cc6	objects	false	false	0	1	false		
ARC1	evaluation	79369cc6	grid_objects	false	false	0	1	false		
ARC1	evaluation	9ddd00f0	complete	true	true	1	1	NA	symmetrize4	
ARC1	evaluation	9ddd00f0	grid_d2	true	true	1	1	true	symmetrize4	symmetrize4
ARC1	evaluation	9ddd00f0	objects	false	false	0	1	false		
ARC1	evaluation	9ddd00f0	grid_objects	true	true	1	1	true	symmetrize4	symmetrize4
ARC1	training	7fe24cdd	complete	false	false	0	1	NA	id	
ARC1	training	7fe24cdd	grid_d2	false	false	0	1	false		
ARC1	training	7fe24cdd	objects	false	false	0	1	false		
ARC1	training	7fe24cdd	grid_objects	false	false	0	1	false		
ARC1	training	5daaa586	complete	false	false	0	1	NA	id	
ARC1	training	5daaa586	grid_d2	false	false	0	1	false		
ARC1	training	5daaa586	objects	false	false	0	1	false		
ARC1	training	5daaa586	grid_objects	false	false	0	1	false		
ARC1	training	0e206a2e	complete	false	false	0	1	NA	id	
ARC1	training	0e206a2e	grid_d2	false	false	0	1	false		
ARC1	training	0e206a2e	objects	false	false	0	1	false		
ARC1	training	0e206a2e	grid_objects	false	false	0	1	false		
ARC1	evaluation	93b4f4b3	complete	false	false	0	1	NA	id	
ARC1	evaluation	93b4f4b3	grid_d2	false	false	0	1	false		
ARC1	evaluation	93b4f4b3	objects	false	false	0	1	false		
ARC1	evaluation	93b4f4b3	grid_objects	false	false	0	1	false		
ARC1	training	39a8645d	complete	false	true	1	1	NA	cropLargest	
ARC1	training	39a8645d	grid_d2	false	false	0	1	false		
ARC1	training	39a8645d	objects	false	false	0	1	false		
ARC1	training	39a8645d	grid_objects	false	false	0	1	false		
ARC1	evaluation	12997ef3	complete	false	false	0	2	NA	id	
ARC1	evaluation	12997ef3	grid_d2	false	false	0	2	false		
ARC1	evaluation	12997ef3	objects	false	false	0	2	false		
ARC1	evaluation	12997ef3	grid_objects	false	false	0	2	false		
ARC1	evaluation	e9ac8c9e	complete	false	false	0	1	NA	id	
ARC1	evaluation	e9ac8c9e	grid_d2	false	false	0	1	false		
ARC1	evaluation	e9ac8c9e	objects	false	false	0	1	false		
ARC1	evaluation	e9ac8c9e	grid_objects	false	false	0	1	false		
ARC1	evaluation	b4a43f3b	complete	false	false	0	1	NA	id	
ARC1	evaluation	b4a43f3b	grid_d2	false	false	0	1	false		
ARC1	evaluation	b4a43f3b	objects	false	false	0	1	false		
ARC1	evaluation	b4a43f3b	grid_objects	false	false	0	1	false		
ARC1	evaluation	c074846d	complete	false	false	0	2	NA	id	
ARC1	evaluation	c074846d	grid_d2	false	false	0	2	false		
ARC1	evaluation	c074846d	objects	false	false	0	2	false		
ARC1	evaluation	c074846d	grid_objects	false	false	0	2	false		
ARC1	evaluation	c64f1187	complete	false	false	0	1	NA	id	
ARC1	evaluation	c64f1187	grid_d2	false	false	0	1	false		
ARC1	evaluation	c64f1187	objects	false	false	0	1	false		
ARC1	evaluation	c64f1187	grid_objects	false	false	0	1	false		
ARC1	training	d631b094	complete	true	true	1	1	NA	countRow	
ARC1	training	d631b094	grid_d2	true	true	1	1	true	countRow	countRow
ARC1	training	d631b094	objects	false	false	0	1	false		
ARC1	training	d631b094	grid_objects	true	true	1	1	true	countRow	countRow
ARC1	training	ce22a75a	complete	true	true	1	1	NA	recolour 5 1 ; box 1	
ARC1	training	ce22a75a	grid_d2	true	true	1	1	true	recolour 5 1 ; box 1	recolour 5 1 ; box 1
ARC1	training	ce22a75a	objects	false	false	0	1	false		
ARC1	training	ce22a75a	grid_objects	true	true	1	1	true	recolour 5 1 ; box 1	recolour 5 1 ; box 1
ARC1	evaluation	55783887	complete	false	false	0	1	NA	id	
ARC1	evaluation	55783887	grid_d2	false	false	0	1	false		
ARC1	evaluation	55783887	objects	false	false	0	1	false		
ARC1	evaluation	55783887	grid_objects	false	false	0	1	false		
ARC1	training	1a07d186	complete	false	false	0	1	NA	id	
ARC1	training	1a07d186	grid_d2	false	false	0	1	false		
ARC1	training	1a07d186	objects	false	false	0	1	false		
ARC1	training	1a07d186	grid_objects	false	false	0	1	false		
ARC1	evaluation	0d87d2a6	complete	false	false	0	1	NA	id	
ARC1	evaluation	0d87d2a6	grid_d2	false	false	0	1	false		
ARC1	evaluation	0d87d2a6	objects	false	false	0	1	false		
ARC1	evaluation	0d87d2a6	grid_objects	false	false	0	1	false		
ARC1	training	f8ff0b80	complete	false	false	0	1	NA	id	
ARC1	training	f8ff0b80	grid_d2	false	false	0	1	false		
ARC1	training	f8ff0b80	objects	false	false	0	1	false		
ARC1	training	f8ff0b80	grid_objects	false	false	0	1	false		
ARC1	training	3aa6fb7a	complete	false	false	0	1	NA	id	
ARC1	training	3aa6fb7a	grid_d2	false	false	0	1	false		
ARC1	training	3aa6fb7a	objects	false	false	0	1	false		
ARC1	training	3aa6fb7a	grid_objects	false	false	0	1	false		
ARC1	training	3c9b0459	complete	true	true	1	1	NA	rot180	
ARC1	training	3c9b0459	grid_d2	true	true	1	1	true	rot180	rot180
ARC1	training	3c9b0459	objects	false	false	0	1	false		
ARC1	training	3c9b0459	grid_objects	true	true	1	1	true	rot180	rot180
ARC1	training	6cf79266	complete	false	false	0	1	NA	id	
ARC1	training	6cf79266	grid_d2	false	false	0	1	false		
ARC1	training	6cf79266	objects	false	false	0	1	false		
ARC1	training	6cf79266	grid_objects	false	false	0	1	false		
ARC1	training	a416b8f3	complete	true	true	1	1	NA	hconcat	
ARC1	training	a416b8f3	grid_d2	true	true	1	1	true	hconcat	hconcat
ARC1	training	a416b8f3	objects	false	false	0	1	false		
ARC1	training	a416b8f3	grid_objects	true	true	1	1	true	hconcat	hconcat
ARC1	training	a64e4611	complete	false	false	0	1	NA	id	
ARC1	training	a64e4611	grid_d2	false	false	0	1	false		
ARC1	training	a64e4611	objects	false	false	0	1	false		
ARC1	training	a64e4611	grid_objects	false	false	0	1	false		
ARC1	evaluation	1c02dbbe	complete	false	false	0	1	NA	id	
ARC1	evaluation	1c02dbbe	grid_d2	false	false	0	1	false		
ARC1	evaluation	1c02dbbe	objects	false	false	0	1	false		
ARC1	evaluation	1c02dbbe	grid_objects	false	false	0	1	false		
ARC1	training	94f9d214	complete	true	true	1	1	NA	splitV nor 2	
ARC1	training	94f9d214	grid_d2	true	true	1	1	true	splitV nor 2	splitV nor 2
ARC1	training	94f9d214	objects	false	false	0	1	false		
ARC1	training	94f9d214	grid_objects	true	true	1	1	true	splitV nor 2	splitV nor 2
ARC1	training	f5b8619d	complete	false	false	0	1	NA	id	
ARC1	training	f5b8619d	grid_d2	false	false	0	1	false		
ARC1	training	f5b8619d	objects	false	false	0	1	false		
ARC1	training	f5b8619d	grid_objects	false	false	0	1	false		
ARC1	training	41e4d17e	complete	false	false	0	1	NA	id	
ARC1	training	41e4d17e	grid_d2	false	false	0	1	false		
ARC1	training	41e4d17e	objects	false	false	0	1	false		
ARC1	training	41e4d17e	grid_objects	false	false	0	1	false		
ARC1	evaluation	e74e1818	complete	false	false	0	1	NA	id	
ARC1	evaluation	e74e1818	grid_d2	false	false	0	1	false		
ARC1	evaluation	e74e1818	objects	false	false	0	1	false		
ARC1	evaluation	e74e1818	grid_objects	false	false	0	1	false		
ARC1	evaluation	0692e18c	complete	false	false	0	1	NA	id	
ARC1	evaluation	0692e18c	grid_d2	false	false	0	1	false		
ARC1	evaluation	0692e18c	objects	false	false	0	1	false		
ARC1	evaluation	0692e18c	grid_objects	false	false	0	1	false		
ARC1	evaluation	e69241bd	complete	false	false	0	1	NA	id	
ARC1	evaluation	e69241bd	grid_d2	false	false	0	1	false		
ARC1	evaluation	e69241bd	objects	false	false	0	1	false		
ARC1	evaluation	e69241bd	grid_objects	false	false	0	1	false		
ARC1	evaluation	92e50de0	complete	false	false	0	1	NA	id	
ARC1	evaluation	92e50de0	grid_d2	false	false	0	1	false		
ARC1	evaluation	92e50de0	objects	false	false	0	1	false		
ARC1	evaluation	92e50de0	grid_objects	false	false	0	1	false		
ARC1	training	496994bd	complete	true	true	1	1	NA	symmetrizeH ; symmetrizeV	
ARC1	training	496994bd	grid_d2	true	true	1	1	true	symmetrizeV	symmetrizeV
ARC1	training	496994bd	objects	false	false	0	1	false		
ARC1	training	496994bd	grid_objects	true	true	1	1	true	symmetrizeV	symmetrizeV
ARC1	training	97a05b5b	complete	false	false	0	1	NA	id	
ARC1	training	97a05b5b	grid_d2	false	false	0	1	false		
ARC1	training	97a05b5b	objects	false	false	0	1	false		
ARC1	training	97a05b5b	grid_objects	false	false	0	1	false		
ARC1	evaluation	695367ec	complete	false	false	0	1	NA	id	
ARC1	evaluation	695367ec	grid_d2	false	false	0	1	false		
ARC1	evaluation	695367ec	objects	false	false	0	1	false		
ARC1	evaluation	695367ec	grid_objects	false	false	0	1	false		
ARC1	training	928ad970	complete	false	false	0	1	NA	id	
ARC1	training	928ad970	grid_d2	false	false	0	1	false		
ARC1	training	928ad970	objects	false	false	0	1	false		
ARC1	training	928ad970	grid_objects	false	false	0	1	false		
ARC1	evaluation	15663ba9	complete	false	false	0	1	NA	id	
ARC1	evaluation	15663ba9	grid_d2	false	false	0	1	false		
ARC1	evaluation	15663ba9	objects	false	false	0	1	false		
ARC1	evaluation	15663ba9	grid_objects	false	false	0	1	false		
ARC1	training	39e1d7f9	complete	false	false	0	1	NA	id	
ARC1	training	39e1d7f9	grid_d2	false	false	0	1	false		
ARC1	training	39e1d7f9	objects	false	false	0	1	false		
ARC1	training	39e1d7f9	grid_objects	false	false	0	1	false		
ARC1	training	a68b268e	complete	false	false	0	1	NA	id	
ARC1	training	a68b268e	grid_d2	false	false	0	1	false		
ARC1	training	a68b268e	objects	false	false	0	1	false		
ARC1	training	a68b268e	grid_objects	false	false	0	1	false		
ARC1	evaluation	67c52801	complete	false	false	0	1	NA	id	
ARC1	evaluation	67c52801	grid_d2	false	false	0	1	false		
ARC1	evaluation	67c52801	objects	false	false	0	1	false		
ARC1	evaluation	67c52801	grid_objects	false	false	0	1	false		
ARC1	training	72ca375d	complete	true	false	0	1	NA	recolour 2 0 ; removeColour 8 ; cropLargest	
ARC1	training	72ca375d	grid_d2	false	false	0	1	false		
ARC1	training	72ca375d	objects	false	false	0	1	false		
ARC1	training	72ca375d	grid_objects	false	false	0	1	false		
ARC1	evaluation	73c3b0d8	complete	false	false	0	1	NA	id	
ARC1	evaluation	73c3b0d8	grid_d2	false	false	0	1	false		
ARC1	evaluation	73c3b0d8	objects	false	false	0	1	false		
ARC1	evaluation	73c3b0d8	grid_objects	false	false	0	1	false		
ARC1	training	3af2c5a8	complete	true	true	1	1	NA	mirror4	
ARC1	training	3af2c5a8	grid_d2	true	true	1	1	true	mirror4	mirror4
ARC1	training	3af2c5a8	objects	false	false	0	1	false		
ARC1	training	3af2c5a8	grid_objects	true	true	1	1	true	mirror4	mirror4
ARC1	evaluation	dd2401ed	complete	false	false	0	1	NA	id	
ARC1	evaluation	dd2401ed	grid_d2	false	false	0	1	false		
ARC1	evaluation	dd2401ed	objects	false	false	0	1	false		
ARC1	evaluation	dd2401ed	grid_objects	false	false	0	1	false		
ARC1	evaluation	0f63c0b9	complete	false	false	0	1	NA	id	
ARC1	evaluation	0f63c0b9	grid_d2	false	false	0	1	false		
ARC1	evaluation	0f63c0b9	objects	false	false	0	1	false		
ARC1	evaluation	0f63c0b9	grid_objects	false	false	0	1	false		
ARC1	training	c0f76784	complete	false	false	0	1	NA	id	
ARC1	training	c0f76784	grid_d2	false	false	0	1	false		
ARC1	training	c0f76784	objects	false	false	0	1	false		
ARC1	training	c0f76784	grid_objects	false	false	0	1	false		
ARC1	evaluation	3ed85e70	complete	false	false	0	1	NA	id	
ARC1	evaluation	3ed85e70	grid_d2	false	false	0	1	false		
ARC1	evaluation	3ed85e70	objects	false	false	0	1	false		
ARC1	evaluation	3ed85e70	grid_objects	false	false	0	1	false		
ARC1	evaluation	bf699163	complete	false	false	0	1	NA	id	
ARC1	evaluation	bf699163	grid_d2	false	false	0	1	false		
ARC1	evaluation	bf699163	objects	false	false	0	1	false		
ARC1	evaluation	bf699163	grid_objects	false	false	0	1	false		
ARC1	training	4347f46a	complete	false	false	0	1	NA	id	
ARC1	training	4347f46a	grid_d2	false	false	0	1	false		
ARC1	training	4347f46a	objects	false	false	0	1	false		
ARC1	training	4347f46a	grid_objects	false	false	0	1	false		
ARC1	evaluation	60c09cac	complete	true	true	1	1	NA	scale 2	
ARC1	evaluation	60c09cac	grid_d2	true	true	1	1	true	scale 2	scale 2
ARC1	evaluation	60c09cac	objects	false	false	0	1	false		
ARC1	evaluation	60c09cac	grid_objects	true	true	1	1	true	scale 2	scale 2
ARC1	training	46442a0e	complete	false	false	0	1	NA	mirror4	
ARC1	training	46442a0e	grid_d2	false	false	0	1	false		
ARC1	training	46442a0e	objects	false	false	0	1	false		
ARC1	training	46442a0e	grid_objects	false	false	0	1	false		
ARC1	evaluation	f45f5ca7	complete	false	false	0	1	NA	id	
ARC1	evaluation	f45f5ca7	grid_d2	false	false	0	1	false		
ARC1	evaluation	f45f5ca7	objects	false	false	0	1	false		
ARC1	evaluation	f45f5ca7	grid_objects	false	false	0	1	false		
ARC1	evaluation	12eac192	complete	false	false	0	1	NA	id	
ARC1	evaluation	12eac192	grid_d2	false	false	0	1	false		
ARC1	evaluation	12eac192	objects	false	false	0	1	false		
ARC1	evaluation	12eac192	grid_objects	false	false	0	1	false		
ARC1	training	98cf29f8	complete	false	false	0	1	NA	id	
ARC1	training	98cf29f8	grid_d2	false	false	0	1	false		
ARC1	training	98cf29f8	objects	false	false	0	1	false		
ARC1	training	98cf29f8	grid_objects	false	false	0	1	false		
ARC1	evaluation	1a6449f1	complete	false	false	0	1	NA	id	
ARC1	evaluation	1a6449f1	grid_d2	false	false	0	1	false		
ARC1	evaluation	1a6449f1	objects	false	false	0	1	false		
ARC1	evaluation	1a6449f1	grid_objects	false	false	0	1	false		
ARC1	training	36fdfd69	complete	false	false	0	1	NA	id	
ARC1	training	36fdfd69	grid_d2	false	false	0	1	false		
ARC1	training	36fdfd69	objects	false	false	0	1	false		
ARC1	training	36fdfd69	grid_objects	false	false	0	1	false		
ARC1	evaluation	256b0a75	complete	false	false	0	1	NA	id	
ARC1	evaluation	256b0a75	grid_d2	false	false	0	1	false		
ARC1	evaluation	256b0a75	objects	false	false	0	1	false		
ARC1	evaluation	256b0a75	grid_objects	false	false	0	1	false		
ARC1	evaluation	575b1a71	complete	false	false	0	1	NA	id	
ARC1	evaluation	575b1a71	grid_d2	false	false	0	1	false		
ARC1	evaluation	575b1a71	objects	false	false	0	1	false		
ARC1	evaluation	575b1a71	grid_objects	false	false	0	1	false		
ARC1	evaluation	b7cb93ac	complete	false	false	0	1	NA	id	
ARC1	evaluation	b7cb93ac	grid_d2	false	false	0	1	false		
ARC1	evaluation	b7cb93ac	objects	false	false	0	1	false		
ARC1	evaluation	b7cb93ac	grid_objects	false	false	0	1	false		
ARC1	evaluation	d94c3b52	complete	false	false	0	1	NA	id	
ARC1	evaluation	d94c3b52	grid_d2	false	false	0	1	false		
ARC1	evaluation	d94c3b52	objects	false	false	0	1	false		
ARC1	evaluation	d94c3b52	grid_objects	false	false	0	1	false		
ARC1	evaluation	d2acf2cb	complete	false	false	0	1	NA	id	
ARC1	evaluation	d2acf2cb	grid_d2	false	false	0	1	false		
ARC1	evaluation	d2acf2cb	objects	false	false	0	1	false		
ARC1	evaluation	d2acf2cb	grid_objects	false	false	0	1	false		
ARC1	evaluation	f5c89df1	complete	false	false	0	1	NA	id	
ARC1	evaluation	f5c89df1	grid_d2	false	false	0	1	false		
ARC1	evaluation	f5c89df1	objects	false	false	0	1	false		
ARC1	evaluation	f5c89df1	grid_objects	false	false	0	1	false		
ARC1	evaluation	ac3e2b04	complete	false	false	0	1	NA	id	
ARC1	evaluation	ac3e2b04	grid_d2	false	false	0	1	false		
ARC1	evaluation	ac3e2b04	objects	false	false	0	1	false		
ARC1	evaluation	ac3e2b04	grid_objects	false	false	0	1	false		
ARC1	evaluation	2685904e	complete	false	false	0	1	NA	id	
ARC1	evaluation	2685904e	grid_d2	false	false	0	1	false		
ARC1	evaluation	2685904e	objects	false	false	0	1	false		
ARC1	evaluation	2685904e	grid_objects	false	false	0	1	false		
ARC1	training	08ed6ac7	complete	false	false	0	1	NA	id	
ARC1	training	08ed6ac7	grid_d2	false	false	0	1	false		
ARC1	training	08ed6ac7	objects	false	false	0	1	false		
ARC1	training	08ed6ac7	grid_objects	false	false	0	1	false		
ARC1	training	6d75e8bb	complete	false	false	0	1	NA	id	
ARC1	training	6d75e8bb	grid_d2	false	false	0	1	false		
ARC1	training	6d75e8bb	objects	false	false	0	1	false		
ARC1	training	6d75e8bb	grid_objects	false	false	0	1	false		
ARC1	training	7b7f7511	complete	false	false	0	1	NA	leftHalf	
ARC1	training	7b7f7511	grid_d2	false	false	0	1	false		
ARC1	training	7b7f7511	objects	false	false	0	1	false		
ARC1	training	7b7f7511	grid_objects	false	false	0	1	false		
ARC1	training	e40b9e2f	complete	false	false	0	1	NA	id	
ARC1	training	e40b9e2f	grid_d2	false	false	0	1	false		
ARC1	training	e40b9e2f	objects	false	false	0	1	false		
ARC1	training	e40b9e2f	grid_objects	false	false	0	1	false		
ARC1	evaluation	e66aafb8	complete	false	false	0	1	NA	id	
ARC1	evaluation	e66aafb8	grid_d2	false	false	0	1	false		
ARC1	evaluation	e66aafb8	objects	false	false	0	1	false		
ARC1	evaluation	e66aafb8	grid_objects	false	false	0	1	false		
ARC1	training	8d5021e8	complete	false	false	0	1	NA	id	
ARC1	training	8d5021e8	grid_d2	false	false	0	1	false		
ARC1	training	8d5021e8	objects	false	false	0	1	false		
ARC1	training	8d5021e8	grid_objects	false	false	0	1	false		
ARC1	evaluation	a680ac02	complete	false	false	0	1	NA	id	
ARC1	evaluation	a680ac02	grid_d2	false	false	0	1	false		
ARC1	evaluation	a680ac02	objects	false	false	0	1	false		
ARC1	evaluation	a680ac02	grid_objects	false	false	0	1	false		
ARC1	training	b190f7f5	complete	false	false	0	1	NA	id	
ARC1	training	b190f7f5	grid_d2	false	false	0	1	false		
ARC1	training	b190f7f5	objects	false	false	0	1	false		
ARC1	training	b190f7f5	grid_objects	false	false	0	1	false		
ARC1	training	60b61512	complete	false	false	0	1	NA	id	
ARC1	training	60b61512	grid_d2	false	false	0	1	false		
ARC1	training	60b61512	objects	false	false	0	1	false		
ARC1	training	60b61512	grid_objects	false	false	0	1	false		
ARC1	training	253bf280	complete	false	false	0	1	NA	id	
ARC1	training	253bf280	grid_d2	false	false	0	1	false		
ARC1	training	253bf280	objects	false	false	0	1	false		
ARC1	training	253bf280	grid_objects	false	false	0	1	false		
ARC1	evaluation	aee291af	complete	false	false	0	1	NA	id	
ARC1	evaluation	aee291af	grid_d2	false	false	0	1	false		
ARC1	evaluation	aee291af	objects	false	false	0	1	false		
ARC1	evaluation	aee291af	grid_objects	false	false	0	1	false		
ARC1	training	b60334d2	complete	false	false	0	1	NA	id	
ARC1	training	b60334d2	grid_d2	false	false	0	1	false		
ARC1	training	b60334d2	objects	false	false	0	1	false		
ARC1	training	b60334d2	grid_objects	false	false	0	1	false		
ARC1	evaluation	7d1f7ee8	complete	false	false	0	1	NA	recolourNonzero 1	
ARC1	evaluation	7d1f7ee8	grid_d2	false	false	0	1	false		
ARC1	evaluation	7d1f7ee8	objects	false	false	0	1	false		
ARC1	evaluation	7d1f7ee8	grid_objects	false	false	0	1	false		
ARC1	training	44d8ac46	complete	false	false	0	1	NA	id	
ARC1	training	44d8ac46	grid_d2	false	false	0	1	false		
ARC1	training	44d8ac46	objects	false	false	0	1	false		
ARC1	training	44d8ac46	grid_objects	false	false	0	1	false		
ARC1	evaluation	5289ad53	complete	false	false	0	1	NA	id	
ARC1	evaluation	5289ad53	grid_d2	false	false	0	1	false		
ARC1	evaluation	5289ad53	objects	false	false	0	1	false		
ARC1	evaluation	5289ad53	grid_objects	false	false	0	1	false		
ARC1	training	8e1813be	complete	false	false	0	1	NA	id	
ARC1	training	8e1813be	grid_d2	false	false	0	1	false		
ARC1	training	8e1813be	objects	false	false	0	1	false		
ARC1	training	8e1813be	grid_objects	false	false	0	1	false		
ARC1	training	d6ad076f	complete	false	false	0	1	NA	id	
ARC1	training	d6ad076f	grid_d2	false	false	0	1	false		
ARC1	training	d6ad076f	objects	false	false	0	1	false		
ARC1	training	d6ad076f	grid_objects	false	false	0	1	false		
ARC1	evaluation	358ba94e	complete	false	true	1	1	NA	cropSmallest	
ARC1	evaluation	358ba94e	grid_d2	false	false	0	1	false		
ARC1	evaluation	358ba94e	objects	false	false	0	1	false		
ARC1	evaluation	358ba94e	grid_objects	false	false	0	1	false		
ARC1	evaluation	2c737e39	complete	false	false	0	1	NA	id	
ARC1	evaluation	2c737e39	grid_d2	false	false	0	1	false		
ARC1	evaluation	2c737e39	objects	false	false	0	1	false		
ARC1	evaluation	2c737e39	grid_objects	false	false	0	1	false		
ARC1	evaluation	f83cb3f6	complete	false	false	0	1	NA	id	
ARC1	evaluation	f83cb3f6	grid_d2	false	false	0	1	false		
ARC1	evaluation	f83cb3f6	objects	false	false	0	1	false		
ARC1	evaluation	f83cb3f6	grid_objects	false	false	0	1	false		
ARC1	training	54d82841	complete	false	false	0	1	NA	id	
ARC1	training	54d82841	grid_d2	false	false	0	1	false		
ARC1	training	54d82841	objects	false	false	0	1	false		
ARC1	training	54d82841	grid_objects	false	false	0	1	false		
ARC1	training	25ff71a9	complete	true	true	2	2	NA	shiftDown	
ARC1	training	25ff71a9	grid_d2	true	true	2	2	true	shiftDown	shiftDown
ARC1	training	25ff71a9	objects	false	false	0	2	false		
ARC1	training	25ff71a9	grid_objects	true	true	2	2	true	shiftDown	shiftDown
ARC1	evaluation	19bb5feb	complete	false	false	0	1	NA	id	
ARC1	evaluation	19bb5feb	grid_d2	false	false	0	1	false		
ARC1	evaluation	19bb5feb	objects	false	false	0	1	false		
ARC1	evaluation	19bb5feb	grid_objects	false	false	0	1	false		
ARC1	training	e8dc4411	complete	false	false	0	1	NA	id	
ARC1	training	e8dc4411	grid_d2	false	false	0	1	false		
ARC1	training	e8dc4411	objects	false	false	0	1	false		
ARC1	training	e8dc4411	grid_objects	false	false	0	1	false		
ARC1	training	d5d6de2d	complete	true	true	2	2	NA	fillEnclosed 3 ; recolour 2 0	
ARC1	training	d5d6de2d	grid_d2	true	true	2	2	true	fillEnclosed 3 ; recolour 2 0	fillEnclosed 3 ; recolour 2 0
ARC1	training	d5d6de2d	objects	false	false	0	2	false		
ARC1	training	d5d6de2d	grid_objects	true	true	2	2	true	fillEnclosed 3 ; recolour 2 0	fillEnclosed 3 ; recolour 2 0
ARC1	evaluation	ecaa0ec1	complete	false	false	0	1	NA	id	
ARC1	evaluation	ecaa0ec1	grid_d2	false	false	0	1	false		
ARC1	evaluation	ecaa0ec1	objects	false	false	0	1	false		
ARC1	evaluation	ecaa0ec1	grid_objects	false	false	0	1	false		
ARC1	training	780d0b14	complete	false	false	0	1	NA	id	
ARC1	training	780d0b14	grid_d2	false	false	0	1	false		
ARC1	training	780d0b14	objects	false	false	0	1	false		
ARC1	training	780d0b14	grid_objects	false	false	0	1	false		
ARC1	training	29623171	complete	false	false	0	1	NA	id	
ARC1	training	29623171	grid_d2	false	false	0	1	false		
ARC1	training	29623171	objects	false	false	0	1	false		
ARC1	training	29623171	grid_objects	false	false	0	1	false		
ARC1	training	beb8660c	complete	false	false	0	1	NA	id	
ARC1	training	beb8660c	grid_d2	false	false	0	1	false		
ARC1	training	beb8660c	objects	false	false	0	1	false		
ARC1	training	beb8660c	grid_objects	false	false	0	1	false		
ARC1	training	fcb5c309	complete	false	false	0	1	NA	id	
ARC1	training	fcb5c309	grid_d2	false	false	0	1	false		
ARC1	training	fcb5c309	objects	false	false	0	1	false		
ARC1	training	fcb5c309	grid_objects	false	false	0	1	false		
ARC1	training	eb281b96	complete	false	false	0	1	NA	id	
ARC1	training	eb281b96	grid_d2	false	false	0	1	false		
ARC1	training	eb281b96	objects	false	false	0	1	false		
ARC1	training	eb281b96	grid_objects	false	false	0	1	false		
ARC1	training	6e82a1ae	complete	false	false	0	1	NA	id	
ARC1	training	6e82a1ae	grid_d2	false	false	0	1	false		
ARC1	training	6e82a1ae	objects	false	false	0	1	false		
ARC1	training	6e82a1ae	grid_objects	false	false	0	1	false		
ARC1	evaluation	2b01abd0	complete	false	false	0	1	NA	id	
ARC1	evaluation	2b01abd0	grid_d2	false	false	0	1	false		
ARC1	evaluation	2b01abd0	objects	false	false	0	1	false		
ARC1	evaluation	2b01abd0	grid_objects	false	false	0	1	false		
ARC1	training	a3df8b1e	complete	false	false	0	1	NA	id	
ARC1	training	a3df8b1e	grid_d2	false	false	0	1	false		
ARC1	training	a3df8b1e	objects	false	false	0	1	false		
ARC1	training	a3df8b1e	grid_objects	false	false	0	1	false		
ARC1	evaluation	ce8d95cc	complete	true	true	1	1	NA	dedupRows ; dedupCols	
ARC1	evaluation	ce8d95cc	grid_d2	true	true	1	1	true	dedupRows ; dedupCols	dedupRows ; dedupCols
ARC1	evaluation	ce8d95cc	objects	false	false	0	1	false		
ARC1	evaluation	ce8d95cc	grid_objects	true	true	1	1	true	dedupRows ; dedupCols	dedupRows ; dedupCols
ARC1	evaluation	c97c0139	complete	false	false	0	1	NA	id	
ARC1	evaluation	c97c0139	grid_d2	false	false	0	1	false		
ARC1	evaluation	c97c0139	objects	false	false	0	1	false		
ARC1	evaluation	c97c0139	grid_objects	false	false	0	1	false		
ARC1	evaluation	b7999b51	complete	false	false	0	1	NA	id	
ARC1	evaluation	b7999b51	grid_d2	false	false	0	1	false		
ARC1	evaluation	b7999b51	objects	false	false	0	1	false		
ARC1	evaluation	b7999b51	grid_objects	false	false	0	1	false		
ARC1	training	cce03e0d	complete	false	false	0	1	NA	id	
ARC1	training	cce03e0d	grid_d2	false	false	0	1	false		
ARC1	training	cce03e0d	objects	false	false	0	1	false		
ARC1	training	cce03e0d	grid_objects	false	false	0	1	false		
ARC1	evaluation	93c31fbe	complete	false	false	0	1	NA	id	
ARC1	evaluation	93c31fbe	grid_d2	false	false	0	1	false		
ARC1	evaluation	93c31fbe	objects	false	false	0	1	false		
ARC1	evaluation	93c31fbe	grid_objects	false	false	0	1	false		
ARC1	evaluation	896d5239	complete	false	false	0	1	NA	id	
ARC1	evaluation	896d5239	grid_d2	false	false	0	1	false		
ARC1	evaluation	896d5239	objects	false	false	0	1	false		
ARC1	evaluation	896d5239	grid_objects	false	false	0	1	false		
ARC1	evaluation	5207a7b5	complete	false	false	0	1	NA	id	
ARC1	evaluation	5207a7b5	grid_d2	false	false	0	1	false		
ARC1	evaluation	5207a7b5	objects	false	false	0	1	false		
ARC1	evaluation	5207a7b5	grid_objects	false	false	0	1	false		
ARC1	training	99b1bc43	complete	true	true	1	1	NA	splitV xor 3	
ARC1	training	99b1bc43	grid_d2	true	true	1	1	true	splitV xor 3	splitV xor 3
ARC1	training	99b1bc43	objects	false	false	0	1	false		
ARC1	training	99b1bc43	grid_objects	true	true	1	1	true	splitV xor 3	splitV xor 3
ARC1	training	a87f7484	complete	false	false	0	1	NA	id	
ARC1	training	a87f7484	grid_d2	false	false	0	1	false		
ARC1	training	a87f7484	objects	true	true	1	1	true	zero-8-mono / Largest / Identity / Crop	zero-8-mono / Largest / Identity / Crop
ARC1	training	a87f7484	grid_objects	true	true	1	1	true	zero-8-mono / Largest / Identity / Crop	zero-8-mono / Largest / Identity / Crop
ARC1	training	88a10436	complete	false	false	0	1	NA	id	
ARC1	training	88a10436	grid_d2	false	false	0	1	false		
ARC1	training	88a10436	objects	false	false	0	1	false		
ARC1	training	88a10436	grid_objects	false	false	0	1	false		
ARC1	training	57aa92db	complete	false	false	0	1	NA	id	
ARC1	training	57aa92db	grid_d2	false	false	0	1	false		
ARC1	training	57aa92db	objects	false	false	0	1	false		
ARC1	training	57aa92db	grid_objects	false	false	0	1	false		
ARC1	training	ba26e723	complete	false	false	0	1	NA	id	
ARC1	training	ba26e723	grid_d2	false	false	0	1	false		
ARC1	training	ba26e723	objects	false	false	0	1	false		
ARC1	training	ba26e723	grid_objects	false	false	0	1	false		
ARC1	evaluation	a04b2602	complete	false	false	0	1	NA	id	
ARC1	evaluation	a04b2602	grid_d2	false	false	0	1	false		
ARC1	evaluation	a04b2602	objects	false	false	0	1	false		
ARC1	evaluation	a04b2602	grid_objects	false	false	0	1	false		
ARC1	training	941d9a10	complete	false	false	0	1	NA	id	
ARC1	training	941d9a10	grid_d2	false	false	0	1	false		
ARC1	training	941d9a10	objects	false	false	0	1	false		
ARC1	training	941d9a10	grid_objects	false	false	0	1	false		
ARC1	evaluation	b7fb29bc	complete	false	false	0	1	NA	id	
ARC1	evaluation	b7fb29bc	grid_d2	false	false	0	1	false		
ARC1	evaluation	b7fb29bc	objects	false	false	0	1	false		
ARC1	evaluation	b7fb29bc	grid_objects	false	false	0	1	false		
ARC1	training	4c5c2cf0	complete	false	false	0	1	NA	id	
ARC1	training	4c5c2cf0	grid_d2	false	false	0	1	false		
ARC1	training	4c5c2cf0	objects	false	false	0	1	false		
ARC1	training	4c5c2cf0	grid_objects	false	false	0	1	false		
ARC1	evaluation	e78887d1	complete	false	false	0	1	NA	id	
ARC1	evaluation	e78887d1	grid_d2	false	false	0	1	false		
ARC1	evaluation	e78887d1	objects	false	false	0	1	false		
ARC1	evaluation	e78887d1	grid_objects	false	false	0	1	false		
ARC1	training	b230c067	complete	false	false	0	1	NA	id	
ARC1	training	b230c067	grid_d2	false	false	0	1	false		
ARC1	training	b230c067	objects	false	false	0	1	false		
ARC1	training	b230c067	grid_objects	false	false	0	1	false		
ARC1	evaluation	9110e3c5	complete	false	false	0	2	NA	id	
ARC1	evaluation	9110e3c5	grid_d2	false	false	0	2	false		
ARC1	evaluation	9110e3c5	objects	false	false	0	2	false		
ARC1	evaluation	9110e3c5	grid_objects	false	false	0	2	false		
ARC1	training	a1570a43	complete	false	false	0	1	NA	id	
ARC1	training	a1570a43	grid_d2	false	false	0	1	false		
ARC1	training	a1570a43	objects	false	false	0	1	false		
ARC1	training	a1570a43	grid_objects	false	false	0	1	false		
ARC1	evaluation	7d18a6fb	complete	false	false	0	1	NA	id	
ARC1	evaluation	7d18a6fb	grid_d2	false	false	0	1	false		
ARC1	evaluation	7d18a6fb	objects	false	false	0	1	false		
ARC1	evaluation	7d18a6fb	grid_objects	false	false	0	1	false		
ARC1	evaluation	4b6b68e5	complete	false	false	0	1	NA	id	
ARC1	evaluation	4b6b68e5	grid_d2	false	false	0	1	false		
ARC1	evaluation	4b6b68e5	objects	false	false	0	1	false		
ARC1	evaluation	4b6b68e5	grid_objects	false	false	0	1	false		
ARC1	evaluation	dc2e9a9d	complete	false	false	0	1	NA	id	
ARC1	evaluation	dc2e9a9d	grid_d2	false	false	0	1	false		
ARC1	evaluation	dc2e9a9d	objects	false	false	0	1	false		
ARC1	evaluation	dc2e9a9d	grid_objects	false	false	0	1	false		
ARC1	training	1e32b0e9	complete	false	false	0	1	NA	id	
ARC1	training	1e32b0e9	grid_d2	false	false	0	1	false		
ARC1	training	1e32b0e9	objects	false	false	0	1	false		
ARC1	training	1e32b0e9	grid_objects	false	false	0	1	false		
ARC1	evaluation	2c0b0aff	complete	false	false	0	1	NA	bottomHalf ; cropSmallest	
ARC1	evaluation	2c0b0aff	grid_d2	false	false	0	1	false		
ARC1	evaluation	2c0b0aff	objects	false	false	0	1	false		
ARC1	evaluation	2c0b0aff	grid_objects	false	false	0	1	false		
ARC1	training	cbded52d	complete	false	false	0	1	NA	id	
ARC1	training	cbded52d	grid_d2	false	false	0	1	false		
ARC1	training	cbded52d	objects	false	false	0	1	false		
ARC1	training	cbded52d	grid_objects	false	false	0	1	false		
ARC1	evaluation	7c9b52a0	complete	false	false	0	1	NA	id	
ARC1	evaluation	7c9b52a0	grid_d2	false	false	0	1	false		
ARC1	evaluation	7c9b52a0	objects	false	false	0	1	false		
ARC1	evaluation	7c9b52a0	grid_objects	false	false	0	1	false		
ARC1	training	e73095fd	complete	false	false	0	1	NA	id	
ARC1	training	e73095fd	grid_d2	false	false	0	1	false		
ARC1	training	e73095fd	objects	false	false	0	1	false		
ARC1	training	e73095fd	grid_objects	false	false	0	1	false		
ARC1	evaluation	81c0276b	complete	false	false	0	1	NA	id	
ARC1	evaluation	81c0276b	grid_d2	false	false	0	1	false		
ARC1	evaluation	81c0276b	objects	false	false	0	1	false		
ARC1	evaluation	81c0276b	grid_objects	false	false	0	1	false		
ARC1	evaluation	fc754716	complete	false	false	0	1	NA	id	
ARC1	evaluation	fc754716	grid_d2	false	false	0	1	false		
ARC1	evaluation	fc754716	objects	false	false	0	1	false		
ARC1	evaluation	fc754716	grid_objects	false	false	0	1	false		
ARC1	evaluation	e88171ec	complete	false	false	0	1	NA	id	
ARC1	evaluation	e88171ec	grid_d2	false	false	0	1	false		
ARC1	evaluation	e88171ec	objects	false	false	0	1	false		
ARC1	evaluation	e88171ec	grid_objects	false	false	0	1	false		
ARC1	training	42a50994	complete	false	false	0	1	NA	id	
ARC1	training	42a50994	grid_d2	false	false	0	1	false		
ARC1	training	42a50994	objects	true	true	1	1	true	zero-8-mono / Smallest / Erase / Original	zero-8-mono / Smallest / Erase / Original
ARC1	training	42a50994	grid_objects	true	true	1	1	true	zero-8-mono / Smallest / Erase / Original	zero-8-mono / Smallest / Erase / Original
ARC1	training	2013d3e2	complete	false	false	0	1	NA	id	
ARC1	training	2013d3e2	grid_d2	false	false	0	1	false		
ARC1	training	2013d3e2	objects	false	false	0	1	false		
ARC1	training	2013d3e2	grid_objects	false	false	0	1	false		
ARC1	evaluation	94133066	complete	false	false	0	1	NA	id	
ARC1	evaluation	94133066	grid_d2	false	false	0	1	false		
ARC1	evaluation	94133066	objects	false	false	0	1	false		
ARC1	evaluation	94133066	grid_objects	false	false	0	1	false		
ARC1	evaluation	ca8de6ea	complete	false	false	0	1	NA	id	
ARC1	evaluation	ca8de6ea	grid_d2	false	false	0	1	false		
ARC1	evaluation	ca8de6ea	objects	false	false	0	1	false		
ARC1	evaluation	ca8de6ea	grid_objects	false	false	0	1	false		
ARC1	evaluation	d37a1ef5	complete	false	false	0	1	NA	id	
ARC1	evaluation	d37a1ef5	grid_d2	false	false	0	1	false		
ARC1	evaluation	d37a1ef5	objects	false	false	0	1	false		
ARC1	evaluation	d37a1ef5	grid_objects	false	false	0	1	false		
ARC1	training	1cf80156	complete	true	true	1	1	NA	cropBBox	
ARC1	training	1cf80156	grid_d2	true	true	1	1	true	cropBBox	cropBBox
ARC1	training	1cf80156	objects	true	true	1	1	true	zero-4-mono / All / Identity / Crop	zero-4-mono / All / Identity / Crop
ARC1	training	1cf80156	grid_objects	true	true	1	1	true	cropBBox	cropBBox
ARC1	evaluation	79fb03f4	complete	false	false	0	1	NA	id	
ARC1	evaluation	79fb03f4	grid_d2	false	false	0	1	false		
ARC1	evaluation	79fb03f4	objects	false	false	0	1	false		
ARC1	evaluation	79fb03f4	grid_objects	false	false	0	1	false		
ARC1	evaluation	7d419a02	complete	false	false	0	1	NA	id	
ARC1	evaluation	7d419a02	grid_d2	false	false	0	1	false		
ARC1	evaluation	7d419a02	objects	false	false	0	1	false		
ARC1	evaluation	7d419a02	grid_objects	false	false	0	1	false		
ARC1	evaluation	f0df5ff0	complete	false	false	0	1	NA	id	
ARC1	evaluation	f0df5ff0	grid_d2	false	false	0	1	false		
ARC1	evaluation	f0df5ff0	objects	false	false	0	1	false		
ARC1	evaluation	f0df5ff0	grid_objects	false	false	0	1	false		
ARC1	evaluation	e9bb6954	complete	false	false	0	1	NA	id	
ARC1	evaluation	e9bb6954	grid_d2	false	false	0	1	false		
ARC1	evaluation	e9bb6954	objects	false	false	0	1	false		
ARC1	evaluation	e9bb6954	grid_objects	false	false	0	1	false		
ARC1	evaluation	3979b1a8	complete	false	false	0	1	NA	id	
ARC1	evaluation	3979b1a8	grid_d2	false	false	0	1	false		
ARC1	evaluation	3979b1a8	objects	false	false	0	1	false		
ARC1	evaluation	3979b1a8	grid_objects	false	false	0	1	false		
ARC1	training	7447852a	complete	false	false	0	1	NA	id	
ARC1	training	7447852a	grid_d2	false	false	0	1	false		
ARC1	training	7447852a	objects	false	false	0	1	false		
ARC1	training	7447852a	grid_objects	false	false	0	1	false		
ARC1	evaluation	d47aa2ff	complete	false	false	0	1	NA	id	
ARC1	evaluation	d47aa2ff	grid_d2	false	false	0	1	false		
ARC1	evaluation	d47aa2ff	objects	false	false	0	1	false		
ARC1	evaluation	d47aa2ff	grid_objects	false	false	0	1	false		
ARC1	evaluation	140c817e	complete	false	false	0	1	NA	id	
ARC1	evaluation	140c817e	grid_d2	false	false	0	1	false		
ARC1	evaluation	140c817e	objects	false	false	0	1	false		
ARC1	evaluation	140c817e	grid_objects	false	false	0	1	false		
ARC1	evaluation	af22c60d	complete	false	false	0	1	NA	id	
ARC1	evaluation	af22c60d	grid_d2	false	false	0	1	false		
ARC1	evaluation	af22c60d	objects	false	false	0	1	false		
ARC1	evaluation	af22c60d	grid_objects	false	false	0	1	false		
ARC1	evaluation	48131b3c	complete	false	false	0	1	NA	id	
ARC1	evaluation	48131b3c	grid_d2	false	false	0	1	false		
ARC1	evaluation	48131b3c	objects	false	false	0	1	false		
ARC1	evaluation	48131b3c	grid_objects	false	false	0	1	false		
ARC1	training	6ecd11f4	complete	false	false	0	1	NA	id	
ARC1	training	6ecd11f4	grid_d2	false	false	0	1	false		
ARC1	training	6ecd11f4	objects	false	false	0	1	false		
ARC1	training	6ecd11f4	grid_objects	false	false	0	1	false		
ARC1	evaluation	833dafe3	complete	true	true	1	1	NA	rot180 ; mirror4	
ARC1	evaluation	833dafe3	grid_d2	true	true	1	1	true	rot180 ; mirror4	rot180 ; mirror4
ARC1	evaluation	833dafe3	objects	false	false	0	1	false		
ARC1	evaluation	833dafe3	grid_objects	true	true	1	1	true	rot180 ; mirror4	rot180 ; mirror4
ARC1	training	2c608aff	complete	false	false	0	1	NA	id	
ARC1	training	2c608aff	grid_d2	false	false	0	1	false		
ARC1	training	2c608aff	objects	false	false	0	1	false		
ARC1	training	2c608aff	grid_objects	false	false	0	1	false		
ARC1	evaluation	e41c6fd3	complete	false	false	0	1	NA	id	
ARC1	evaluation	e41c6fd3	grid_d2	false	false	0	1	false		
ARC1	evaluation	e41c6fd3	objects	false	false	0	1	false		
ARC1	evaluation	e41c6fd3	grid_objects	false	false	0	1	false		
ARC1	evaluation	aa300dc3	complete	false	false	0	1	NA	id	
ARC1	evaluation	aa300dc3	grid_d2	false	false	0	1	false		
ARC1	evaluation	aa300dc3	objects	false	false	0	1	false		
ARC1	evaluation	aa300dc3	grid_objects	false	false	0	1	false		
ARC1	training	91413438	complete	false	false	0	1	NA	id	
ARC1	training	91413438	grid_d2	false	false	0	1	false		
ARC1	training	91413438	objects	false	false	0	1	false		
ARC1	training	91413438	grid_objects	false	false	0	1	false		
ARC1	training	aba27056	complete	false	false	0	1	NA	id	
ARC1	training	aba27056	grid_d2	false	false	0	1	false		
ARC1	training	aba27056	objects	false	false	0	1	false		
ARC1	training	aba27056	grid_objects	false	false	0	1	false		
ARC1	evaluation	21f83797	complete	false	false	0	1	NA	id	
ARC1	evaluation	21f83797	grid_d2	false	false	0	1	false		
ARC1	evaluation	21f83797	objects	false	false	0	1	false		
ARC1	evaluation	21f83797	grid_objects	false	false	0	1	false		
ARC1	training	3428a4f5	complete	true	true	2	2	NA	splitV xor 3	
ARC1	training	3428a4f5	grid_d2	true	true	2	2	true	splitV xor 3	splitV xor 3
ARC1	training	3428a4f5	objects	false	false	0	2	false		
ARC1	training	3428a4f5	grid_objects	true	true	2	2	true	splitV xor 3	splitV xor 3
ARC1	training	48d8fb45	complete	false	false	0	1	NA	id	
ARC1	training	48d8fb45	grid_d2	false	false	0	1	false		
ARC1	training	48d8fb45	objects	false	false	0	1	false		
ARC1	training	48d8fb45	grid_objects	false	false	0	1	false		
ARC1	evaluation	4cd1b7b2	complete	false	false	0	1	NA	id	
ARC1	evaluation	4cd1b7b2	grid_d2	false	false	0	1	false		
ARC1	evaluation	4cd1b7b2	objects	false	false	0	1	false		
ARC1	evaluation	4cd1b7b2	grid_objects	false	false	0	1	false		
ARC1	training	4093f84a	complete	false	false	0	1	NA	id	
ARC1	training	4093f84a	grid_d2	false	false	0	1	false		
ARC1	training	4093f84a	objects	false	false	0	1	false		
ARC1	training	4093f84a	grid_objects	false	false	0	1	false		
ARC1	training	0ca9ddb6	complete	false	false	0	1	NA	id	
ARC1	training	0ca9ddb6	grid_d2	false	false	0	1	false		
ARC1	training	0ca9ddb6	objects	false	false	0	1	false		
ARC1	training	0ca9ddb6	grid_objects	false	false	0	1	false		
ARC1	training	de1cd16c	complete	false	false	0	1	NA	id	
ARC1	training	de1cd16c	grid_d2	false	false	0	1	false		
ARC1	training	de1cd16c	objects	false	false	0	1	false		
ARC1	training	de1cd16c	grid_objects	false	false	0	1	false		
ARC1	training	d406998b	complete	false	false	0	1	NA	id	
ARC1	training	d406998b	grid_d2	false	false	0	1	false		
ARC1	training	d406998b	objects	false	false	0	1	false		
ARC1	training	d406998b	grid_objects	false	false	0	1	false		
ARC1	evaluation	319f2597	complete	false	false	0	1	NA	id	
ARC1	evaluation	319f2597	grid_d2	false	false	0	1	false		
ARC1	evaluation	319f2597	objects	false	false	0	1	false		
ARC1	evaluation	319f2597	grid_objects	false	false	0	1	false		
ARC1	evaluation	f3e62deb	complete	false	false	0	2	NA	id	
ARC1	evaluation	f3e62deb	grid_d2	false	false	0	2	false		
ARC1	evaluation	f3e62deb	objects	false	false	0	2	false		
ARC1	evaluation	f3e62deb	grid_objects	false	false	0	2	false		
ARC1	evaluation	5a5a2103	complete	false	false	0	1	NA	id	
ARC1	evaluation	5a5a2103	grid_d2	false	false	0	1	false		
ARC1	evaluation	5a5a2103	objects	false	false	0	1	false		
ARC1	evaluation	5a5a2103	grid_objects	false	false	0	1	false		
ARC1	evaluation	ff72ca3e	complete	false	false	0	1	NA	id	
ARC1	evaluation	ff72ca3e	grid_d2	false	false	0	1	false		
ARC1	evaluation	ff72ca3e	objects	false	false	0	1	false		
ARC1	evaluation	ff72ca3e	grid_objects	false	false	0	1	false		
ARC1	evaluation	f8be4b64	complete	false	false	0	1	NA	id	
ARC1	evaluation	f8be4b64	grid_d2	false	false	0	1	false		
ARC1	evaluation	f8be4b64	objects	false	false	0	1	false		
ARC1	evaluation	f8be4b64	grid_objects	false	false	0	1	false		
ARC1	evaluation	59341089	complete	false	false	0	1	NA	id	
ARC1	evaluation	59341089	grid_d2	false	false	0	1	false		
ARC1	evaluation	59341089	objects	false	false	0	1	false		
ARC1	evaluation	59341089	grid_objects	false	false	0	1	false		
ARC1	evaluation	d19f7514	complete	true	true	1	1	NA	splitV or 4	
ARC1	evaluation	d19f7514	grid_d2	true	true	1	1	true	splitV or 4	splitV or 4
ARC1	evaluation	d19f7514	objects	false	false	0	1	false		
ARC1	evaluation	d19f7514	grid_objects	true	true	1	1	true	splitV or 4	splitV or 4
ARC1	training	b7249182	complete	false	false	0	1	NA	id	
ARC1	training	b7249182	grid_d2	false	false	0	1	false		
ARC1	training	b7249182	objects	false	false	0	1	false		
ARC1	training	b7249182	grid_objects	false	false	0	1	false		
ARC1	evaluation	712bf12e	complete	false	false	0	1	NA	id	
ARC1	evaluation	712bf12e	grid_d2	false	false	0	1	false		
ARC1	evaluation	712bf12e	objects	false	false	0	1	false		
ARC1	evaluation	712bf12e	grid_objects	false	false	0	1	false		
ARC1	evaluation	456873bc	complete	false	false	0	1	NA	id	
ARC1	evaluation	456873bc	grid_d2	false	false	0	1	false		
ARC1	evaluation	456873bc	objects	false	false	0	1	false		
ARC1	evaluation	456873bc	grid_objects	false	false	0	1	false		
ARC1	training	22eb0ac0	complete	false	false	0	1	NA	id	
ARC1	training	22eb0ac0	grid_d2	false	false	0	1	false		
ARC1	training	22eb0ac0	objects	false	false	0	1	false		
ARC1	training	22eb0ac0	grid_objects	false	false	0	1	false		
ARC1	training	d07ae81c	complete	false	false	0	1	NA	id	
ARC1	training	d07ae81c	grid_d2	false	false	0	1	false		
ARC1	training	d07ae81c	objects	false	false	0	1	false		
ARC1	training	d07ae81c	grid_objects	false	false	0	1	false		
ARC1	training	af902bf9	complete	false	false	0	1	NA	id	
ARC1	training	af902bf9	grid_d2	false	false	0	1	false		
ARC1	training	af902bf9	objects	false	false	0	1	false		
ARC1	training	af902bf9	grid_objects	false	false	0	1	false		
ARC1	evaluation	64a7c07e	complete	false	false	0	1	NA	id	
ARC1	evaluation	64a7c07e	grid_d2	false	false	0	1	false		
ARC1	evaluation	64a7c07e	objects	false	false	0	1	false		
ARC1	evaluation	64a7c07e	grid_objects	false	false	0	1	false		
ARC1	evaluation	9b2a60aa	complete	false	false	0	1	NA	id	
ARC1	evaluation	9b2a60aa	grid_d2	false	false	0	1	false		
ARC1	evaluation	9b2a60aa	objects	false	false	0	1	false		
ARC1	evaluation	9b2a60aa	grid_objects	false	false	0	1	false		
ARC1	training	d90796e8	complete	false	false	0	1	NA	id	
ARC1	training	d90796e8	grid_d2	false	false	0	1	false		
ARC1	training	d90796e8	objects	false	false	0	1	false		
ARC1	training	d90796e8	grid_objects	false	false	0	1	false		
ARC1	training	6cdd2623	complete	false	false	0	1	NA	id	
ARC1	training	6cdd2623	grid_d2	false	false	0	1	false		
ARC1	training	6cdd2623	objects	false	false	0	1	false		
ARC1	training	6cdd2623	grid_objects	false	false	0	1	false		
ARC1	training	f8b3ba0a	complete	false	false	0	1	NA	id	
ARC1	training	f8b3ba0a	grid_d2	false	false	0	1	false		
ARC1	training	f8b3ba0a	objects	false	false	0	1	false		
ARC1	training	f8b3ba0a	grid_objects	false	false	0	1	false		
ARC1	training	6430c8c4	complete	true	true	1	1	NA	splitV nor 3	
ARC1	training	6430c8c4	grid_d2	true	true	1	1	true	splitV nor 3	splitV nor 3
ARC1	training	6430c8c4	objects	false	false	0	1	false		
ARC1	training	6430c8c4	grid_objects	true	true	1	1	true	splitV nor 3	splitV nor 3
ARC1	training	f8a8fe49	complete	false	false	0	1	NA	id	
ARC1	training	f8a8fe49	grid_d2	false	false	0	1	false		
ARC1	training	f8a8fe49	objects	false	false	0	1	false		
ARC1	training	f8a8fe49	grid_objects	false	false	0	1	false		
ARC1	training	dbc1a6ce	complete	false	false	0	1	NA	id	
ARC1	training	dbc1a6ce	grid_d2	false	false	0	1	false		
ARC1	training	dbc1a6ce	objects	false	false	0	1	false		
ARC1	training	dbc1a6ce	grid_objects	false	false	0	1	false		
ARC1	evaluation	e9b4f6fc	complete	false	false	0	1	NA	id	
ARC1	evaluation	e9b4f6fc	grid_d2	false	false	0	1	false		
ARC1	evaluation	e9b4f6fc	objects	false	false	0	1	false		
ARC1	evaluation	e9b4f6fc	grid_objects	false	false	0	1	false		
ARC1	training	868de0fa	complete	false	false	0	1	NA	id	
ARC1	training	868de0fa	grid_d2	false	false	0	1	false		
ARC1	training	868de0fa	objects	false	false	0	1	false		
ARC1	training	868de0fa	grid_objects	false	false	0	1	false		
ARC1	training	017c7c7b	complete	false	false	0	1	NA	id	
ARC1	training	017c7c7b	grid_d2	false	false	0	1	false		
ARC1	training	017c7c7b	objects	false	false	0	1	false		
ARC1	training	017c7c7b	grid_objects	false	false	0	1	false		
ARC1	training	1fad071e	complete	false	false	0	1	NA	id	
ARC1	training	1fad071e	grid_d2	false	false	0	1	false		
ARC1	training	1fad071e	objects	false	false	0	1	false		
ARC1	training	1fad071e	grid_objects	false	false	0	1	false		
ARC1	training	ea32f347	complete	false	false	0	1	NA	id	
ARC1	training	ea32f347	grid_d2	false	false	0	1	false		
ARC1	training	ea32f347	objects	false	false	0	1	false		
ARC1	training	ea32f347	grid_objects	false	false	0	1	false		
ARC1	evaluation	c92b942c	complete	false	false	0	1	NA	id	
ARC1	evaluation	c92b942c	grid_d2	false	false	0	1	false		
ARC1	evaluation	c92b942c	objects	false	false	0	1	false		
ARC1	evaluation	c92b942c	grid_objects	false	false	0	1	false		
ARC1	evaluation	8ba14f53	complete	false	false	0	1	NA	id	
ARC1	evaluation	8ba14f53	grid_d2	false	false	0	1	false		
ARC1	evaluation	8ba14f53	objects	false	false	0	1	false		
ARC1	evaluation	8ba14f53	grid_objects	false	false	0	1	false		
ARC1	evaluation	25094a63	complete	false	false	0	1	NA	id	
ARC1	evaluation	25094a63	grid_d2	false	false	0	1	false		
ARC1	evaluation	25094a63	objects	false	false	0	1	false		
ARC1	evaluation	25094a63	grid_objects	false	false	0	1	false		
ARC1	training	6150a2bd	complete	true	true	1	1	NA	rot180	
ARC1	training	6150a2bd	grid_d2	true	true	1	1	true	rot180	rot180
ARC1	training	6150a2bd	objects	false	false	0	1	false		
ARC1	training	6150a2bd	grid_objects	true	true	1	1	true	rot180	rot180
ARC1	evaluation	e4075551	complete	false	false	0	1	NA	id	
ARC1	evaluation	e4075551	grid_d2	false	false	0	1	false		
ARC1	evaluation	e4075551	objects	false	false	0	1	false		
ARC1	evaluation	e4075551	grid_objects	false	false	0	1	false		
ARC1	evaluation	f3cdc58f	complete	false	false	0	1	NA	id	
ARC1	evaluation	f3cdc58f	grid_d2	false	false	0	1	false		
ARC1	evaluation	f3cdc58f	objects	false	false	0	1	false		
ARC1	evaluation	f3cdc58f	grid_objects	false	false	0	1	false		
ARC1	training	b782dc8a	complete	false	false	0	1	NA	id	
ARC1	training	b782dc8a	grid_d2	false	false	0	1	false		
ARC1	training	b782dc8a	objects	false	false	0	1	false		
ARC1	training	b782dc8a	grid_objects	false	false	0	1	false		
ARC1	evaluation	d304284e	complete	false	false	0	1	NA	id	
ARC1	evaluation	d304284e	grid_d2	false	false	0	1	false		
ARC1	evaluation	d304284e	objects	false	false	0	1	false		
ARC1	evaluation	d304284e	grid_objects	false	false	0	1	false		
ARC1	training	a8d7556c	complete	false	false	0	1	NA	id	
ARC1	training	a8d7556c	grid_d2	false	false	0	1	false		
ARC1	training	a8d7556c	objects	false	false	0	1	false		
ARC1	training	a8d7556c	grid_objects	false	false	0	1	false		
ARC1	training	b8cdaf2b	complete	false	false	0	1	NA	id	
ARC1	training	b8cdaf2b	grid_d2	false	false	0	1	false		
ARC1	training	b8cdaf2b	objects	false	false	0	1	false		
ARC1	training	b8cdaf2b	grid_objects	false	false	0	1	false		
ARC1	evaluation	1acc24af	complete	false	false	0	1	NA	id	
ARC1	evaluation	1acc24af	grid_d2	false	false	0	1	false		
ARC1	evaluation	1acc24af	objects	false	false	0	1	false		
ARC1	evaluation	1acc24af	grid_objects	false	false	0	1	false		
ARC1	training	c9f8e694	complete	false	false	0	1	NA	id	
ARC1	training	c9f8e694	grid_d2	false	false	0	1	false		
ARC1	training	c9f8e694	objects	false	false	0	1	false		
ARC1	training	c9f8e694	grid_objects	false	false	0	1	false		
ARC1	training	b6afb2da	complete	false	false	0	1	NA	id	
ARC1	training	b6afb2da	grid_d2	false	false	0	1	false		
ARC1	training	b6afb2da	objects	false	false	0	1	false		
ARC1	training	b6afb2da	grid_objects	false	false	0	1	false		
ARC1	evaluation	da515329	complete	false	false	0	1	NA	id	
ARC1	evaluation	da515329	grid_d2	false	false	0	1	false		
ARC1	evaluation	da515329	objects	false	false	0	1	false		
ARC1	evaluation	da515329	grid_objects	false	false	0	1	false		
ARC1	evaluation	00576224	complete	false	false	0	1	NA	id	
ARC1	evaluation	00576224	grid_d2	false	false	0	1	false		
ARC1	evaluation	00576224	objects	false	false	0	1	false		
ARC1	evaluation	00576224	grid_objects	false	false	0	1	false		
ARC1	evaluation	aa18de87	complete	false	false	0	1	NA	id	
ARC1	evaluation	aa18de87	grid_d2	false	false	0	1	false		
ARC1	evaluation	aa18de87	objects	false	false	0	1	false		
ARC1	evaluation	aa18de87	grid_objects	false	false	0	1	false		
ARC1	training	06df4c85	complete	false	false	0	1	NA	id	
ARC1	training	06df4c85	grid_d2	false	false	0	1	false		
ARC1	training	06df4c85	objects	false	false	0	1	false		
ARC1	training	06df4c85	grid_objects	false	false	0	1	false		
ARC1	training	25d8a9c8	complete	false	false	0	1	NA	id	
ARC1	training	25d8a9c8	grid_d2	false	false	0	1	false		
ARC1	training	25d8a9c8	objects	true	true	1	1	true	zero-4-mono / Widest / Recolour(5) / Selected	zero-4-mono / Widest / Recolour(5) / Selected
ARC1	training	25d8a9c8	grid_objects	true	true	1	1	true	zero-4-mono / Widest / Recolour(5) / Selected	zero-4-mono / Widest / Recolour(5) / Selected
ARC1	evaluation	e57337a4	complete	false	false	0	1	NA	id	
ARC1	evaluation	e57337a4	grid_d2	false	false	0	1	false		
ARC1	evaluation	e57337a4	objects	false	false	0	1	false		
ARC1	evaluation	e57337a4	grid_objects	false	false	0	1	false		
ARC1	evaluation	aab50785	complete	false	false	0	1	NA	id	
ARC1	evaluation	aab50785	grid_d2	false	false	0	1	false		
ARC1	evaluation	aab50785	objects	false	false	0	1	false		
ARC1	evaluation	aab50785	grid_objects	false	false	0	1	false		
ARC1	evaluation	7e02026e	complete	false	false	0	1	NA	id	
ARC1	evaluation	7e02026e	grid_d2	false	false	0	1	false		
ARC1	evaluation	7e02026e	objects	false	false	0	1	false		
ARC1	evaluation	7e02026e	grid_objects	false	false	0	1	false		
ARC1	training	be94b721	complete	true	true	1	1	NA	cropLargest	
ARC1	training	be94b721	grid_d2	true	true	1	1	true	cropLargest	cropLargest
ARC1	training	be94b721	objects	true	true	1	1	true	zero-4-mono / Largest / Identity / Crop	zero-4-mono / Largest / Identity / Crop
ARC1	training	be94b721	grid_objects	true	true	1	1	true	cropLargest	cropLargest
ARC1	evaluation	72207abc	complete	false	false	0	1	NA	id	
ARC1	evaluation	72207abc	grid_d2	false	false	0	1	false		
ARC1	evaluation	72207abc	objects	false	false	0	1	false		
ARC1	evaluation	72207abc	grid_objects	false	false	0	1	false		
ARC1	evaluation	b0f4d537	complete	false	false	0	1	NA	id	
ARC1	evaluation	b0f4d537	grid_d2	false	false	0	1	false		
ARC1	evaluation	b0f4d537	objects	false	false	0	1	false		
ARC1	evaluation	b0f4d537	grid_objects	false	false	0	1	false		
ARC1	evaluation	992798f6	complete	false	false	0	1	NA	id	
ARC1	evaluation	992798f6	grid_d2	false	false	0	1	false		
ARC1	evaluation	992798f6	objects	false	false	0	1	false		
ARC1	evaluation	992798f6	grid_objects	false	false	0	1	false		
ARC1	evaluation	817e6c09	complete	false	false	0	1	NA	id	
ARC1	evaluation	817e6c09	grid_d2	false	false	0	1	false		
ARC1	evaluation	817e6c09	objects	false	false	0	1	false		
ARC1	evaluation	817e6c09	grid_objects	false	false	0	1	false		
ARC1	training	8d510a79	complete	false	false	0	1	NA	id	
ARC1	training	8d510a79	grid_d2	false	false	0	1	false		
ARC1	training	8d510a79	objects	false	false	0	1	false		
ARC1	training	8d510a79	grid_objects	false	false	0	1	false		
ARC1	evaluation	67636eac	complete	false	false	0	1	NA	id	
ARC1	evaluation	67636eac	grid_d2	false	false	0	1	false		
ARC1	evaluation	67636eac	objects	false	false	0	1	false		
ARC1	evaluation	67636eac	grid_objects	false	false	0	1	false		
ARC1	training	44f52bb0	complete	false	false	0	2	NA	id	
ARC1	training	44f52bb0	grid_d2	false	false	0	2	false		
ARC1	training	44f52bb0	objects	false	false	0	2	false		
ARC1	training	44f52bb0	grid_objects	false	false	0	2	false		
ARC1	evaluation	3f23242b	complete	false	false	0	1	NA	id	
ARC1	evaluation	3f23242b	grid_d2	false	false	0	1	false		
ARC1	evaluation	3f23242b	objects	false	false	0	1	false		
ARC1	evaluation	3f23242b	grid_objects	false	false	0	1	false		
ARC1	evaluation	ca8f78db	complete	false	false	0	1	NA	id	
ARC1	evaluation	ca8f78db	grid_d2	false	false	0	1	false		
ARC1	evaluation	ca8f78db	objects	false	false	0	1	false		
ARC1	evaluation	ca8f78db	grid_objects	false	false	0	1	false		
ARC1	evaluation	f3b10344	complete	false	false	0	1	NA	id	
ARC1	evaluation	f3b10344	grid_d2	false	false	0	1	false		
ARC1	evaluation	f3b10344	objects	false	false	0	1	false		
ARC1	evaluation	f3b10344	grid_objects	false	false	0	1	false		
ARC1	evaluation	e133d23d	complete	true	true	1	1	NA	splitH or 2	
ARC1	evaluation	e133d23d	grid_d2	true	true	1	1	true	splitH or 2	splitH or 2
ARC1	evaluation	e133d23d	objects	false	false	0	1	false		
ARC1	evaluation	e133d23d	grid_objects	true	true	1	1	true	splitH or 2	splitH or 2
ARC1	training	aedd82e4	complete	false	false	0	1	NA	id	
ARC1	training	aedd82e4	grid_d2	false	false	0	1	false		
ARC1	training	aedd82e4	objects	true	true	1	1	true	zero-4-mono / Smallest / Recolour(1) / Original	zero-4-mono / Smallest / Recolour(1) / Original
ARC1	training	aedd82e4	grid_objects	true	true	1	1	true	zero-4-mono / Smallest / Recolour(1) / Original	zero-4-mono / Smallest / Recolour(1) / Original
ARC1	training	fafffa47	complete	true	true	1	1	NA	splitV nor 2	
ARC1	training	fafffa47	grid_d2	true	true	1	1	true	splitV nor 2	splitV nor 2
ARC1	training	fafffa47	objects	false	false	0	1	false		
ARC1	training	fafffa47	grid_objects	true	true	1	1	true	splitV nor 2	splitV nor 2
ARC1	training	bb43febb	complete	false	false	0	1	NA	id	
ARC1	training	bb43febb	grid_d2	false	false	0	1	false		
ARC1	training	bb43febb	objects	false	false	0	1	false		
ARC1	training	bb43febb	grid_objects	false	false	0	1	false		
ARC1	training	10fcaaa3	complete	false	false	0	1	NA	id	
ARC1	training	10fcaaa3	grid_d2	false	false	0	1	false		
ARC1	training	10fcaaa3	objects	false	false	0	1	false		
ARC1	training	10fcaaa3	grid_objects	false	false	0	1	false		
ARC1	evaluation	4ff4c9da	complete	false	false	0	1	NA	id	
ARC1	evaluation	4ff4c9da	grid_d2	false	false	0	1	false		
ARC1	evaluation	4ff4c9da	objects	false	false	0	1	false		
ARC1	evaluation	4ff4c9da	grid_objects	false	false	0	1	false		
ARC1	evaluation	ad7e01d0	complete	false	false	0	1	NA	id	
ARC1	evaluation	ad7e01d0	grid_d2	false	false	0	1	false		
ARC1	evaluation	ad7e01d0	objects	false	false	0	1	false		
ARC1	evaluation	ad7e01d0	grid_objects	false	false	0	1	false		
ARC1	training	91714a58	complete	false	false	0	1	NA	id	
ARC1	training	91714a58	grid_d2	false	false	0	1	false		
ARC1	training	91714a58	objects	false	false	0	1	false		
ARC1	training	91714a58	grid_objects	false	false	0	1	false		
ARC1	training	3345333e	complete	false	false	0	1	NA	id	
ARC1	training	3345333e	grid_d2	false	false	0	1	false		
ARC1	training	3345333e	objects	false	false	0	1	false		
ARC1	training	3345333e	grid_objects	false	false	0	1	false		
ARC1	training	7837ac64	complete	false	false	0	1	NA	id	
ARC1	training	7837ac64	grid_d2	false	false	0	1	false		
ARC1	training	7837ac64	objects	false	false	0	1	false		
ARC1	training	7837ac64	grid_objects	false	false	0	1	false		
ARC1	training	2dc579da	complete	false	false	0	1	NA	id	
ARC1	training	2dc579da	grid_d2	false	false	0	1	false		
ARC1	training	2dc579da	objects	false	false	0	1	false		
ARC1	training	2dc579da	grid_objects	false	false	0	1	false		
ARC1	training	5168d44c	complete	false	false	0	1	NA	flipV	
ARC1	training	5168d44c	grid_d2	false	false	0	1	false		
ARC1	training	5168d44c	objects	false	false	0	1	false		
ARC1	training	5168d44c	grid_objects	false	false	0	1	false		
ARC1	training	ef135b50	complete	false	false	0	1	NA	id	
ARC1	training	ef135b50	grid_d2	false	false	0	1	false		
ARC1	training	ef135b50	objects	false	false	0	1	false		
ARC1	training	ef135b50	grid_objects	false	false	0	1	false		
ARC1	evaluation	ed98d772	complete	false	false	0	1	NA	id	
ARC1	evaluation	ed98d772	grid_d2	false	false	0	1	false		
ARC1	evaluation	ed98d772	objects	false	false	0	1	false		
ARC1	evaluation	ed98d772	grid_objects	false	false	0	1	false		
ARC1	training	1b60fb0c	complete	false	false	0	1	NA	id	
ARC1	training	1b60fb0c	grid_d2	false	false	0	1	false		
ARC1	training	1b60fb0c	objects	false	false	0	1	false		
ARC1	training	1b60fb0c	grid_objects	false	false	0	1	false		
ARC1	training	b548a754	complete	false	false	0	1	NA	id	
ARC1	training	b548a754	grid_d2	false	false	0	1	false		
ARC1	training	b548a754	objects	false	false	0	1	false		
ARC1	training	b548a754	grid_objects	false	false	0	1	false		
ARC1	training	cdecee7f	complete	false	false	0	1	NA	id	
ARC1	training	cdecee7f	grid_d2	false	false	0	1	false		
ARC1	training	cdecee7f	objects	false	false	0	1	false		
ARC1	training	cdecee7f	grid_objects	false	false	0	1	false		
ARC1	evaluation	5b692c0f	complete	false	false	0	1	NA	id	
ARC1	evaluation	5b692c0f	grid_d2	false	false	0	1	false		
ARC1	evaluation	5b692c0f	objects	false	false	0	1	false		
ARC1	evaluation	5b692c0f	grid_objects	false	false	0	1	false		
ARC1	evaluation	c658a4bd	complete	false	false	0	1	NA	id	
ARC1	evaluation	c658a4bd	grid_d2	false	false	0	1	false		
ARC1	evaluation	c658a4bd	objects	false	false	0	1	false		
ARC1	evaluation	c658a4bd	grid_objects	false	false	0	1	false		
ARC1	training	178fcbfb	complete	false	false	0	1	NA	id	
ARC1	training	178fcbfb	grid_d2	false	false	0	1	false		
ARC1	training	178fcbfb	objects	false	false	0	1	false		
ARC1	training	178fcbfb	grid_objects	false	false	0	1	false		
ARC1	evaluation	e1baa8a4	complete	true	true	1	1	NA	dedupRows ; dedupCols	
ARC1	evaluation	e1baa8a4	grid_d2	true	true	1	1	true	dedupRows ; dedupCols	dedupRows ; dedupCols
ARC1	evaluation	e1baa8a4	objects	false	false	0	1	false		
ARC1	evaluation	e1baa8a4	grid_objects	true	true	1	1	true	dedupRows ; dedupCols	dedupRows ; dedupCols
ARC1	training	c1d99e64	complete	false	false	0	1	NA	id	
ARC1	training	c1d99e64	grid_d2	false	false	0	1	false		
ARC1	training	c1d99e64	objects	false	false	0	1	false		
ARC1	training	c1d99e64	grid_objects	false	false	0	1	false		
ARC1	evaluation	1c56ad9f	complete	false	false	0	1	NA	id	
ARC1	evaluation	1c56ad9f	grid_d2	false	false	0	1	false		
ARC1	evaluation	1c56ad9f	objects	false	false	0	1	false		
ARC1	evaluation	1c56ad9f	grid_objects	false	false	0	1	false		
ARC1	training	9dfd6313	complete	true	true	1	1	NA	transpose	
ARC1	training	9dfd6313	grid_d2	true	true	1	1	true	transpose	transpose
ARC1	training	9dfd6313	objects	false	false	0	1	false		
ARC1	training	9dfd6313	grid_objects	true	true	1	1	true	transpose	transpose
ARC1	evaluation	c87289bb	complete	false	false	0	1	NA	id	
ARC1	evaluation	c87289bb	grid_d2	false	false	0	1	false		
ARC1	evaluation	c87289bb	objects	false	false	0	1	false		
ARC1	evaluation	c87289bb	grid_objects	false	false	0	1	false		
ARC1	evaluation	14754a24	complete	false	false	0	1	NA	id	
ARC1	evaluation	14754a24	grid_d2	false	false	0	1	false		
ARC1	evaluation	14754a24	objects	false	false	0	1	false		
ARC1	evaluation	14754a24	grid_objects	false	false	0	1	false		
ARC1	training	2bcee788	complete	false	false	0	1	NA	id	
ARC1	training	2bcee788	grid_d2	false	false	0	1	false		
ARC1	training	2bcee788	objects	false	false	0	1	false		
ARC1	training	2bcee788	grid_objects	false	false	0	1	false		
ARC1	evaluation	696d4842	complete	false	false	0	1	NA	id	
ARC1	evaluation	696d4842	grid_d2	false	false	0	1	false		
ARC1	evaluation	696d4842	objects	false	false	0	1	false		
ARC1	evaluation	696d4842	grid_objects	false	false	0	1	false		
ARC1	training	63613498	complete	false	false	0	1	NA	recolour 9 5 ; recolour 6 5	
ARC1	training	63613498	grid_d2	false	false	0	1	false		
ARC1	training	63613498	objects	false	false	0	1	false		
ARC1	training	63613498	grid_objects	false	false	0	1	false		
ARC1	evaluation	ef26cbf6	complete	false	false	0	1	NA	id	
ARC1	evaluation	ef26cbf6	grid_d2	false	false	0	1	false		
ARC1	evaluation	ef26cbf6	objects	false	false	0	1	false		
ARC1	evaluation	ef26cbf6	grid_objects	false	false	0	1	false		
ARC1	evaluation	dc2aa30b	complete	false	false	0	1	NA	id	
ARC1	evaluation	dc2aa30b	grid_d2	false	false	0	1	false		
ARC1	evaluation	dc2aa30b	objects	false	false	0	1	false		
ARC1	evaluation	dc2aa30b	grid_objects	false	false	0	1	false		
ARC1	training	b9b7f026	complete	false	false	0	1	NA	id	
ARC1	training	b9b7f026	grid_d2	false	false	0	1	false		
ARC1	training	b9b7f026	objects	false	false	0	1	false		
ARC1	training	b9b7f026	grid_objects	false	false	0	1	false		
ARC1	training	ac0a08a4	complete	false	false	0	1	NA	scale 3	
ARC1	training	ac0a08a4	grid_d2	false	false	0	1	false		
ARC1	training	ac0a08a4	objects	false	false	0	1	false		
ARC1	training	ac0a08a4	grid_objects	false	false	0	1	false		
ARC1	training	0520fde7	complete	true	true	1	1	NA	splitH and 2	
ARC1	training	0520fde7	grid_d2	true	true	1	1	true	splitH and 2	splitH and 2
ARC1	training	0520fde7	objects	false	false	0	1	false		
ARC1	training	0520fde7	grid_objects	true	true	1	1	true	splitH and 2	splitH and 2
ARC1	evaluation	0607ce86	complete	false	false	0	1	NA	id	
ARC1	evaluation	0607ce86	grid_d2	false	false	0	1	false		
ARC1	evaluation	0607ce86	objects	false	false	0	1	false		
ARC1	evaluation	0607ce86	grid_objects	false	false	0	1	false		
ARC1	evaluation	ce039d91	complete	false	false	0	1	NA	id	
ARC1	evaluation	ce039d91	grid_d2	false	false	0	1	false		
ARC1	evaluation	ce039d91	objects	false	false	0	1	false		
ARC1	evaluation	ce039d91	grid_objects	false	false	0	1	false		
ARC1	evaluation	9356391f	complete	false	false	0	1	NA	id	
ARC1	evaluation	9356391f	grid_d2	false	false	0	1	false		
ARC1	evaluation	9356391f	objects	false	false	0	1	false		
ARC1	evaluation	9356391f	grid_objects	false	false	0	1	false		
ARC1	evaluation	22a4bbc2	complete	false	false	0	1	NA	id	
ARC1	evaluation	22a4bbc2	grid_d2	false	false	0	1	false		
ARC1	evaluation	22a4bbc2	objects	false	false	0	1	false		
ARC1	evaluation	22a4bbc2	grid_objects	false	false	0	1	false		
ARC1	evaluation	8a371977	complete	false	false	0	1	NA	id	
ARC1	evaluation	8a371977	grid_d2	false	false	0	1	false		
ARC1	evaluation	8a371977	objects	false	false	0	1	false		
ARC1	evaluation	8a371977	grid_objects	false	false	0	1	false		
ARC1	training	72322fa7	complete	false	false	0	1	NA	id	
ARC1	training	72322fa7	grid_d2	false	false	0	1	false		
ARC1	training	72322fa7	objects	false	false	0	1	false		
ARC1	training	72322fa7	grid_objects	false	false	0	1	false		
ARC1	training	bd4472b8	complete	false	false	0	1	NA	id	
ARC1	training	bd4472b8	grid_d2	false	false	0	1	false		
ARC1	training	bd4472b8	objects	false	false	0	1	false		
ARC1	training	bd4472b8	grid_objects	false	false	0	1	false		
ARC1	evaluation	9caba7c3	complete	false	false	0	1	NA	id	
ARC1	evaluation	9caba7c3	grid_d2	false	false	0	1	false		
ARC1	evaluation	9caba7c3	objects	false	false	0	1	false		
ARC1	evaluation	9caba7c3	grid_objects	false	false	0	1	false		
ARC1	evaluation	88207623	complete	false	false	0	1	NA	id	
ARC1	evaluation	88207623	grid_d2	false	false	0	1	false		
ARC1	evaluation	88207623	objects	false	false	0	1	false		
ARC1	evaluation	88207623	grid_objects	false	false	0	1	false		
ARC1	training	846bdb03	complete	false	false	0	1	NA	id	
ARC1	training	846bdb03	grid_d2	false	false	0	1	false		
ARC1	training	846bdb03	objects	false	false	0	1	false		
ARC1	training	846bdb03	grid_objects	false	false	0	1	false		
ARC1	evaluation	45737921	complete	false	false	0	1	NA	id	
ARC1	evaluation	45737921	grid_d2	false	false	0	1	false		
ARC1	evaluation	45737921	objects	false	false	0	1	false		
ARC1	evaluation	45737921	grid_objects	false	false	0	1	false		
ARC1	evaluation	4852f2fa	complete	false	false	0	2	NA	cropLargest	
ARC1	evaluation	4852f2fa	grid_d2	false	false	0	2	false		
ARC1	evaluation	4852f2fa	objects	false	false	0	2	false		
ARC1	evaluation	4852f2fa	grid_objects	false	false	0	2	false		
ARC1	evaluation	3ee1011a	complete	false	false	0	1	NA	id	
ARC1	evaluation	3ee1011a	grid_d2	false	false	0	1	false		
ARC1	evaluation	3ee1011a	objects	false	false	0	1	false		
ARC1	evaluation	3ee1011a	grid_objects	false	false	0	1	false		
ARC1	evaluation	df8cc377	complete	false	false	0	1	NA	id	
ARC1	evaluation	df8cc377	grid_d2	false	false	0	1	false		
ARC1	evaluation	df8cc377	objects	false	false	0	1	false		
ARC1	evaluation	df8cc377	grid_objects	false	false	0	1	false		
ARC1	evaluation	09c534e7	complete	false	false	0	1	NA	id	
ARC1	evaluation	09c534e7	grid_d2	false	false	0	1	false		
ARC1	evaluation	09c534e7	objects	false	false	0	1	false		
ARC1	evaluation	09c534e7	grid_objects	false	false	0	1	false		
ARC1	evaluation	c35c1b4c	complete	false	false	0	1	NA	id	
ARC1	evaluation	c35c1b4c	grid_d2	false	false	0	1	false		
ARC1	evaluation	c35c1b4c	objects	false	false	0	1	false		
ARC1	evaluation	c35c1b4c	grid_objects	false	false	0	1	false		
ARC1	evaluation	31d5ba1a	complete	true	true	2	2	NA	splitV xor 6	
ARC1	evaluation	31d5ba1a	grid_d2	true	true	2	2	true	splitV xor 6	splitV xor 6
ARC1	evaluation	31d5ba1a	objects	false	false	0	2	false		
ARC1	evaluation	31d5ba1a	grid_objects	true	true	2	2	true	splitV xor 6	splitV xor 6
ARC1	training	8f2ea7aa	complete	false	false	0	1	NA	id	
ARC1	training	8f2ea7aa	grid_d2	false	false	0	1	false		
ARC1	training	8f2ea7aa	objects	false	false	0	1	false		
ARC1	training	8f2ea7aa	grid_objects	false	false	0	1	false		
ARC1	evaluation	0b17323b	complete	false	false	0	1	NA	id	
ARC1	evaluation	0b17323b	grid_d2	false	false	0	1	false		
ARC1	evaluation	0b17323b	objects	false	false	0	1	false		
ARC1	evaluation	0b17323b	grid_objects	false	false	0	1	false		
ARC1	training	228f6490	complete	false	false	0	1	NA	id	
ARC1	training	228f6490	grid_d2	false	false	0	1	false		
ARC1	training	228f6490	objects	false	false	0	1	false		
ARC1	training	228f6490	grid_objects	false	false	0	1	false		
ARC1	training	0d3d703e	complete	false	false	0	1	NA	id	
ARC1	training	0d3d703e	grid_d2	false	false	0	1	false		
ARC1	training	0d3d703e	objects	false	false	0	1	false		
ARC1	training	0d3d703e	grid_objects	false	false	0	1	false		
ARC1	training	794b24be	complete	false	false	0	2	NA	id	
ARC1	training	794b24be	grid_d2	false	false	0	2	false		
ARC1	training	794b24be	objects	false	false	0	2	false		
ARC1	training	794b24be	grid_objects	false	false	0	2	false		
ARC1	training	d2abd087	complete	false	false	0	1	NA	id	
ARC1	training	d2abd087	grid_d2	false	false	0	1	false		
ARC1	training	d2abd087	objects	false	false	0	1	false		
ARC1	training	d2abd087	grid_objects	false	false	0	1	false		
ARC1	evaluation	a934301b	complete	false	false	0	1	NA	id	
ARC1	evaluation	a934301b	grid_d2	false	false	0	1	false		
ARC1	evaluation	a934301b	objects	false	false	0	1	false		
ARC1	evaluation	a934301b	grid_objects	false	false	0	1	false		
ARC1	evaluation	762cd429	complete	false	false	0	1	NA	id	
ARC1	evaluation	762cd429	grid_d2	false	false	0	1	false		
ARC1	evaluation	762cd429	objects	false	false	0	1	false		
ARC1	evaluation	762cd429	grid_objects	false	false	0	1	false		
ARC1	training	9565186b	complete	false	false	0	1	NA	recolour 1 5 ; recolour 8 5	
ARC1	training	9565186b	grid_d2	false	false	0	1	false		
ARC1	training	9565186b	objects	true	true	1	1	true	modal-4-mono / All / Recolour(5) / Original	modal-4-mono / All / Recolour(5) / Original
ARC1	training	9565186b	grid_objects	true	true	1	1	true	modal-4-mono / All / Recolour(5) / Original	modal-4-mono / All / Recolour(5) / Original
ARC1	training	b27ca6d3	complete	false	false	0	1	NA	id	
ARC1	training	b27ca6d3	grid_d2	false	false	0	1	false		
ARC1	training	b27ca6d3	objects	false	false	0	1	false		
ARC1	training	b27ca6d3	grid_objects	false	false	0	1	false		
ARC1	training	f8c80d96	complete	false	false	0	1	NA	id	
ARC1	training	f8c80d96	grid_d2	false	false	0	1	false		
ARC1	training	f8c80d96	objects	false	false	0	1	false		
ARC1	training	f8c80d96	grid_objects	false	false	0	1	false		
ARC1	training	f35d900a	complete	false	false	0	1	NA	id	
ARC1	training	f35d900a	grid_d2	false	false	0	1	false		
ARC1	training	f35d900a	objects	false	false	0	1	false		
ARC1	training	f35d900a	grid_objects	false	false	0	1	false		
ARC1	training	f9012d9b	complete	false	false	0	1	NA	id	
ARC1	training	f9012d9b	grid_d2	false	false	0	1	false		
ARC1	training	f9012d9b	objects	false	false	0	1	false		
ARC1	training	f9012d9b	grid_objects	false	false	0	1	false		
ARC1	training	99fa7670	complete	false	false	0	1	NA	id	
ARC1	training	99fa7670	grid_d2	false	false	0	1	false		
ARC1	training	99fa7670	objects	false	false	0	1	false		
ARC1	training	99fa7670	grid_objects	false	false	0	1	false		
ARC1	evaluation	6ad5bdfd	complete	false	false	0	1	NA	id	
ARC1	evaluation	6ad5bdfd	grid_d2	false	false	0	1	false		
ARC1	evaluation	6ad5bdfd	objects	false	false	0	1	false		
ARC1	evaluation	6ad5bdfd	grid_objects	false	false	0	1	false		
ARC1	training	890034e9	complete	false	false	0	1	NA	id	
ARC1	training	890034e9	grid_d2	false	false	0	1	false		
ARC1	training	890034e9	objects	false	false	0	1	false		
ARC1	training	890034e9	grid_objects	false	false	0	1	false		
ARC1	training	9ecd008a	complete	false	false	0	1	NA	id	
ARC1	training	9ecd008a	grid_d2	false	false	0	1	false		
ARC1	training	9ecd008a	objects	false	false	0	1	false		
ARC1	training	9ecd008a	grid_objects	false	false	0	1	false		
ARC1	evaluation	d492a647	complete	false	false	0	1	NA	id	
ARC1	evaluation	d492a647	grid_d2	false	false	0	1	false		
ARC1	evaluation	d492a647	objects	false	false	0	1	false		
ARC1	evaluation	d492a647	grid_objects	false	false	0	1	false		
ARC1	training	f25fbde4	complete	true	true	1	1	NA	scale 2 ; cropBBox	
ARC1	training	f25fbde4	grid_d2	true	true	1	1	true	scale 2 ; cropBBox	scale 2 ; cropBBox
ARC1	training	f25fbde4	objects	false	false	0	1	false		
ARC1	training	f25fbde4	grid_objects	true	true	1	1	true	scale 2 ; cropBBox	scale 2 ; cropBBox
ARC1	training	6fa7a44f	complete	true	true	1	1	NA	vconcatFlip	
ARC1	training	6fa7a44f	grid_d2	true	true	1	1	true	vconcatFlip	vconcatFlip
ARC1	training	6fa7a44f	objects	false	false	0	1	false		
ARC1	training	6fa7a44f	grid_objects	true	true	1	1	true	vconcatFlip	vconcatFlip
ARC1	evaluation	c7d4e6ad	complete	false	false	0	1	NA	id	
ARC1	evaluation	c7d4e6ad	grid_d2	false	false	0	1	false		
ARC1	evaluation	c7d4e6ad	objects	false	false	0	1	false		
ARC1	evaluation	c7d4e6ad	grid_objects	false	false	0	1	false		
ARC1	evaluation	505fff84	complete	false	false	0	1	NA	id	
ARC1	evaluation	505fff84	grid_d2	false	false	0	1	false		
ARC1	evaluation	505fff84	objects	false	false	0	1	false		
ARC1	evaluation	505fff84	grid_objects	false	false	0	1	false		
ARC1	evaluation	05a7bcf2	complete	false	false	0	1	NA	id	
ARC1	evaluation	05a7bcf2	grid_d2	false	false	0	1	false		
ARC1	evaluation	05a7bcf2	objects	false	false	0	1	false		
ARC1	evaluation	05a7bcf2	grid_objects	false	false	0	1	false		
ARC1	training	b1948b0a	complete	true	true	1	1	NA	recolour 6 2	
ARC1	training	b1948b0a	grid_d2	true	true	1	1	true	recolour 6 2	recolour 6 2
ARC1	training	b1948b0a	objects	true	true	1	1	true	zero-4-mono / Colour(6) / Recolour(2) / Original	zero-4-mono / Colour(6) / Recolour(2) / Original
ARC1	training	b1948b0a	grid_objects	true	true	1	1	true	recolour 6 2	recolour 6 2
ARC1	training	8403a5d5	complete	false	false	0	1	NA	id	
ARC1	training	8403a5d5	grid_d2	false	false	0	1	false		
ARC1	training	8403a5d5	objects	false	false	0	1	false		
ARC1	training	8403a5d5	grid_objects	false	false	0	1	false		
ARC1	evaluation	705a3229	complete	false	false	0	1	NA	id	
ARC1	evaluation	705a3229	grid_d2	false	false	0	1	false		
ARC1	evaluation	705a3229	objects	false	false	0	1	false		
ARC1	evaluation	705a3229	grid_objects	false	false	0	1	false		
ARC1	evaluation	891232d6	complete	false	false	0	1	NA	id	
ARC1	evaluation	891232d6	grid_d2	false	false	0	1	false		
ARC1	evaluation	891232d6	objects	false	false	0	1	false		
ARC1	evaluation	891232d6	grid_objects	false	false	0	1	false		
ARC1	training	834ec97d	complete	false	false	0	1	NA	id	
ARC1	training	834ec97d	grid_d2	false	false	0	1	false		
ARC1	training	834ec97d	objects	false	false	0	1	false		
ARC1	training	834ec97d	grid_objects	false	false	0	1	false		
ARC1	evaluation	72a961c9	complete	false	false	0	1	NA	id	
ARC1	evaluation	72a961c9	grid_d2	false	false	0	1	false		
ARC1	evaluation	72a961c9	objects	false	false	0	1	false		
ARC1	evaluation	72a961c9	grid_objects	false	false	0	1	false		
ARC1	evaluation	d017b73f	complete	false	false	0	1	NA	id	
ARC1	evaluation	d017b73f	grid_d2	false	false	0	1	false		
ARC1	evaluation	d017b73f	objects	false	false	0	1	false		
ARC1	evaluation	d017b73f	grid_objects	false	false	0	1	false		
ARC1	evaluation	2072aba6	complete	false	false	0	1	NA	id	
ARC1	evaluation	2072aba6	grid_d2	false	false	0	1	false		
ARC1	evaluation	2072aba6	objects	false	false	0	1	false		
ARC1	evaluation	2072aba6	grid_objects	false	false	0	1	false		
ARC1	evaluation	e5790162	complete	false	false	0	1	NA	id	
ARC1	evaluation	e5790162	grid_d2	false	false	0	1	false		
ARC1	evaluation	e5790162	objects	false	false	0	1	false		
ARC1	evaluation	e5790162	grid_objects	false	false	0	1	false		
ARC1	training	6855a6e4	complete	false	false	0	1	NA	id	
ARC1	training	6855a6e4	grid_d2	false	false	0	1	false		
ARC1	training	6855a6e4	objects	false	false	0	1	false		
ARC1	training	6855a6e4	grid_objects	false	false	0	1	false		
ARC1	training	469497ad	complete	false	false	0	1	NA	id	
ARC1	training	469497ad	grid_d2	false	false	0	1	false		
ARC1	training	469497ad	objects	false	false	0	1	false		
ARC1	training	469497ad	grid_objects	false	false	0	1	false		
ARC1	evaluation	e7639916	complete	false	false	0	1	NA	id	
ARC1	evaluation	e7639916	grid_d2	false	false	0	1	false		
ARC1	evaluation	e7639916	objects	false	false	0	1	false		
ARC1	evaluation	e7639916	grid_objects	false	false	0	1	false		
ARC1	evaluation	ba9d41b8	complete	false	false	0	1	NA	id	
ARC1	evaluation	ba9d41b8	grid_d2	false	false	0	1	false		
ARC1	evaluation	ba9d41b8	objects	false	false	0	1	false		
ARC1	evaluation	ba9d41b8	grid_objects	false	false	0	1	false		
ARC1	evaluation	184a9768	complete	false	false	0	1	NA	id	
ARC1	evaluation	184a9768	grid_d2	false	false	0	1	false		
ARC1	evaluation	184a9768	objects	false	false	0	1	false		
ARC1	evaluation	184a9768	grid_objects	false	false	0	1	false		
ARC1	evaluation	8ee62060	complete	false	false	0	1	NA	id	
ARC1	evaluation	8ee62060	grid_d2	false	false	0	1	false		
ARC1	evaluation	8ee62060	objects	false	false	0	1	false		
ARC1	evaluation	8ee62060	grid_objects	false	false	0	1	false		
ARC1	training	e98196ab	complete	false	false	0	1	NA	id	
ARC1	training	e98196ab	grid_d2	false	false	0	1	false		
ARC1	training	e98196ab	objects	false	false	0	1	false		
ARC1	training	e98196ab	grid_objects	false	false	0	1	false		
ARC1	evaluation	27a77e38	complete	false	false	0	1	NA	id	
ARC1	evaluation	27a77e38	grid_d2	false	false	0	1	false		
ARC1	evaluation	27a77e38	objects	false	false	0	1	false		
ARC1	evaluation	27a77e38	grid_objects	false	false	0	1	false		
ARC1	training	007bbfb7	complete	false	false	0	1	NA	id	
ARC1	training	007bbfb7	grid_d2	false	false	0	1	false		
ARC1	training	007bbfb7	objects	false	false	0	1	false		
ARC1	training	007bbfb7	grid_objects	false	false	0	1	false		
ARC1	evaluation	1c0d0a4b	complete	false	false	0	1	NA	id	
ARC1	evaluation	1c0d0a4b	grid_d2	false	false	0	1	false		
ARC1	evaluation	1c0d0a4b	objects	false	false	0	1	false		
ARC1	evaluation	1c0d0a4b	grid_objects	false	false	0	1	false		
ARC1	training	6b9890af	complete	false	false	0	1	NA	id	
ARC1	training	6b9890af	grid_d2	false	false	0	1	false		
ARC1	training	6b9890af	objects	false	false	0	1	false		
ARC1	training	6b9890af	grid_objects	false	false	0	1	false		
ARC1	training	a61f2674	complete	false	false	0	1	NA	id	
ARC1	training	a61f2674	grid_d2	false	false	0	1	false		
ARC1	training	a61f2674	objects	false	false	0	1	false		
ARC1	training	a61f2674	grid_objects	false	false	0	1	false		
ARC1	training	22168020	complete	false	false	0	1	NA	id	
ARC1	training	22168020	grid_d2	false	false	0	1	false		
ARC1	training	22168020	objects	false	false	0	1	false		
ARC1	training	22168020	grid_objects	false	false	0	1	false		
ARC1	evaluation	03560426	complete	false	false	0	1	NA	id	
ARC1	evaluation	03560426	grid_d2	false	false	0	1	false		
ARC1	evaluation	03560426	objects	false	false	0	1	false		
ARC1	evaluation	03560426	grid_objects	false	false	0	1	false		
ARC1	evaluation	e760a62e	complete	false	false	0	1	NA	id	
ARC1	evaluation	e760a62e	grid_d2	false	false	0	1	false		
ARC1	evaluation	e760a62e	objects	false	false	0	1	false		
ARC1	evaluation	e760a62e	grid_objects	false	false	0	1	false		
ARC1	evaluation	9772c176	complete	false	false	0	1	NA	id	
ARC1	evaluation	9772c176	grid_d2	false	false	0	1	false		
ARC1	evaluation	9772c176	objects	false	false	0	1	false		
ARC1	evaluation	9772c176	grid_objects	false	false	0	1	false		
ARC1	evaluation	e0fb7511	complete	false	false	0	1	NA	id	
ARC1	evaluation	e0fb7511	grid_d2	false	false	0	1	false		
ARC1	evaluation	e0fb7511	objects	false	false	0	1	false		
ARC1	evaluation	e0fb7511	grid_objects	false	false	0	1	false		
ARC1	training	ce602527	complete	false	false	0	1	NA	id	
ARC1	training	ce602527	grid_d2	false	false	0	1	false		
ARC1	training	ce602527	objects	false	false	0	1	false		
ARC1	training	ce602527	grid_objects	false	false	0	1	false		
ARC1	evaluation	12422b43	complete	false	false	0	1	NA	id	
ARC1	evaluation	12422b43	grid_d2	false	false	0	1	false		
ARC1	evaluation	12422b43	objects	false	false	0	1	false		
ARC1	evaluation	12422b43	grid_objects	false	false	0	1	false		
ARC1	training	09629e4f	complete	false	false	0	1	NA	id	
ARC1	training	09629e4f	grid_d2	false	false	0	1	false		
ARC1	training	09629e4f	objects	false	false	0	1	false		
ARC1	training	09629e4f	grid_objects	false	false	0	1	false		
ARC1	training	e50d258f	complete	false	false	0	1	NA	leftHalf ; cropSmallest	
ARC1	training	e50d258f	grid_d2	false	false	0	1	false		
ARC1	training	e50d258f	objects	false	false	0	1	false		
ARC1	training	e50d258f	grid_objects	false	false	0	1	false		
ARC1	training	67a423a3	complete	false	false	0	1	NA	id	
ARC1	training	67a423a3	grid_d2	false	false	0	1	false		
ARC1	training	67a423a3	objects	false	false	0	1	false		
ARC1	training	67a423a3	grid_objects	false	false	0	1	false		
ARC1	training	e76a88a6	complete	false	false	0	1	NA	id	
ARC1	training	e76a88a6	grid_d2	false	false	0	1	false		
ARC1	training	e76a88a6	objects	false	false	0	1	false		
ARC1	training	e76a88a6	grid_objects	false	false	0	1	false		
ARC1	evaluation	782b5218	complete	false	false	0	1	NA	id	
ARC1	evaluation	782b5218	grid_d2	false	false	0	1	false		
ARC1	evaluation	782b5218	objects	false	false	0	1	false		
ARC1	evaluation	782b5218	grid_objects	false	false	0	1	false		
ARC1	evaluation	31adaf00	complete	false	false	0	1	NA	id	
ARC1	evaluation	31adaf00	grid_d2	false	false	0	1	false		
ARC1	evaluation	31adaf00	objects	false	false	0	1	false		
ARC1	evaluation	31adaf00	grid_objects	false	false	0	1	false		
ARC1	training	ed36ccf7	complete	true	true	1	1	NA	rot270	
ARC1	training	ed36ccf7	grid_d2	true	true	1	1	true	rot270	rot270
ARC1	training	ed36ccf7	objects	false	false	0	1	false		
ARC1	training	ed36ccf7	grid_objects	true	true	1	1	true	rot270	rot270
ARC1	evaluation	34b99a2b	complete	true	true	1	1	NA	splitH xor 2	
ARC1	evaluation	34b99a2b	grid_d2	true	true	1	1	true	splitH xor 2	splitH xor 2
ARC1	evaluation	34b99a2b	objects	false	false	0	1	false		
ARC1	evaluation	34b99a2b	grid_objects	true	true	1	1	true	splitH xor 2	splitH xor 2
ARC1	training	3bdb4ada	complete	false	false	0	1	NA	id	
ARC1	training	3bdb4ada	grid_d2	false	false	0	1	false		
ARC1	training	3bdb4ada	objects	false	false	0	1	false		
ARC1	training	3bdb4ada	grid_objects	false	false	0	1	false		
ARC1	training	fcc82909	complete	false	false	0	1	NA	id	
ARC1	training	fcc82909	grid_d2	false	false	0	1	false		
ARC1	training	fcc82909	objects	false	false	0	1	false		
ARC1	training	fcc82909	grid_objects	false	false	0	1	false		
ARC1	training	b91ae062	complete	false	false	0	1	NA	scale 3	
ARC1	training	b91ae062	grid_d2	false	false	0	1	false		
ARC1	training	b91ae062	objects	false	false	0	1	false		
ARC1	training	b91ae062	grid_objects	false	false	0	1	false		
ARC1	training	025d127b	complete	false	false	0	1	NA	id	
ARC1	training	025d127b	grid_d2	false	false	0	1	false		
ARC1	training	025d127b	objects	false	false	0	1	false		
ARC1	training	025d127b	grid_objects	false	false	0	1	false		
ARC1	training	d4469b4b	complete	false	false	0	2	NA	id	
ARC1	training	d4469b4b	grid_d2	false	false	0	2	false		
ARC1	training	d4469b4b	objects	false	false	0	2	false		
ARC1	training	d4469b4b	grid_objects	false	false	0	2	false		
ARC1	evaluation	212895b5	complete	false	false	0	1	NA	id	
ARC1	evaluation	212895b5	grid_d2	false	false	0	1	false		
ARC1	evaluation	212895b5	objects	false	false	0	1	false		
ARC1	evaluation	212895b5	grid_objects	false	false	0	1	false		
ARC1	evaluation	af24b4cc	complete	false	false	0	1	NA	id	
ARC1	evaluation	af24b4cc	grid_d2	false	false	0	1	false		
ARC1	evaluation	af24b4cc	objects	false	false	0	1	false		
ARC1	evaluation	af24b4cc	grid_objects	false	false	0	1	false		
ARC1	training	8e5a5113	complete	false	false	0	1	NA	id	
ARC1	training	8e5a5113	grid_d2	false	false	0	1	false		
ARC1	training	8e5a5113	objects	false	false	0	1	false		
ARC1	training	8e5a5113	grid_objects	false	false	0	1	false		
ARC1	training	4258a5f9	complete	true	true	1	1	NA	box 1	
ARC1	training	4258a5f9	grid_d2	true	true	1	1	true	box 1	box 1
ARC1	training	4258a5f9	objects	false	false	0	1	false		
ARC1	training	4258a5f9	grid_objects	true	true	1	1	true	box 1	box 1
ARC1	training	1e0a9b12	complete	true	true	1	1	NA	gravityDown	
ARC1	training	1e0a9b12	grid_d2	true	true	1	1	true	gravityDown	gravityDown
ARC1	training	1e0a9b12	objects	false	false	0	1	false		
ARC1	training	1e0a9b12	grid_objects	true	true	1	1	true	gravityDown	gravityDown
ARC1	evaluation	1e97544e	complete	false	false	0	1	NA	id	
ARC1	evaluation	1e97544e	grid_d2	false	false	0	1	false		
ARC1	evaluation	1e97544e	objects	false	false	0	1	false		
ARC1	evaluation	1e97544e	grid_objects	false	false	0	1	false		
ARC1	training	5582e5ca	complete	true	true	1	1	NA	majorityFill	
ARC1	training	5582e5ca	grid_d2	true	true	1	1	true	majorityFill	majorityFill
ARC1	training	5582e5ca	objects	true	true	1	1	true	modal-4-mono / All / Erase / Original	modal-4-mono / All / Erase / Original
ARC1	training	5582e5ca	grid_objects	true	true	1	1	true	majorityFill	majorityFill
ARC1	evaluation	f0afb749	complete	false	false	0	1	NA	id	
ARC1	evaluation	f0afb749	grid_d2	false	false	0	1	false		
ARC1	evaluation	f0afb749	objects	false	false	0	1	false		
ARC1	evaluation	f0afb749	grid_objects	false	false	0	1	false		
ARC1	training	eb5a1d5d	complete	true	true	1	1	NA	dedupRows ; dedupCols	
ARC1	training	eb5a1d5d	grid_d2	true	true	1	1	true	dedupRows ; dedupCols	dedupRows ; dedupCols
ARC1	training	eb5a1d5d	objects	false	false	0	1	false		
ARC1	training	eb5a1d5d	grid_objects	true	true	1	1	true	dedupRows ; dedupCols	dedupRows ; dedupCols
ARC1	training	3631a71a	complete	false	false	0	1	NA	id	
ARC1	training	3631a71a	grid_d2	false	false	0	1	false		
ARC1	training	3631a71a	objects	false	false	0	1	false		
ARC1	training	3631a71a	grid_objects	false	false	0	1	false		
ARC1	training	d037b0a7	complete	false	false	0	1	NA	id	
ARC1	training	d037b0a7	grid_d2	false	false	0	1	false		
ARC1	training	d037b0a7	objects	false	false	0	1	false		
ARC1	training	d037b0a7	grid_objects	false	false	0	1	false		
ARC1	training	dc433765	complete	false	false	0	2	NA	id	
ARC1	training	dc433765	grid_d2	false	false	0	2	false		
ARC1	training	dc433765	objects	false	false	0	2	false		
ARC1	training	dc433765	grid_objects	false	false	0	2	false		
ARC1	evaluation	2f0c5170	complete	false	false	0	1	NA	id	
ARC1	evaluation	2f0c5170	grid_d2	false	false	0	1	false		
ARC1	evaluation	2f0c5170	objects	false	false	0	1	false		
ARC1	evaluation	2f0c5170	grid_objects	false	false	0	1	false		
ARC1	evaluation	cb227835	complete	false	false	0	1	NA	id	
ARC1	evaluation	cb227835	grid_d2	false	false	0	1	false		
ARC1	evaluation	cb227835	objects	false	false	0	1	false		
ARC1	evaluation	cb227835	grid_objects	false	false	0	1	false		
ARC1	evaluation	e619ca6e	complete	false	false	0	1	NA	id	
ARC1	evaluation	e619ca6e	grid_d2	false	false	0	1	false		
ARC1	evaluation	e619ca6e	objects	false	false	0	1	false		
ARC1	evaluation	e619ca6e	grid_objects	false	false	0	1	false		
ARC1	training	c9e6f938	complete	true	true	1	1	NA	hconcatFlip	
ARC1	training	c9e6f938	grid_d2	true	true	1	1	true	hconcatFlip	hconcatFlip
ARC1	training	c9e6f938	objects	false	false	0	1	false		
ARC1	training	c9e6f938	grid_objects	true	true	1	1	true	hconcatFlip	hconcatFlip
ARC1	evaluation	3b4c2228	complete	false	false	0	2	NA	id	
ARC1	evaluation	3b4c2228	grid_d2	false	false	0	2	false		
ARC1	evaluation	3b4c2228	objects	false	false	0	2	false		
ARC1	evaluation	3b4c2228	grid_objects	false	false	0	2	false		
ARC1	evaluation	cfb2ce5a	complete	false	false	0	1	NA	id	
ARC1	evaluation	cfb2ce5a	grid_d2	false	false	0	1	false		
ARC1	evaluation	cfb2ce5a	objects	false	false	0	1	false		
ARC1	evaluation	cfb2ce5a	grid_objects	false	false	0	1	false		
ARC1	evaluation	62ab2642	complete	false	false	0	1	NA	id	
ARC1	evaluation	62ab2642	grid_d2	false	false	0	1	false		
ARC1	evaluation	62ab2642	objects	false	false	0	1	false		
ARC1	evaluation	62ab2642	grid_objects	false	false	0	1	false		
ARC1	evaluation	d5c634a2	complete	false	false	0	2	NA	id	
ARC1	evaluation	d5c634a2	grid_d2	false	false	0	2	false		
ARC1	evaluation	d5c634a2	objects	false	false	0	2	false		
ARC1	evaluation	d5c634a2	grid_objects	false	false	0	2	false		
ARC1	evaluation	7c8af763	complete	false	false	0	1	NA	id	
ARC1	evaluation	7c8af763	grid_d2	false	false	0	1	false		
ARC1	evaluation	7c8af763	objects	false	false	0	1	false		
ARC1	evaluation	7c8af763	grid_objects	false	false	0	1	false		
ARC1	training	c3e719e8	complete	false	false	0	1	NA	id	
ARC1	training	c3e719e8	grid_d2	false	false	0	1	false		
ARC1	training	c3e719e8	objects	false	false	0	1	false		
ARC1	training	c3e719e8	grid_objects	false	false	0	1	false		
ARC1	training	f15e1fac	complete	false	false	0	1	NA	id	
ARC1	training	f15e1fac	grid_d2	false	false	0	1	false		
ARC1	training	f15e1fac	objects	false	false	0	1	false		
ARC1	training	f15e1fac	grid_objects	false	false	0	1	false		
ARC1	training	ded97339	complete	false	false	0	1	NA	id	
ARC1	training	ded97339	grid_d2	false	false	0	1	false		
ARC1	training	ded97339	objects	false	false	0	1	false		
ARC1	training	ded97339	grid_objects	false	false	0	1	false		
ARC1	evaluation	be03b35f	complete	false	false	0	1	NA	id	
ARC1	evaluation	be03b35f	grid_d2	false	false	0	1	false		
ARC1	evaluation	be03b35f	objects	false	false	0	1	false		
ARC1	evaluation	be03b35f	grid_objects	false	false	0	1	false		
ARC1	evaluation	7953d61e	complete	false	false	0	1	NA	id	
ARC1	evaluation	7953d61e	grid_d2	false	false	0	1	false		
ARC1	evaluation	7953d61e	objects	false	false	0	1	false		
ARC1	evaluation	7953d61e	grid_objects	false	false	0	1	false		
ARC1	training	29ec7d0e	complete	false	false	0	1	NA	id	
ARC1	training	29ec7d0e	grid_d2	false	false	0	1	false		
ARC1	training	29ec7d0e	objects	false	false	0	1	false		
ARC1	training	29ec7d0e	grid_objects	false	false	0	1	false		
ARC1	training	d10ecb37	complete	false	false	0	1	NA	id	
ARC1	training	d10ecb37	grid_d2	false	false	0	1	false		
ARC1	training	d10ecb37	objects	false	false	0	1	false		
ARC1	training	d10ecb37	grid_objects	false	false	0	1	false		
ARC1	training	56ff96f3	complete	false	false	0	1	NA	id	
ARC1	training	56ff96f3	grid_d2	false	false	0	1	false		
ARC1	training	56ff96f3	objects	false	false	0	1	false		
ARC1	training	56ff96f3	grid_objects	false	false	0	1	false		
ARC1	training	5521c0d9	complete	false	false	0	1	NA	id	
ARC1	training	5521c0d9	grid_d2	false	false	0	1	false		
ARC1	training	5521c0d9	objects	false	false	0	1	false		
ARC1	training	5521c0d9	grid_objects	false	false	0	1	false		
ARC1	training	1caeab9d	complete	false	false	0	1	NA	id	
ARC1	training	1caeab9d	grid_d2	false	false	0	1	false		
ARC1	training	1caeab9d	objects	false	false	0	1	false		
ARC1	training	1caeab9d	grid_objects	false	false	0	1	false		
ARC1	training	d13f3404	complete	false	false	0	1	NA	id	
ARC1	training	d13f3404	grid_d2	false	false	0	1	false		
ARC1	training	d13f3404	objects	false	false	0	1	false		
ARC1	training	d13f3404	grid_objects	false	false	0	1	false		
ARC1	training	8eb1be9a	complete	false	false	0	1	NA	id	
ARC1	training	8eb1be9a	grid_d2	false	false	0	1	false		
ARC1	training	8eb1be9a	objects	false	false	0	1	false		
ARC1	training	8eb1be9a	grid_objects	false	false	0	1	false		
ARC1	training	447fd412	complete	false	false	0	1	NA	id	
ARC1	training	447fd412	grid_d2	false	false	0	1	false		
ARC1	training	447fd412	objects	false	false	0	1	false		
ARC1	training	447fd412	grid_objects	false	false	0	1	false		
ARC1	evaluation	9f27f097	complete	false	false	0	1	NA	id	
ARC1	evaluation	9f27f097	grid_d2	false	false	0	1	false		
ARC1	evaluation	9f27f097	objects	false	false	0	1	false		
ARC1	evaluation	9f27f097	grid_objects	false	false	0	1	false		
ARC1	evaluation	1d398264	complete	false	false	0	2	NA	id	
ARC1	evaluation	1d398264	grid_d2	false	false	0	2	false		
ARC1	evaluation	1d398264	objects	false	false	0	2	false		
ARC1	evaluation	1d398264	grid_objects	false	false	0	2	false		
ARC1	evaluation	bc4146bd	complete	false	false	0	1	NA	id	
ARC1	evaluation	bc4146bd	grid_d2	false	false	0	1	false		
ARC1	evaluation	bc4146bd	objects	false	false	0	1	false		
ARC1	evaluation	bc4146bd	grid_objects	false	false	0	1	false		
ARC1	evaluation	3391f8c0	complete	false	false	0	1	NA	id	
ARC1	evaluation	3391f8c0	grid_d2	false	false	0	1	false		
ARC1	evaluation	3391f8c0	objects	false	false	0	1	false		
ARC1	evaluation	3391f8c0	grid_objects	false	false	0	1	false		
ARC1	evaluation	903d1b4a	complete	true	true	1	1	NA	recolour 3 0 ; symmetrize4	
ARC1	evaluation	903d1b4a	grid_d2	true	true	1	1	true	recolour 3 0 ; symmetrize4	recolour 3 0 ; symmetrize4
ARC1	evaluation	903d1b4a	objects	false	false	0	1	false		
ARC1	evaluation	903d1b4a	grid_objects	true	true	1	1	true	recolour 3 0 ; symmetrize4	recolour 3 0 ; symmetrize4
ARC1	evaluation	5783df64	complete	false	false	0	1	NA	id	
ARC1	evaluation	5783df64	grid_d2	false	false	0	1	false		
ARC1	evaluation	5783df64	objects	false	false	0	1	false		
ARC1	evaluation	5783df64	grid_objects	false	false	0	1	false		
ARC1	training	3618c87e	complete	false	false	0	1	NA	id	
ARC1	training	3618c87e	grid_d2	false	false	0	1	false		
ARC1	training	3618c87e	objects	false	false	0	1	false		
ARC1	training	3618c87e	grid_objects	false	false	0	1	false		
ARC1	evaluation	ac2e8ecf	complete	false	false	0	1	NA	id	
ARC1	evaluation	ac2e8ecf	grid_d2	false	false	0	1	false		
ARC1	evaluation	ac2e8ecf	objects	false	false	0	1	false		
ARC1	evaluation	ac2e8ecf	grid_objects	false	false	0	1	false		
ARC1	evaluation	551d5bf1	complete	false	false	0	1	NA	id	
ARC1	evaluation	551d5bf1	grid_d2	false	false	0	1	false		
ARC1	evaluation	551d5bf1	objects	false	false	0	1	false		
ARC1	evaluation	551d5bf1	grid_objects	false	false	0	1	false		
ARC1	evaluation	103eff5b	complete	false	false	0	1	NA	id	
ARC1	evaluation	103eff5b	grid_d2	false	false	0	1	false		
ARC1	evaluation	103eff5b	objects	false	false	0	1	false		
ARC1	evaluation	103eff5b	grid_objects	false	false	0	1	false		
ARC1	evaluation	917bccba	complete	false	false	0	1	NA	id	
ARC1	evaluation	917bccba	grid_d2	false	false	0	1	false		
ARC1	evaluation	917bccba	objects	false	false	0	1	false		
ARC1	evaluation	917bccba	grid_objects	false	false	0	1	false		
ARC1	evaluation	32e9702f	complete	true	true	1	1	NA	shiftLeft ; recolour 0 5	
ARC1	evaluation	32e9702f	grid_d2	true	true	1	1	true	shiftLeft ; recolour 0 5	shiftLeft ; recolour 0 5
ARC1	evaluation	32e9702f	objects	false	false	0	1	false		
ARC1	evaluation	32e9702f	grid_objects	true	true	1	1	true	shiftLeft ; recolour 0 5	shiftLeft ; recolour 0 5
ARC1	training	d06dbe63	complete	false	false	0	1	NA	id	
ARC1	training	d06dbe63	grid_d2	false	false	0	1	false		
ARC1	training	d06dbe63	objects	false	false	0	1	false		
ARC1	training	d06dbe63	grid_objects	false	false	0	1	false		
ARC1	evaluation	1d0a4b61	complete	false	false	0	1	NA	symmetrizeH ; recolour 0 1	
ARC1	evaluation	1d0a4b61	grid_d2	false	false	0	1	false		
ARC1	evaluation	1d0a4b61	objects	false	false	0	1	false		
ARC1	evaluation	1d0a4b61	grid_objects	false	false	0	1	false		
ARC1	training	3906de3d	complete	false	false	0	1	NA	id	
ARC1	training	3906de3d	grid_d2	false	false	0	1	false		
ARC1	training	3906de3d	objects	false	false	0	1	false		
ARC1	training	3906de3d	grid_objects	false	false	0	1	false		
ARC1	evaluation	ae58858e	complete	false	false	0	1	NA	id	
ARC1	evaluation	ae58858e	grid_d2	false	false	0	1	false		
ARC1	evaluation	ae58858e	objects	false	false	0	1	false		
ARC1	evaluation	ae58858e	grid_objects	false	false	0	1	false		
ARC1	evaluation	bb52a14b	complete	false	false	0	1	NA	id	
ARC1	evaluation	bb52a14b	grid_d2	false	false	0	1	false		
ARC1	evaluation	bb52a14b	objects	false	false	0	1	false		
ARC1	evaluation	bb52a14b	grid_objects	false	false	0	1	false		
ARC1	evaluation	759f3fd3	complete	false	false	0	1	NA	id	
ARC1	evaluation	759f3fd3	grid_d2	false	false	0	1	false		
ARC1	evaluation	759f3fd3	objects	false	false	0	1	false		
ARC1	evaluation	759f3fd3	grid_objects	false	false	0	1	false		
ARC1	evaluation	4c177718	complete	false	false	0	2	NA	id	
ARC1	evaluation	4c177718	grid_d2	false	false	0	2	false		
ARC1	evaluation	4c177718	objects	false	false	0	2	false		
ARC1	evaluation	4c177718	grid_objects	false	false	0	2	false		
ARC1	evaluation	770cc55f	complete	false	false	0	1	NA	id	
ARC1	evaluation	770cc55f	grid_d2	false	false	0	1	false		
ARC1	evaluation	770cc55f	objects	false	false	0	1	false		
ARC1	evaluation	770cc55f	grid_objects	false	false	0	1	false		
ARC1	evaluation	009d5c81	complete	false	false	0	1	NA	id	
ARC1	evaluation	009d5c81	grid_d2	false	false	0	1	false		
ARC1	evaluation	009d5c81	objects	false	false	0	1	false		
ARC1	evaluation	009d5c81	grid_objects	false	false	0	1	false		
ARC1	training	264363fd	complete	false	false	0	1	NA	id	
ARC1	training	264363fd	grid_d2	false	false	0	1	false		
ARC1	training	264363fd	objects	false	false	0	1	false		
ARC1	training	264363fd	grid_objects	false	false	0	1	false		
ARC1	evaluation	ac605cbb	complete	false	false	0	1	NA	id	
ARC1	evaluation	ac605cbb	grid_d2	false	false	0	1	false		
ARC1	evaluation	ac605cbb	objects	false	false	0	1	false		
ARC1	evaluation	ac605cbb	grid_objects	false	false	0	1	false		
ARC1	training	f1cefba8	complete	false	false	0	1	NA	id	
ARC1	training	f1cefba8	grid_d2	false	false	0	1	false		
ARC1	training	f1cefba8	objects	false	false	0	1	false		
ARC1	training	f1cefba8	grid_objects	false	false	0	1	false		
ARC1	evaluation	68b67ca3	complete	false	false	0	1	NA	id	
ARC1	evaluation	68b67ca3	grid_d2	false	false	0	1	false		
ARC1	evaluation	68b67ca3	objects	false	false	0	1	false		
ARC1	evaluation	68b67ca3	grid_objects	false	false	0	1	false		
ARC1	training	e9afcf9a	complete	false	false	0	1	NA	id	
ARC1	training	e9afcf9a	grid_d2	false	false	0	1	false		
ARC1	training	e9afcf9a	objects	false	false	0	1	false		
ARC1	training	e9afcf9a	grid_objects	false	false	0	1	false		
ARC1	evaluation	516b51b7	complete	false	false	0	1	NA	id	
ARC1	evaluation	516b51b7	grid_d2	false	false	0	1	false		
ARC1	evaluation	516b51b7	objects	false	false	0	1	false		
ARC1	evaluation	516b51b7	grid_objects	false	false	0	1	false		
ARC1	evaluation	351d6448	complete	false	false	0	1	NA	id	
ARC1	evaluation	351d6448	grid_d2	false	false	0	1	false		
ARC1	evaluation	351d6448	objects	false	false	0	1	false		
ARC1	evaluation	351d6448	grid_objects	false	false	0	1	false		
ARC1	training	a5f85a15	complete	false	false	0	1	NA	id	
ARC1	training	a5f85a15	grid_d2	false	false	0	1	false		
ARC1	training	a5f85a15	objects	false	false	0	1	false		
ARC1	training	a5f85a15	grid_objects	false	false	0	1	false		
ARC1	training	9aec4887	complete	false	false	0	1	NA	id	
ARC1	training	9aec4887	grid_d2	false	false	0	1	false		
ARC1	training	9aec4887	objects	false	false	0	1	false		
ARC1	training	9aec4887	grid_objects	false	false	0	1	false		
ARC1	evaluation	414297c0	complete	false	false	0	1	NA	id	
ARC1	evaluation	414297c0	grid_d2	false	false	0	1	false		
ARC1	evaluation	414297c0	objects	false	false	0	1	false		
ARC1	evaluation	414297c0	grid_objects	false	false	0	1	false		
ARC1	evaluation	e7b06bea	complete	false	false	0	1	NA	id	
ARC1	evaluation	e7b06bea	grid_d2	false	false	0	1	false		
ARC1	evaluation	e7b06bea	objects	false	false	0	1	false		
ARC1	evaluation	e7b06bea	grid_objects	false	false	0	1	false		
ARC1	training	ae3edfdc	complete	false	false	0	1	NA	id	
ARC1	training	ae3edfdc	grid_d2	false	false	0	1	false		
ARC1	training	ae3edfdc	objects	false	false	0	1	false		
ARC1	training	ae3edfdc	grid_objects	false	false	0	1	false		
ARC1	evaluation	2a5f8217	complete	false	false	0	1	NA	recolour 1 8	
ARC1	evaluation	2a5f8217	grid_d2	false	false	0	1	false		
ARC1	evaluation	2a5f8217	objects	false	false	0	1	false		
ARC1	evaluation	2a5f8217	grid_objects	false	false	0	1	false		
ARC1	evaluation	195ba7dc	complete	true	true	1	1	NA	splitH or 1	
ARC1	evaluation	195ba7dc	grid_d2	true	true	1	1	true	splitH or 1	splitH or 1
ARC1	evaluation	195ba7dc	objects	false	false	0	1	false		
ARC1	evaluation	195ba7dc	grid_objects	true	true	1	1	true	splitH or 1	splitH or 1
ARC1	training	c909285e	complete	false	false	0	1	NA	id	
ARC1	training	c909285e	grid_d2	false	false	0	1	false		
ARC1	training	c909285e	objects	false	false	0	1	false		
ARC1	training	c909285e	grid_objects	false	false	0	1	false		
ARC1	evaluation	7ee1c6ea	complete	false	false	0	1	NA	id	
ARC1	evaluation	7ee1c6ea	grid_d2	false	false	0	1	false		
ARC1	evaluation	7ee1c6ea	objects	false	false	0	1	false		
ARC1	evaluation	7ee1c6ea	grid_objects	false	false	0	1	false		
ARC1	evaluation	8e2edd66	complete	false	false	0	1	NA	id	
ARC1	evaluation	8e2edd66	grid_d2	false	false	0	1	false		
ARC1	evaluation	8e2edd66	objects	false	false	0	1	false		
ARC1	evaluation	8e2edd66	grid_objects	false	false	0	1	false		
ARC1	evaluation	15113be4	complete	false	false	0	1	NA	id	
ARC1	evaluation	15113be4	grid_d2	false	false	0	1	false		
ARC1	evaluation	15113be4	objects	false	false	0	1	false		
ARC1	evaluation	15113be4	grid_objects	false	false	0	1	false		
ARC1	evaluation	c3202e5a	complete	false	false	0	1	NA	id	
ARC1	evaluation	c3202e5a	grid_d2	false	false	0	1	false		
ARC1	evaluation	c3202e5a	objects	false	false	0	1	false		
ARC1	evaluation	c3202e5a	grid_objects	false	false	0	1	false		
ARC1	training	445eab21	complete	false	false	0	1	NA	id	
ARC1	training	445eab21	grid_d2	false	false	0	1	false		
ARC1	training	445eab21	objects	false	false	0	1	false		
ARC1	training	445eab21	grid_objects	false	false	0	1	false		
ARC1	training	f2829549	complete	true	true	1	1	NA	splitH nor 3	
ARC1	training	f2829549	grid_d2	true	true	1	1	true	splitH nor 3	splitH nor 3
ARC1	training	f2829549	objects	false	false	0	1	false		
ARC1	training	f2829549	grid_objects	true	true	1	1	true	splitH nor 3	splitH nor 3
ARC1	evaluation	e345f17b	complete	true	true	2	2	NA	splitH nor 4	
ARC1	evaluation	e345f17b	grid_d2	true	true	2	2	true	splitH nor 4	splitH nor 4
ARC1	evaluation	e345f17b	objects	false	false	0	2	false		
ARC1	evaluation	e345f17b	grid_objects	true	true	2	2	true	splitH nor 4	splitH nor 4
ARC1	evaluation	2753e76c	complete	false	false	0	1	NA	id	
ARC1	evaluation	2753e76c	grid_d2	false	false	0	1	false		
ARC1	evaluation	2753e76c	objects	false	false	0	1	false		
ARC1	evaluation	2753e76c	grid_objects	false	false	0	1	false		
ARC1	evaluation	626c0bcc	complete	false	false	0	1	NA	id	
ARC1	evaluation	626c0bcc	grid_d2	false	false	0	1	false		
ARC1	evaluation	626c0bcc	objects	false	false	0	1	false		
ARC1	evaluation	626c0bcc	grid_objects	false	false	0	1	false		
ARC1	evaluation	6a11f6da	complete	false	false	0	1	NA	id	
ARC1	evaluation	6a11f6da	grid_d2	false	false	0	1	false		
ARC1	evaluation	6a11f6da	objects	false	false	0	1	false		
ARC1	evaluation	6a11f6da	grid_objects	false	false	0	1	false		
ARC1	training	ecdecbb3	complete	false	false	0	1	NA	id	
ARC1	training	ecdecbb3	grid_d2	false	false	0	1	false		
ARC1	training	ecdecbb3	objects	false	false	0	1	false		
ARC1	training	ecdecbb3	grid_objects	false	false	0	1	false		
ARC1	evaluation	a59b95c0	complete	false	false	0	1	NA	tile 3 3	
ARC1	evaluation	a59b95c0	grid_d2	false	false	0	1	false		
ARC1	evaluation	a59b95c0	objects	false	false	0	1	false		
ARC1	evaluation	a59b95c0	grid_objects	false	false	0	1	false		
ARC1	evaluation	9c56f360	complete	false	false	0	1	NA	id	
ARC1	evaluation	9c56f360	grid_d2	false	false	0	1	false		
ARC1	evaluation	9c56f360	objects	false	false	0	1	false		
ARC1	evaluation	9c56f360	grid_objects	false	false	0	1	false		
ARC1	evaluation	4e469f39	complete	false	false	0	1	NA	id	
ARC1	evaluation	4e469f39	grid_d2	false	false	0	1	false		
ARC1	evaluation	4e469f39	objects	false	false	0	1	false		
ARC1	evaluation	4e469f39	grid_objects	false	false	0	1	false		
ARC1	evaluation	95a58926	complete	false	false	0	1	NA	id	
ARC1	evaluation	95a58926	grid_d2	false	false	0	1	false		
ARC1	evaluation	95a58926	objects	false	false	0	1	false		
ARC1	evaluation	95a58926	grid_objects	false	false	0	1	false		
ARC1	training	97999447	complete	false	false	0	1	NA	id	
ARC1	training	97999447	grid_d2	false	false	0	1	false		
ARC1	training	97999447	objects	false	false	0	1	false		
ARC1	training	97999447	grid_objects	false	false	0	1	false		
ARC1	training	776ffc46	complete	false	false	0	1	NA	id	
ARC1	training	776ffc46	grid_d2	false	false	0	1	false		
ARC1	training	776ffc46	objects	false	false	0	1	false		
ARC1	training	776ffc46	grid_objects	false	false	0	1	false		
ARC1	evaluation	4acc7107	complete	false	false	0	1	NA	id	
ARC1	evaluation	4acc7107	grid_d2	false	false	0	1	false		
ARC1	evaluation	4acc7107	objects	false	false	0	1	false		
ARC1	evaluation	4acc7107	grid_objects	false	false	0	1	false		
ARC1	training	239be575	complete	false	false	1	2	NA	cropSmallest	
ARC1	training	239be575	grid_d2	false	false	0	2	false		
ARC1	training	239be575	objects	false	false	0	2	false		
ARC1	training	239be575	grid_objects	false	false	0	2	false		
ARC1	evaluation	d282b262	complete	false	false	0	1	NA	id	
ARC1	evaluation	d282b262	grid_d2	false	false	0	1	false		
ARC1	evaluation	d282b262	objects	false	false	0	1	false		
ARC1	evaluation	d282b262	grid_objects	false	false	0	1	false		
ARC1	evaluation	97239e3d	complete	false	false	0	1	NA	id	
ARC1	evaluation	97239e3d	grid_d2	false	false	0	1	false		
ARC1	evaluation	97239e3d	objects	false	false	0	1	false		
ARC1	evaluation	97239e3d	grid_objects	false	false	0	1	false		
ARC1	evaluation	9def23fe	complete	false	false	0	1	NA	id	
ARC1	evaluation	9def23fe	grid_d2	false	false	0	1	false		
ARC1	evaluation	9def23fe	objects	false	false	0	1	false		
ARC1	evaluation	9def23fe	grid_objects	false	false	0	1	false		
ARC1	evaluation	15696249	complete	false	false	0	1	NA	id	
ARC1	evaluation	15696249	grid_d2	false	false	0	1	false		
ARC1	evaluation	15696249	objects	false	false	0	1	false		
ARC1	evaluation	15696249	grid_objects	false	false	0	1	false		
ARC1	training	8be77c9e	complete	true	true	1	1	NA	vconcatFlip	
ARC1	training	8be77c9e	grid_d2	true	true	1	1	true	vconcatFlip	vconcatFlip
ARC1	training	8be77c9e	objects	false	false	0	1	false		
ARC1	training	8be77c9e	grid_objects	true	true	1	1	true	vconcatFlip	vconcatFlip
ARC1	evaluation	f823c43c	complete	false	false	0	1	NA	id	
ARC1	evaluation	f823c43c	grid_d2	false	false	0	1	false		
ARC1	evaluation	f823c43c	objects	false	false	0	1	false		
ARC1	evaluation	f823c43c	grid_objects	false	false	0	1	false		
ARC1	training	4938f0c2	complete	false	false	0	1	NA	id	
ARC1	training	4938f0c2	grid_d2	false	false	0	1	false		
ARC1	training	4938f0c2	objects	false	false	0	1	false		
ARC1	training	4938f0c2	grid_objects	false	false	0	1	false		
ARC1	training	321b1fc6	complete	false	false	0	1	NA	id	
ARC1	training	321b1fc6	grid_d2	false	false	0	1	false		
ARC1	training	321b1fc6	objects	false	false	0	1	false		
ARC1	training	321b1fc6	grid_objects	false	false	0	1	false		
ARC1	training	0962bcdd	complete	false	false	0	1	NA	id	
ARC1	training	0962bcdd	grid_d2	false	false	0	1	false		
ARC1	training	0962bcdd	objects	false	false	0	1	false		
ARC1	training	0962bcdd	grid_objects	false	false	0	1	false		
ARC1	training	e5062a87	complete	false	false	0	1	NA	id	
ARC1	training	e5062a87	grid_d2	false	false	0	1	false		
ARC1	training	e5062a87	objects	false	false	0	1	false		
ARC1	training	e5062a87	grid_objects	false	false	0	1	false		
ARC1	training	50cb2852	complete	false	false	0	1	NA	id	
ARC1	training	50cb2852	grid_d2	false	false	0	1	false		
ARC1	training	50cb2852	objects	false	false	0	1	false		
ARC1	training	50cb2852	grid_objects	false	false	0	1	false		
ARC1	evaluation	639f5a19	complete	false	false	0	1	NA	id	
ARC1	evaluation	639f5a19	grid_d2	false	false	0	1	false		
ARC1	evaluation	639f5a19	objects	false	false	0	1	false		
ARC1	evaluation	639f5a19	grid_objects	false	false	0	1	false		
ARC1	evaluation	5b526a93	complete	false	false	0	1	NA	id	
ARC1	evaluation	5b526a93	grid_d2	false	false	0	1	false		
ARC1	evaluation	5b526a93	objects	false	false	0	1	false		
ARC1	evaluation	5b526a93	grid_objects	false	false	0	1	false		
ARC1	training	1f85a75f	complete	true	true	1	1	NA	cropLargest	
ARC1	training	1f85a75f	grid_d2	true	true	1	1	true	cropLargest	cropLargest
ARC1	training	1f85a75f	objects	true	true	1	1	true	zero-4-mono / Largest / Identity / Crop	zero-4-mono / Largest / Identity / Crop
ARC1	training	1f85a75f	grid_objects	true	true	1	1	true	cropLargest	cropLargest
ARC1	training	00d62c1b	complete	true	true	1	1	NA	fillEnclosed 4	
ARC1	training	00d62c1b	grid_d2	true	true	1	1	true	fillEnclosed 4	fillEnclosed 4
ARC1	training	00d62c1b	objects	false	false	0	1	false		
ARC1	training	00d62c1b	grid_objects	true	true	1	1	true	fillEnclosed 4	fillEnclosed 4
ARC1	evaluation	310f3251	complete	false	false	0	1	NA	id	
ARC1	evaluation	310f3251	grid_d2	false	false	0	1	false		
ARC1	evaluation	310f3251	objects	false	false	0	1	false		
ARC1	evaluation	310f3251	grid_objects	false	false	0	1	false		
ARC1	evaluation	27f8ce4f	complete	false	false	0	1	NA	id	
ARC1	evaluation	27f8ce4f	grid_d2	false	false	0	1	false		
ARC1	evaluation	27f8ce4f	objects	false	false	0	1	false		
ARC1	evaluation	27f8ce4f	grid_objects	false	false	0	1	false		
ARC1	training	137eaa0f	complete	false	false	0	1	NA	id	
ARC1	training	137eaa0f	grid_d2	false	false	0	1	false		
ARC1	training	137eaa0f	objects	false	false	0	1	false		
ARC1	training	137eaa0f	grid_objects	false	false	0	1	false		
ARC1	training	543a7ed5	complete	false	false	0	1	NA	id	
ARC1	training	543a7ed5	grid_d2	false	false	0	1	false		
ARC1	training	543a7ed5	objects	false	false	0	1	false		
ARC1	training	543a7ed5	grid_objects	false	false	0	1	false		
ARC1	training	5614dbcf	complete	false	false	0	1	NA	id	
ARC1	training	5614dbcf	grid_d2	false	false	0	1	false		
ARC1	training	5614dbcf	objects	false	false	0	1	false		
ARC1	training	5614dbcf	grid_objects	false	false	0	1	false		
ARC1	evaluation	37d3e8b2	complete	false	false	0	1	NA	id	
ARC1	evaluation	37d3e8b2	grid_d2	false	false	0	1	false		
ARC1	evaluation	37d3e8b2	objects	false	false	0	1	false		
ARC1	evaluation	37d3e8b2	grid_objects	false	false	0	1	false		
ARC1	training	56dc2b01	complete	false	false	0	1	NA	id	
ARC1	training	56dc2b01	grid_d2	false	false	0	1	false		
ARC1	training	56dc2b01	objects	false	false	0	1	false		
ARC1	training	56dc2b01	grid_objects	false	false	0	1	false		
ARC1	evaluation	281123b4	complete	false	false	0	1	NA	id	
ARC1	evaluation	281123b4	grid_d2	false	false	0	1	false		
ARC1	evaluation	281123b4	objects	false	false	0	1	false		
ARC1	evaluation	281123b4	grid_objects	false	false	0	1	false		
ARC1	evaluation	506d28a5	complete	true	true	1	1	NA	splitV or 3	
ARC1	evaluation	506d28a5	grid_d2	true	true	1	1	true	splitV or 3	splitV or 3
ARC1	evaluation	506d28a5	objects	false	false	0	1	false		
ARC1	evaluation	506d28a5	grid_objects	true	true	1	1	true	splitV or 3	splitV or 3
ARC1	evaluation	e95e3d8e	complete	false	false	0	1	NA	id	
ARC1	evaluation	e95e3d8e	grid_d2	false	false	0	1	false		
ARC1	evaluation	e95e3d8e	objects	false	false	0	1	false		
ARC1	evaluation	e95e3d8e	grid_objects	false	false	0	1	false		
ARC1	training	3eda0437	complete	false	false	0	1	NA	id	
ARC1	training	3eda0437	grid_d2	false	false	0	1	false		
ARC1	training	3eda0437	objects	false	false	0	1	false		
ARC1	training	3eda0437	grid_objects	false	false	0	1	false		
ARC1	training	49d1d64f	complete	false	false	0	1	NA	id	
ARC1	training	49d1d64f	grid_d2	false	false	0	1	false		
ARC1	training	49d1d64f	objects	false	false	0	1	false		
ARC1	training	49d1d64f	grid_objects	false	false	0	1	false		
ARC1	training	bda2d7a6	complete	false	false	0	2	NA	id	
ARC1	training	bda2d7a6	grid_d2	false	false	0	2	false		
ARC1	training	bda2d7a6	objects	false	false	0	2	false		
ARC1	training	bda2d7a6	grid_objects	false	false	0	2	false		
ARC1	evaluation	5d2a5c43	complete	true	true	2	2	NA	splitH or 8	
ARC1	evaluation	5d2a5c43	grid_d2	true	true	2	2	true	splitH or 8	splitH or 8
ARC1	evaluation	5d2a5c43	objects	false	false	0	2	false		
ARC1	evaluation	5d2a5c43	grid_objects	true	true	2	2	true	splitH or 8	splitH or 8
ARC1	training	f76d97a5	complete	false	false	0	1	NA	id	
ARC1	training	f76d97a5	grid_d2	false	false	0	1	false		
ARC1	training	f76d97a5	objects	false	false	0	1	false		
ARC1	training	f76d97a5	grid_objects	false	false	0	1	false		
ARC1	training	a2fd1cf0	complete	false	false	0	1	NA	id	
ARC1	training	a2fd1cf0	grid_d2	false	false	0	1	false		
ARC1	training	a2fd1cf0	objects	false	false	0	1	false		
ARC1	training	a2fd1cf0	grid_objects	false	false	0	1	false		
ARC1	evaluation	3194b014	complete	false	false	0	1	NA	id	
ARC1	evaluation	3194b014	grid_d2	false	false	0	1	false		
ARC1	evaluation	3194b014	objects	false	false	0	1	false		
ARC1	evaluation	3194b014	grid_objects	false	false	0	1	false		
ARC1	evaluation	94414823	complete	false	false	0	1	NA	id	
ARC1	evaluation	94414823	grid_d2	false	false	0	1	false		
ARC1	evaluation	94414823	objects	false	false	0	1	false		
ARC1	evaluation	94414823	grid_objects	false	false	0	1	false		
ARC1	training	db93a21d	complete	false	false	0	1	NA	id	
ARC1	training	db93a21d	grid_d2	false	false	0	1	false		
ARC1	training	db93a21d	objects	false	false	0	1	false		
ARC1	training	db93a21d	grid_objects	false	false	0	1	false		
ARC1	training	aabf363d	complete	false	false	0	1	NA	id	
ARC1	training	aabf363d	grid_d2	false	false	0	1	false		
ARC1	training	aabf363d	objects	false	false	0	1	false		
ARC1	training	aabf363d	grid_objects	false	false	0	1	false		
ARC1	evaluation	e7dd8335	complete	false	false	0	1	NA	id	
ARC1	evaluation	e7dd8335	grid_d2	false	false	0	1	false		
ARC1	evaluation	e7dd8335	objects	false	false	0	1	false		
ARC1	evaluation	e7dd8335	grid_objects	false	false	0	1	false		
ARC1	evaluation	c8b7cc0f	complete	false	false	0	1	NA	id	
ARC1	evaluation	c8b7cc0f	grid_d2	false	false	0	1	false		
ARC1	evaluation	c8b7cc0f	objects	false	false	0	1	false		
ARC1	evaluation	c8b7cc0f	grid_objects	false	false	0	1	false		
ARC1	training	6aa20dc0	complete	false	false	0	1	NA	id	
ARC1	training	6aa20dc0	grid_d2	false	false	0	1	false		
ARC1	training	6aa20dc0	objects	false	false	0	1	false		
ARC1	training	6aa20dc0	grid_objects	false	false	0	1	false		
ARC1	training	a61ba2ce	complete	false	false	0	1	NA	id	
ARC1	training	a61ba2ce	grid_d2	false	false	0	1	false		
ARC1	training	a61ba2ce	objects	false	false	0	1	false		
ARC1	training	a61ba2ce	grid_objects	false	false	0	1	false		
ARC1	training	e179c5f4	complete	false	false	0	1	NA	id	
ARC1	training	e179c5f4	grid_d2	false	false	0	1	false		
ARC1	training	e179c5f4	objects	false	false	0	1	false		
ARC1	training	e179c5f4	grid_objects	false	false	0	1	false		
ARC1	training	a9f96cdd	complete	false	false	0	1	NA	id	
ARC1	training	a9f96cdd	grid_d2	false	false	0	1	false		
ARC1	training	a9f96cdd	objects	false	false	0	1	false		
ARC1	training	a9f96cdd	grid_objects	false	false	0	1	false		
ARC1	evaluation	1e81d6f9	complete	false	false	0	1	NA	id	
ARC1	evaluation	1e81d6f9	grid_d2	false	false	0	1	false		
ARC1	evaluation	1e81d6f9	objects	false	false	0	1	false		
ARC1	evaluation	1e81d6f9	grid_objects	false	false	0	1	false		
ARC1	evaluation	0a2355a6	complete	false	false	0	1	NA	id	
ARC1	evaluation	0a2355a6	grid_d2	false	false	0	1	false		
ARC1	evaluation	0a2355a6	objects	false	false	0	1	false		
ARC1	evaluation	0a2355a6	grid_objects	false	false	0	1	false		
ARC1	training	4612dd53	complete	false	false	0	1	NA	id	
ARC1	training	4612dd53	grid_d2	false	false	0	1	false		
ARC1	training	4612dd53	objects	false	false	0	1	false		
ARC1	training	4612dd53	grid_objects	false	false	0	1	false		
ARC1	evaluation	e7a25a18	complete	false	false	0	1	NA	id	
ARC1	evaluation	e7a25a18	grid_d2	false	false	0	1	false		
ARC1	evaluation	e7a25a18	objects	false	false	0	1	false		
ARC1	evaluation	e7a25a18	grid_objects	false	false	0	1	false		
ARC1	training	d511f180	complete	false	false	0	1	NA	id	
ARC1	training	d511f180	grid_d2	false	false	0	1	false		
ARC1	training	d511f180	objects	false	false	0	1	false		
ARC1	training	d511f180	grid_objects	false	false	0	1	false		
ARC1	evaluation	aa4ec2a5	complete	false	false	0	1	NA	id	
ARC1	evaluation	aa4ec2a5	grid_d2	false	false	0	1	false		
ARC1	evaluation	aa4ec2a5	objects	false	false	0	1	false		
ARC1	evaluation	aa4ec2a5	grid_objects	false	false	0	1	false		
ARC1	training	963e52fc	complete	false	true	1	1	NA	tile 1 2	
ARC1	training	963e52fc	grid_d2	false	false	0	1	false		
ARC1	training	963e52fc	objects	false	false	0	1	false		
ARC1	training	963e52fc	grid_objects	false	false	0	1	false		
ARC1	evaluation	08573cc6	complete	false	false	0	1	NA	id	
ARC1	evaluation	08573cc6	grid_d2	false	false	0	1	false		
ARC1	evaluation	08573cc6	objects	false	false	0	1	false		
ARC1	evaluation	08573cc6	grid_objects	false	false	0	1	false		
ARC1	evaluation	e633a9e5	complete	false	false	0	1	NA	id	
ARC1	evaluation	e633a9e5	grid_d2	false	false	0	1	false		
ARC1	evaluation	e633a9e5	objects	false	false	0	1	false		
ARC1	evaluation	e633a9e5	grid_objects	false	false	0	1	false		
ARC1	training	8a004b2b	complete	false	false	0	1	NA	id	
ARC1	training	8a004b2b	grid_d2	false	false	0	1	false		
ARC1	training	8a004b2b	objects	false	false	0	1	false		
ARC1	training	8a004b2b	grid_objects	false	false	0	1	false		
ARC1	evaluation	66f2d22f	complete	true	true	1	1	NA	splitH nor 5	
ARC1	evaluation	66f2d22f	grid_d2	true	true	1	1	true	splitH nor 5	splitH nor 5
ARC1	evaluation	66f2d22f	objects	false	false	0	1	false		
ARC1	evaluation	66f2d22f	grid_objects	true	true	1	1	true	splitH nor 5	splitH nor 5
ARC1	training	90c28cc7	complete	false	false	0	1	NA	id	
ARC1	training	90c28cc7	grid_d2	false	false	0	1	false		
ARC1	training	90c28cc7	objects	false	false	0	1	false		
ARC1	training	90c28cc7	grid_objects	false	false	0	1	false		
ARC1	evaluation	fea12743	complete	false	false	0	1	NA	id	
ARC1	evaluation	fea12743	grid_d2	false	false	0	1	false		
ARC1	evaluation	fea12743	objects	false	false	0	1	false		
ARC1	evaluation	fea12743	grid_objects	false	false	0	1	false		
ARC1	training	05f2a901	complete	false	false	0	1	NA	id	
ARC1	training	05f2a901	grid_d2	false	false	0	1	false		
ARC1	training	05f2a901	objects	false	false	0	1	false		
ARC1	training	05f2a901	grid_objects	false	false	0	1	false		
ARC1	evaluation	6f473927	complete	false	false	0	1	NA	id	
ARC1	evaluation	6f473927	grid_d2	false	false	0	1	false		
ARC1	evaluation	6f473927	objects	false	false	0	1	false		
ARC1	evaluation	6f473927	grid_objects	false	false	0	1	false		
ARC1	training	3bd67248	complete	false	false	0	1	NA	id	
ARC1	training	3bd67248	grid_d2	false	false	0	1	false		
ARC1	training	3bd67248	objects	false	false	0	1	false		
ARC1	training	3bd67248	grid_objects	false	false	0	1	false		
ARC1	training	e21d9049	complete	false	false	0	1	NA	id	
ARC1	training	e21d9049	grid_d2	false	false	0	1	false		
ARC1	training	e21d9049	objects	false	false	0	1	false		
ARC1	training	e21d9049	grid_objects	false	false	0	1	false		
ARC1	training	74dd1130	complete	true	true	1	1	NA	transpose	
ARC1	training	74dd1130	grid_d2	true	true	1	1	true	transpose	transpose
ARC1	training	74dd1130	objects	false	false	0	1	false		
ARC1	training	74dd1130	grid_objects	true	true	1	1	true	transpose	transpose
ARC1	training	75b8110e	complete	false	false	0	1	NA	id	
ARC1	training	75b8110e	grid_d2	false	false	0	1	false		
ARC1	training	75b8110e	objects	false	false	0	1	false		
ARC1	training	75b8110e	grid_objects	false	false	0	1	false		
ARC1	evaluation	4e45f183	complete	false	false	0	1	NA	id	
ARC1	evaluation	4e45f183	grid_d2	false	false	0	1	false		
ARC1	evaluation	4e45f183	objects	false	false	0	1	false		
ARC1	evaluation	4e45f183	grid_objects	false	false	0	1	false		
ARC1	evaluation	e2092e0c	complete	false	false	0	1	NA	id	
ARC1	evaluation	e2092e0c	grid_d2	false	false	0	1	false		
ARC1	evaluation	e2092e0c	objects	false	false	0	1	false		
ARC1	evaluation	e2092e0c	grid_objects	false	false	0	1	false		
ARC1	evaluation	c62e2108	complete	false	false	0	1	NA	id	
ARC1	evaluation	c62e2108	grid_d2	false	false	0	1	false		
ARC1	evaluation	c62e2108	objects	false	false	0	1	false		
ARC1	evaluation	c62e2108	grid_objects	false	false	0	1	false		
ARC1	evaluation	94be5b80	complete	false	false	0	1	NA	id	
ARC1	evaluation	94be5b80	grid_d2	false	false	0	1	false		
ARC1	evaluation	94be5b80	objects	false	false	0	1	false		
ARC1	evaluation	94be5b80	grid_objects	false	false	0	1	false		
ARC1	training	bc1d5164	complete	false	false	0	1	NA	id	
ARC1	training	bc1d5164	grid_d2	false	false	0	1	false		
ARC1	training	bc1d5164	objects	false	false	0	1	false		
ARC1	training	bc1d5164	grid_objects	false	false	0	1	false		
ARC1	training	bdad9b1f	complete	false	false	0	1	NA	id	
ARC1	training	bdad9b1f	grid_d2	false	false	0	1	false		
ARC1	training	bdad9b1f	objects	false	false	0	1	false		
ARC1	training	bdad9b1f	grid_objects	false	false	0	1	false		
ARC1	training	9d9215db	complete	false	false	0	1	NA	id	
ARC1	training	9d9215db	grid_d2	false	false	0	1	false		
ARC1	training	9d9215db	objects	false	false	0	1	false		
ARC1	training	9d9215db	grid_objects	false	false	0	1	false		
ARC1	evaluation	845d6e51	complete	false	false	0	1	NA	id	
ARC1	evaluation	845d6e51	grid_d2	false	false	0	1	false		
ARC1	evaluation	845d6e51	objects	false	false	0	1	false		
ARC1	evaluation	845d6e51	grid_objects	false	false	0	1	false		
ARC1	evaluation	b9630600	complete	false	false	0	1	NA	id	
ARC1	evaluation	b9630600	grid_d2	false	false	0	1	false		
ARC1	evaluation	b9630600	objects	false	false	0	1	false		
ARC1	evaluation	b9630600	grid_objects	false	false	0	1	false		
ARC1	training	a740d043	complete	true	true	1	1	NA	recolour 1 0 ; cropBBox	
ARC1	training	a740d043	grid_d2	true	true	1	1	true	recolour 1 0 ; cropBBox	recolour 1 0 ; cropBBox
ARC1	training	a740d043	objects	false	false	0	1	false		
ARC1	training	a740d043	grid_objects	true	true	1	1	true	recolour 1 0 ; cropBBox	recolour 1 0 ; cropBBox
ARC1	training	ddf7fa4f	complete	false	false	0	1	NA	id	
ARC1	training	ddf7fa4f	grid_d2	false	false	0	1	false		
ARC1	training	ddf7fa4f	objects	false	false	0	1	false		
ARC1	training	ddf7fa4f	grid_objects	false	false	0	1	false		
ARC1	evaluation	52fd389e	complete	false	false	0	1	NA	id	
ARC1	evaluation	52fd389e	grid_d2	false	false	0	1	false		
ARC1	evaluation	52fd389e	objects	false	false	0	1	false		
ARC1	evaluation	52fd389e	grid_objects	false	false	0	1	false		
ARC1	evaluation	f21745ec	complete	false	false	0	1	NA	id	
ARC1	evaluation	f21745ec	grid_d2	false	false	0	1	false		
ARC1	evaluation	f21745ec	objects	false	false	0	1	false		
ARC1	evaluation	f21745ec	grid_objects	false	false	0	1	false		
ARC1	evaluation	137f0df0	complete	false	false	0	1	NA	id	
ARC1	evaluation	137f0df0	grid_d2	false	false	0	1	false		
ARC1	evaluation	137f0df0	objects	false	false	0	1	false		
ARC1	evaluation	137f0df0	grid_objects	false	false	0	1	false		
ARC1	evaluation	981571dc	complete	false	false	0	1	NA	id	
ARC1	evaluation	981571dc	grid_d2	false	false	0	1	false		
ARC1	evaluation	981571dc	objects	false	false	0	1	false		
ARC1	evaluation	981571dc	grid_objects	false	false	0	1	false		
ARC1	evaluation	bbb1b8b6	complete	false	false	1	2	NA	leftHalf	
ARC1	evaluation	bbb1b8b6	grid_d2	false	false	0	2	false		
ARC1	evaluation	bbb1b8b6	objects	false	false	0	2	false		
ARC1	evaluation	bbb1b8b6	grid_objects	false	false	0	2	false		
ARC1	evaluation	0e671a1a	complete	false	false	0	1	NA	id	
ARC1	evaluation	0e671a1a	grid_d2	false	false	0	1	false		
ARC1	evaluation	0e671a1a	objects	false	false	0	1	false		
ARC1	evaluation	0e671a1a	grid_objects	false	false	0	1	false		
ARC1	training	dc0a314f	complete	false	false	0	1	NA	id	
ARC1	training	dc0a314f	grid_d2	false	false	0	1	false		
ARC1	training	dc0a314f	objects	false	false	0	1	false		
ARC1	training	dc0a314f	grid_objects	false	false	0	1	false		
ARC1	training	760b3cac	complete	false	false	0	1	NA	id	
ARC1	training	760b3cac	grid_d2	false	false	0	1	false		
ARC1	training	760b3cac	objects	false	false	0	1	false		
ARC1	training	760b3cac	grid_objects	false	false	0	1	false		
ARC1	training	23581191	complete	false	false	0	1	NA	id	
ARC1	training	23581191	grid_d2	false	false	0	1	false		
ARC1	training	23581191	objects	false	false	0	1	false		
ARC1	training	23581191	grid_objects	false	false	0	1	false		
ARC1	training	d4f3cd78	complete	false	false	0	1	NA	id	
ARC1	training	d4f3cd78	grid_d2	false	false	0	1	false		
ARC1	training	d4f3cd78	objects	false	false	0	1	false		
ARC1	training	d4f3cd78	grid_objects	false	false	0	1	false		
ARC1	evaluation	fb791726	complete	false	false	0	1	NA	id	
ARC1	evaluation	fb791726	grid_d2	false	false	0	1	false		
ARC1	evaluation	fb791726	objects	false	false	0	1	false		
ARC1	evaluation	fb791726	grid_objects	false	false	0	1	false		
ARC1	training	7c008303	complete	false	false	0	1	NA	id	
ARC1	training	7c008303	grid_d2	false	false	0	1	false		
ARC1	training	7c008303	objects	false	false	0	1	false		
ARC1	training	7c008303	grid_objects	false	false	0	1	false		
ARC1	training	1b2d62fb	complete	true	true	1	1	NA	splitH nor 8	
ARC1	training	1b2d62fb	grid_d2	true	true	1	1	true	splitH nor 8	splitH nor 8
ARC1	training	1b2d62fb	objects	false	false	0	1	false		
ARC1	training	1b2d62fb	grid_objects	true	true	1	1	true	splitH nor 8	splitH nor 8
ARC1	training	9af7a82c	complete	false	false	0	1	NA	id	
ARC1	training	9af7a82c	grid_d2	false	false	0	1	false		
ARC1	training	9af7a82c	objects	false	false	0	1	false		
ARC1	training	9af7a82c	grid_objects	false	false	0	1	false		
ARC1	evaluation	1a2e2828	complete	false	false	0	1	NA	id	
ARC1	evaluation	1a2e2828	grid_d2	false	false	0	1	false		
ARC1	evaluation	1a2e2828	objects	false	false	0	1	false		
ARC1	evaluation	1a2e2828	grid_objects	false	false	0	1	false		
ARC1	evaluation	b15fca0b	complete	false	false	0	1	NA	id	
ARC1	evaluation	b15fca0b	grid_d2	false	false	0	1	false		
ARC1	evaluation	b15fca0b	objects	false	false	0	1	false		
ARC1	evaluation	b15fca0b	grid_objects	false	false	0	1	false		
ARC1	training	8731374e	complete	false	false	0	1	NA	id	
ARC1	training	8731374e	grid_d2	false	false	0	1	false		
ARC1	training	8731374e	objects	false	false	0	1	false		
ARC1	training	8731374e	grid_objects	false	false	0	1	false		
ARC1	evaluation	332efdb3	complete	false	false	0	1	NA	id	
ARC1	evaluation	332efdb3	grid_d2	false	false	0	1	false		
ARC1	evaluation	332efdb3	objects	false	false	0	1	false		
ARC1	evaluation	332efdb3	grid_objects	false	false	0	1	false		
ARC1	training	b527c5c6	complete	false	false	0	1	NA	id	
ARC1	training	b527c5c6	grid_d2	false	false	0	1	false		
ARC1	training	b527c5c6	objects	false	false	0	1	false		
ARC1	training	b527c5c6	grid_objects	false	false	0	1	false		
ARC1	training	6d0160f0	complete	false	false	0	1	NA	id	
ARC1	training	6d0160f0	grid_d2	false	false	0	1	false		
ARC1	training	6d0160f0	objects	false	false	0	1	false		
ARC1	training	6d0160f0	grid_objects	false	false	0	1	false		
ARC1	evaluation	f9a67cb5	complete	false	false	0	1	NA	id	
ARC1	evaluation	f9a67cb5	grid_d2	false	false	0	1	false		
ARC1	evaluation	f9a67cb5	objects	false	false	0	1	false		
ARC1	evaluation	f9a67cb5	grid_objects	false	false	0	1	false		
ARC1	evaluation	2546ccf6	complete	false	false	0	1	NA	symmetrizeH	
ARC1	evaluation	2546ccf6	grid_d2	false	false	0	1	false		
ARC1	evaluation	2546ccf6	objects	false	false	0	1	false		
ARC1	evaluation	2546ccf6	grid_objects	false	false	0	1	false		
ARC1	evaluation	1990f7a8	complete	false	false	0	1	NA	id	
ARC1	evaluation	1990f7a8	grid_d2	false	false	0	1	false		
ARC1	evaluation	1990f7a8	objects	false	false	0	1	false		
ARC1	evaluation	1990f7a8	grid_objects	false	false	0	1	false		
ARC1	training	913fb3ed	complete	false	false	0	1	NA	box 4	
ARC1	training	913fb3ed	grid_d2	false	false	0	1	false		
ARC1	training	913fb3ed	objects	false	false	0	1	false		
ARC1	training	913fb3ed	grid_objects	false	false	0	1	false		
ARC1	training	40853293	complete	false	false	0	1	NA	id	
ARC1	training	40853293	grid_d2	false	false	0	1	false		
ARC1	training	40853293	objects	false	false	0	1	false		
ARC1	training	40853293	grid_objects	false	false	0	1	false		
ARC1	training	e509e548	complete	false	false	0	1	NA	id	
ARC1	training	e509e548	grid_d2	false	false	0	1	false		
ARC1	training	e509e548	objects	false	false	0	1	false		
ARC1	training	e509e548	grid_objects	false	false	0	1	false		
ARC1	training	feca6190	complete	false	false	0	1	NA	id	
ARC1	training	feca6190	grid_d2	false	false	0	1	false		
ARC1	training	feca6190	objects	false	false	0	1	false		
ARC1	training	feca6190	grid_objects	false	false	0	1	false		
ARC1	evaluation	0c786b71	complete	true	true	1	1	NA	rot180 ; mirror4	
ARC1	evaluation	0c786b71	grid_d2	true	true	1	1	true	rot180 ; mirror4	rot180 ; mirror4
ARC1	evaluation	0c786b71	objects	false	false	0	1	false		
ARC1	evaluation	0c786b71	grid_objects	true	true	1	1	true	rot180 ; mirror4	rot180 ; mirror4
ARC1	training	d89b689b	complete	false	false	0	1	NA	id	
ARC1	training	d89b689b	grid_d2	false	false	0	1	false		
ARC1	training	d89b689b	objects	false	false	0	1	false		
ARC1	training	d89b689b	grid_objects	false	false	0	1	false		
ARC1	evaluation	9b365c51	complete	false	false	0	1	NA	id	
ARC1	evaluation	9b365c51	grid_d2	false	false	0	1	false		
ARC1	evaluation	9b365c51	objects	false	false	0	1	false		
ARC1	evaluation	9b365c51	grid_objects	false	false	0	1	false		
ARC1	training	54d9e175	complete	false	false	0	1	NA	id	
ARC1	training	54d9e175	grid_d2	false	false	0	1	false		
ARC1	training	54d9e175	objects	false	false	0	1	false		
ARC1	training	54d9e175	grid_objects	false	false	0	1	false		
ARC1	evaluation	642248e4	complete	false	false	0	1	NA	id	
ARC1	evaluation	642248e4	grid_d2	false	false	0	1	false		
ARC1	evaluation	642248e4	objects	false	false	0	1	false		
ARC1	evaluation	642248e4	grid_objects	false	false	0	1	false		
ARC1	evaluation	1da012fc	complete	false	false	0	1	NA	id	
ARC1	evaluation	1da012fc	grid_d2	false	false	0	1	false		
ARC1	evaluation	1da012fc	objects	false	false	0	1	false		
ARC1	evaluation	1da012fc	grid_objects	false	false	0	1	false		
ARC1	evaluation	f9d67f8b	complete	false	false	0	1	NA	id	
ARC1	evaluation	f9d67f8b	grid_d2	false	false	0	1	false		
ARC1	evaluation	f9d67f8b	objects	false	false	0	1	false		
ARC1	evaluation	f9d67f8b	grid_objects	false	false	0	1	false		
ARC1	training	6773b310	complete	false	false	0	1	NA	id	
ARC1	training	6773b310	grid_d2	false	false	0	1	false		
ARC1	training	6773b310	objects	false	false	0	1	false		
ARC1	training	6773b310	grid_objects	false	false	0	1	false		
ARC1	evaluation	cad67732	complete	false	false	0	1	NA	id	
ARC1	evaluation	cad67732	grid_d2	false	false	0	1	false		
ARC1	evaluation	cad67732	objects	false	false	0	1	false		
ARC1	evaluation	cad67732	grid_objects	false	false	0	1	false		
ARC1	training	6c434453	complete	false	false	0	1	NA	id	
ARC1	training	6c434453	grid_d2	false	false	0	1	false		
ARC1	training	6c434453	objects	false	false	0	1	false		
ARC1	training	6c434453	grid_objects	false	false	0	1	false		
ARC1	training	ec883f72	complete	false	false	0	1	NA	id	
ARC1	training	ec883f72	grid_d2	false	false	0	1	false		
ARC1	training	ec883f72	objects	false	false	0	1	false		
ARC1	training	ec883f72	grid_objects	false	false	0	1	false		
ARC1	evaluation	8dae5dfc	complete	false	false	0	1	NA	id	
ARC1	evaluation	8dae5dfc	grid_d2	false	false	0	1	false		
ARC1	evaluation	8dae5dfc	objects	false	false	0	1	false		
ARC1	evaluation	8dae5dfc	grid_objects	false	false	0	1	false		
ARC1	evaluation	d56f2372	complete	false	false	0	1	NA	id	
ARC1	evaluation	d56f2372	grid_d2	false	false	0	1	false		
ARC1	evaluation	d56f2372	objects	false	false	0	1	false		
ARC1	evaluation	d56f2372	grid_objects	false	false	0	1	false		
ARC1	training	a8c38be5	complete	false	false	0	1	NA	id	
ARC1	training	a8c38be5	grid_d2	false	false	0	1	false		
ARC1	training	a8c38be5	objects	false	false	0	1	false		
ARC1	training	a8c38be5	grid_objects	false	false	0	1	false		
ARC1	training	c3f564a4	complete	false	false	0	1	NA	id	
ARC1	training	c3f564a4	grid_d2	false	false	0	1	false		
ARC1	training	c3f564a4	objects	false	false	0	1	false		
ARC1	training	c3f564a4	grid_objects	false	false	0	1	false		
ARC1	evaluation	17b80ad2	complete	false	false	0	1	NA	id	
ARC1	evaluation	17b80ad2	grid_d2	false	false	0	1	false		
ARC1	evaluation	17b80ad2	objects	false	false	0	1	false		
ARC1	evaluation	17b80ad2	grid_objects	false	false	0	1	false		
ARC1	training	1f0c79e5	complete	false	false	0	1	NA	id	
ARC1	training	1f0c79e5	grid_d2	false	false	0	1	false		
ARC1	training	1f0c79e5	objects	false	false	0	1	false		
ARC1	training	1f0c79e5	grid_objects	false	false	0	1	false		
ARC1	evaluation	b20f7c8b	complete	false	false	0	1	NA	id	
ARC1	evaluation	b20f7c8b	grid_d2	false	false	0	1	false		
ARC1	evaluation	b20f7c8b	objects	false	false	0	1	false		
ARC1	evaluation	b20f7c8b	grid_objects	false	false	0	1	false		
ARC1	evaluation	73182012	complete	false	false	0	1	NA	id	
ARC1	evaluation	73182012	grid_d2	false	false	0	1	false		
ARC1	evaluation	73182012	objects	false	false	0	1	false		
ARC1	evaluation	73182012	grid_objects	false	false	0	1	false		
ARC1	training	6a1e5592	complete	false	false	0	1	NA	id	
ARC1	training	6a1e5592	grid_d2	false	false	0	1	false		
ARC1	training	6a1e5592	objects	false	false	0	1	false		
ARC1	training	6a1e5592	grid_objects	false	false	0	1	false		
ARC1	training	23b5c85d	complete	false	false	0	1	NA	cropSmallest	
ARC1	training	23b5c85d	grid_d2	false	false	0	1	false		
ARC1	training	23b5c85d	objects	true	true	1	1	true	zero-4-mono / Smallest / Identity / Crop	zero-4-mono / Smallest / Identity / Crop
ARC1	training	23b5c85d	grid_objects	true	true	1	1	true	zero-4-mono / Smallest / Identity / Crop	zero-4-mono / Smallest / Identity / Crop
ARC1	evaluation	a3f84088	complete	false	false	0	1	NA	id	
ARC1	evaluation	a3f84088	grid_d2	false	false	0	1	false		
ARC1	evaluation	a3f84088	objects	false	false	0	1	false		
ARC1	evaluation	a3f84088	grid_objects	false	false	0	1	false		
ARC1	training	73251a56	complete	false	false	0	1	NA	id	
ARC1	training	73251a56	grid_d2	false	false	0	1	false		
ARC1	training	73251a56	objects	false	false	0	1	false		
ARC1	training	73251a56	grid_objects	false	false	0	1	false		
ARC1	training	7e0986d6	complete	false	false	0	1	NA	id	
ARC1	training	7e0986d6	grid_d2	false	false	0	1	false		
ARC1	training	7e0986d6	objects	false	false	0	1	false		
ARC1	training	7e0986d6	grid_objects	false	false	0	1	false		
ARC1	evaluation	3d31c5b3	complete	false	false	0	1	NA	id	
ARC1	evaluation	3d31c5b3	grid_d2	false	false	0	1	false		
ARC1	evaluation	3d31c5b3	objects	false	false	0	1	false		
ARC1	evaluation	3d31c5b3	grid_objects	false	false	0	1	false		
ARC1	evaluation	3a301edc	complete	false	false	0	1	NA	box 1	
ARC1	evaluation	3a301edc	grid_d2	false	false	0	1	false		
ARC1	evaluation	3a301edc	objects	false	false	0	1	false		
ARC1	evaluation	3a301edc	grid_objects	false	false	0	1	false		
ARC1	training	5117e062	complete	false	false	0	1	NA	id	
ARC1	training	5117e062	grid_d2	false	false	0	1	false		
ARC1	training	5117e062	objects	false	false	0	1	false		
ARC1	training	5117e062	grid_objects	false	false	0	1	false		
ARC1	training	0b148d64	complete	false	true	1	1	NA	leftHalf ; cropLargest	
ARC1	training	0b148d64	grid_d2	false	false	0	1	false		
ARC1	training	0b148d64	objects	false	false	0	1	false		
ARC1	training	0b148d64	grid_objects	false	false	0	1	false		
ARC1	training	83302e8f	complete	false	false	0	1	NA	id	
ARC1	training	83302e8f	grid_d2	false	false	0	1	false		
ARC1	training	83302e8f	objects	false	false	0	1	false		
ARC1	training	83302e8f	grid_objects	false	false	0	1	false		
ARC1	evaluation	fe9372f3	complete	false	false	0	1	NA	id	
ARC1	evaluation	fe9372f3	grid_d2	false	false	0	1	false		
ARC1	evaluation	fe9372f3	objects	false	false	0	1	false		
ARC1	evaluation	fe9372f3	grid_objects	false	false	0	1	false		
ARC1	training	e6721834	complete	false	false	0	1	NA	id	
ARC1	training	e6721834	grid_d2	false	false	0	1	false		
ARC1	training	e6721834	objects	false	false	0	1	false		
ARC1	training	e6721834	grid_objects	false	false	0	1	false		
ARC1	evaluation	bf89d739	complete	false	false	0	1	NA	id	
ARC1	evaluation	bf89d739	grid_d2	false	false	0	1	false		
ARC1	evaluation	bf89d739	objects	false	false	0	1	false		
ARC1	evaluation	bf89d739	grid_objects	false	false	0	1	false		
ARC1	evaluation	de493100	complete	false	false	0	1	NA	id	
ARC1	evaluation	de493100	grid_d2	false	false	0	1	false		
ARC1	evaluation	de493100	objects	false	false	0	1	false		
ARC1	evaluation	de493100	grid_objects	false	false	0	1	false		
ARC1	training	681b3aeb	complete	false	false	0	1	NA	id	
ARC1	training	681b3aeb	grid_d2	false	false	0	1	false		
ARC1	training	681b3aeb	objects	false	false	0	1	false		
ARC1	training	681b3aeb	grid_objects	false	false	0	1	false		
ARC1	evaluation	9a4bb226	complete	false	false	0	1	NA	id	
ARC1	evaluation	9a4bb226	grid_d2	false	false	0	1	false		
ARC1	evaluation	9a4bb226	objects	false	false	0	1	false		
ARC1	evaluation	9a4bb226	grid_objects	false	false	0	1	false		
ARC1	evaluation	67b4a34d	complete	false	false	0	1	NA	id	
ARC1	evaluation	67b4a34d	grid_d2	false	false	0	1	false		
ARC1	evaluation	67b4a34d	objects	false	false	0	1	false		
ARC1	evaluation	67b4a34d	grid_objects	false	false	0	1	false		
ARC1	training	80af3007	complete	false	false	0	1	NA	id	
ARC1	training	80af3007	grid_d2	false	false	0	1	false		
ARC1	training	80af3007	objects	false	false	0	1	false		
ARC1	training	80af3007	grid_objects	false	false	0	1	false		
ARC1	evaluation	477d2879	complete	false	false	0	1	NA	id	
ARC1	evaluation	477d2879	grid_d2	false	false	0	1	false		
ARC1	evaluation	477d2879	objects	false	false	0	1	false		
ARC1	evaluation	477d2879	grid_objects	false	false	0	1	false		
ARC1	training	4522001f	complete	false	false	0	1	NA	id	
ARC1	training	4522001f	grid_d2	false	false	0	1	false		
ARC1	training	4522001f	objects	false	false	0	1	false		
ARC1	training	4522001f	grid_objects	false	false	0	1	false		
ARC1	evaluation	292dd178	complete	false	false	0	1	NA	id	
ARC1	evaluation	292dd178	grid_d2	false	false	0	1	false		
ARC1	evaluation	292dd178	objects	false	false	0	1	false		
ARC1	evaluation	292dd178	grid_objects	false	false	0	1	false		
ARC1	evaluation	d931c21c	complete	false	false	0	1	NA	id	
ARC1	evaluation	d931c21c	grid_d2	false	false	0	1	false		
ARC1	evaluation	d931c21c	objects	false	false	0	1	false		
ARC1	evaluation	d931c21c	grid_objects	false	false	0	1	false		
ARC1	training	363442ee	complete	false	false	0	1	NA	id	
ARC1	training	363442ee	grid_d2	false	false	0	1	false		
ARC1	training	363442ee	objects	false	false	0	1	false		
ARC1	training	363442ee	grid_objects	false	false	0	1	false		
ARC1	evaluation	0bb8deee	complete	false	false	0	1	NA	id	
ARC1	evaluation	0bb8deee	grid_d2	false	false	0	1	false		
ARC1	evaluation	0bb8deee	objects	false	false	0	1	false		
ARC1	evaluation	0bb8deee	grid_objects	false	false	0	1	false		
ARC1	training	746b3537	complete	true	true	1	1	NA	dedupRows ; dedupCols	
ARC1	training	746b3537	grid_d2	true	true	1	1	true	dedupRows ; dedupCols	dedupRows ; dedupCols
ARC1	training	746b3537	objects	false	false	0	1	false		
ARC1	training	746b3537	grid_objects	true	true	1	1	true	dedupRows ; dedupCols	dedupRows ; dedupCols
ARC1	evaluation	47996f11	complete	false	false	0	1	NA	id	
ARC1	evaluation	47996f11	grid_d2	false	false	0	1	false		
ARC1	evaluation	47996f11	objects	false	false	0	1	false		
ARC1	evaluation	47996f11	grid_objects	false	false	0	1	false		
ARC1	training	29c11459	complete	false	false	0	1	NA	id	
ARC1	training	29c11459	grid_d2	false	false	0	1	false		
ARC1	training	29c11459	objects	false	false	0	1	false		
ARC1	training	29c11459	grid_objects	false	false	0	1	false		
ARC1	evaluation	fafd9572	complete	false	false	0	1	NA	id	
ARC1	evaluation	fafd9572	grid_d2	false	false	0	1	false		
ARC1	evaluation	fafd9572	objects	false	false	0	1	false		
ARC1	evaluation	fafd9572	grid_objects	false	false	0	1	false		
ARC1	training	93b581b8	complete	false	false	0	1	NA	id	
ARC1	training	93b581b8	grid_d2	false	false	0	1	false		
ARC1	training	93b581b8	objects	false	false	0	1	false		
ARC1	training	93b581b8	grid_objects	false	false	0	1	false		
ARC1	evaluation	c663677b	complete	false	false	0	1	NA	id	
ARC1	evaluation	c663677b	grid_d2	false	false	0	1	false		
ARC1	evaluation	c663677b	objects	false	false	0	1	false		
ARC1	evaluation	c663677b	grid_objects	false	false	0	1	false		
ARC1	evaluation	42a15761	complete	false	false	0	1	NA	id	
ARC1	evaluation	42a15761	grid_d2	false	false	0	1	false		
ARC1	evaluation	42a15761	objects	false	false	0	1	false		
ARC1	evaluation	42a15761	grid_objects	false	false	0	1	false		
ARC1	evaluation	692cd3b6	complete	false	false	0	1	NA	id	
ARC1	evaluation	692cd3b6	grid_d2	false	false	0	1	false		
ARC1	evaluation	692cd3b6	objects	false	false	0	1	false		
ARC1	evaluation	692cd3b6	grid_objects	false	false	0	1	false		
ARC1	evaluation	c1990cce	complete	false	false	0	1	NA	id	
ARC1	evaluation	c1990cce	grid_d2	false	false	0	1	false		
ARC1	evaluation	c1990cce	objects	false	false	0	1	false		
ARC1	evaluation	c1990cce	grid_objects	false	false	0	1	false		
ARC1	training	9f236235	complete	false	false	0	1	NA	id	
ARC1	training	9f236235	grid_d2	false	false	0	1	false		
ARC1	training	9f236235	objects	false	false	0	1	false		
ARC1	training	9f236235	grid_objects	false	false	0	1	false		
ARC1	training	11852cab	complete	false	false	0	1	NA	id	
ARC1	training	11852cab	grid_d2	false	false	0	1	false		
ARC1	training	11852cab	objects	false	false	0	1	false		
ARC1	training	11852cab	grid_objects	false	false	0	1	false		
ARC1	evaluation	3490cc26	complete	false	false	0	1	NA	id	
ARC1	evaluation	3490cc26	grid_d2	false	false	0	1	false		
ARC1	evaluation	3490cc26	objects	false	false	0	1	false		
ARC1	evaluation	3490cc26	grid_objects	false	false	0	1	false		
ARC1	evaluation	99306f82	complete	false	false	0	1	NA	id	
ARC1	evaluation	99306f82	grid_d2	false	false	0	1	false		
ARC1	evaluation	99306f82	objects	false	false	0	1	false		
ARC1	evaluation	99306f82	grid_objects	false	false	0	1	false		
ARC1	evaluation	2697da3f	complete	false	false	0	1	NA	id	
ARC1	evaluation	2697da3f	grid_d2	false	false	0	1	false		
ARC1	evaluation	2697da3f	objects	false	false	0	1	false		
ARC1	evaluation	2697da3f	grid_objects	false	false	0	1	false		
ARC1	evaluation	58e15b12	complete	false	false	0	1	NA	id	
ARC1	evaluation	58e15b12	grid_d2	false	false	0	1	false		
ARC1	evaluation	58e15b12	objects	false	false	0	1	false		
ARC1	evaluation	58e15b12	grid_objects	false	false	0	1	false		
ARC1	evaluation	e681b708	complete	false	false	0	1	NA	id	
ARC1	evaluation	e681b708	grid_d2	false	false	0	1	false		
ARC1	evaluation	e681b708	objects	false	false	0	1	false		
ARC1	evaluation	e681b708	grid_objects	false	false	0	1	false		
ARC1	training	6455b5f5	complete	false	false	0	1	NA	id	
ARC1	training	6455b5f5	grid_d2	false	false	0	1	false		
ARC1	training	6455b5f5	objects	false	false	0	1	false		
ARC1	training	6455b5f5	grid_objects	false	false	0	1	false		
ARC1	evaluation	54db823b	complete	false	false	0	1	NA	id	
ARC1	evaluation	54db823b	grid_d2	false	false	0	1	false		
ARC1	evaluation	54db823b	objects	false	false	0	1	false		
ARC1	evaluation	54db823b	grid_objects	false	false	0	1	false		
ARC1	training	c59eb873	complete	true	false	0	1	NA	scale 2 ; cropSmallest	
ARC1	training	c59eb873	grid_d2	true	true	1	1	true	scale 2	scale 2
ARC1	training	c59eb873	objects	false	false	0	1	false		
ARC1	training	c59eb873	grid_objects	true	true	1	1	true	scale 2	scale 2
ARC1	evaluation	8719f442	complete	false	false	0	1	NA	id	
ARC1	evaluation	8719f442	grid_d2	false	false	0	1	false		
ARC1	evaluation	8719f442	objects	false	false	0	1	false		
ARC1	evaluation	8719f442	grid_objects	false	false	0	1	false		
ARC1	evaluation	4aab4007	complete	false	false	0	1	NA	id	
ARC1	evaluation	4aab4007	grid_d2	false	false	0	1	false		
ARC1	evaluation	4aab4007	objects	false	false	0	1	false		
ARC1	evaluation	4aab4007	grid_objects	false	false	0	1	false		
ARC1	evaluation	ed74f2f2	complete	false	false	0	1	NA	id	
ARC1	evaluation	ed74f2f2	grid_d2	false	false	0	1	false		
ARC1	evaluation	ed74f2f2	objects	false	false	0	1	false		
ARC1	evaluation	ed74f2f2	grid_objects	false	false	0	1	false		
ARC1	evaluation	fd096ab6	complete	false	false	0	1	NA	id	
ARC1	evaluation	fd096ab6	grid_d2	false	false	0	1	false		
ARC1	evaluation	fd096ab6	objects	false	false	0	1	false		
ARC1	evaluation	fd096ab6	grid_objects	false	false	0	1	false		
ARC1	training	47c1f68c	complete	false	false	0	1	NA	id	
ARC1	training	47c1f68c	grid_d2	false	false	0	1	false		
ARC1	training	47c1f68c	objects	false	false	0	1	false		
ARC1	training	47c1f68c	grid_objects	false	false	0	1	false		
ARC1	training	f25ffba3	complete	true	true	1	1	NA	symmetrizeV	
ARC1	training	f25ffba3	grid_d2	true	true	1	1	true	symmetrizeV	symmetrizeV
ARC1	training	f25ffba3	objects	false	false	0	1	false		
ARC1	training	f25ffba3	grid_objects	true	true	1	1	true	symmetrizeV	symmetrizeV
ARC1	training	9edfc990	complete	false	false	0	1	NA	id	
ARC1	training	9edfc990	grid_d2	false	false	0	1	false		
ARC1	training	9edfc990	objects	false	false	0	1	false		
ARC1	training	9edfc990	grid_objects	false	false	0	1	false		
ARC1	evaluation	00dbd492	complete	false	false	0	1	NA	fillEnclosed 4	
ARC1	evaluation	00dbd492	grid_d2	false	false	0	1	false		
ARC1	evaluation	00dbd492	objects	false	false	0	1	false		
ARC1	evaluation	00dbd492	grid_objects	false	false	0	1	false		
ARC1	training	db3e9e38	complete	false	false	0	1	NA	id	
ARC1	training	db3e9e38	grid_d2	false	false	0	1	false		
ARC1	training	db3e9e38	objects	false	false	0	1	false		
ARC1	training	db3e9e38	grid_objects	false	false	0	1	false		
ARC1	training	d8c310e9	complete	false	false	0	1	NA	id	
ARC1	training	d8c310e9	grid_d2	false	false	0	1	false		
ARC1	training	d8c310e9	objects	false	false	0	1	false		
ARC1	training	d8c310e9	grid_objects	false	false	0	1	false		
ARC1	training	234bbc79	complete	false	false	0	1	NA	id	
ARC1	training	234bbc79	grid_d2	false	false	0	1	false		
ARC1	training	234bbc79	objects	false	false	0	1	false		
ARC1	training	234bbc79	grid_objects	false	false	0	1	false		
ARC1	training	d22278a0	complete	false	false	0	1	NA	id	
ARC1	training	d22278a0	grid_d2	false	false	0	1	false		
ARC1	training	d22278a0	objects	false	false	0	1	false		
ARC1	training	d22278a0	grid_objects	false	false	0	1	false		
ARC1	training	673ef223	complete	false	false	0	1	NA	id	
ARC1	training	673ef223	grid_d2	false	false	0	1	false		
ARC1	training	673ef223	objects	false	false	0	1	false		
ARC1	training	673ef223	grid_objects	false	false	0	1	false		
ARC1	evaluation	11e1fe23	complete	false	false	0	1	NA	id	
ARC1	evaluation	11e1fe23	grid_d2	false	false	0	1	false		
ARC1	evaluation	11e1fe23	objects	false	false	0	1	false		
ARC1	evaluation	11e1fe23	grid_objects	false	false	0	1	false		
ARC1	training	a699fb00	complete	false	false	0	1	NA	id	
ARC1	training	a699fb00	grid_d2	false	false	0	1	false		
ARC1	training	a699fb00	objects	false	false	0	1	false		
ARC1	training	a699fb00	grid_objects	false	false	0	1	false		
ARC1	evaluation	6ea4a07e	complete	false	false	0	2	NA	id	
ARC1	evaluation	6ea4a07e	grid_d2	false	false	0	2	false		
ARC1	evaluation	6ea4a07e	objects	false	false	0	2	false		
ARC1	evaluation	6ea4a07e	grid_objects	false	false	0	2	false		
ARC1	training	cf98881b	complete	false	false	0	1	NA	id	
ARC1	training	cf98881b	grid_d2	false	false	0	1	false		
ARC1	training	cf98881b	objects	false	false	0	1	false		
ARC1	training	cf98881b	grid_objects	false	false	0	1	false		
ARC1	evaluation	85fa5666	complete	false	false	0	1	NA	id	
ARC1	evaluation	85fa5666	grid_d2	false	false	0	1	false		
ARC1	evaluation	85fa5666	objects	false	false	0	1	false		
ARC1	evaluation	85fa5666	grid_objects	false	false	0	1	false		
ARC1	evaluation	cf133acc	complete	false	false	0	1	NA	id	
ARC1	evaluation	cf133acc	grid_d2	false	false	0	1	false		
ARC1	evaluation	cf133acc	objects	false	false	0	1	false		
ARC1	evaluation	cf133acc	grid_objects	false	false	0	1	false		
ARC1	training	36d67576	complete	false	false	0	1	NA	id	
ARC1	training	36d67576	grid_d2	false	false	0	1	false		
ARC1	training	36d67576	objects	false	false	0	1	false		
ARC1	training	36d67576	grid_objects	false	false	0	1	false		
ARC1	training	e48d4e1a	complete	false	false	0	1	NA	id	
ARC1	training	e48d4e1a	grid_d2	false	false	0	1	false		
ARC1	training	e48d4e1a	objects	false	false	0	1	false		
ARC1	training	e48d4e1a	grid_objects	false	false	0	1	false		
ARC1	evaluation	604001fa	complete	false	false	0	1	NA	id	
ARC1	evaluation	604001fa	grid_d2	false	false	0	1	false		
ARC1	evaluation	604001fa	objects	false	false	0	1	false		
ARC1	evaluation	604001fa	grid_objects	false	false	0	1	false		
ARC1	training	ae4f1146	complete	false	true	1	1	NA	rightHalf ; cropLargest	
ARC1	training	ae4f1146	grid_d2	false	false	0	1	false		
ARC1	training	ae4f1146	objects	false	false	0	1	false		
ARC1	training	ae4f1146	grid_objects	false	false	0	1	false		
ARC1	evaluation	c48954c1	complete	false	false	0	1	NA	id	
ARC1	evaluation	c48954c1	grid_d2	false	false	0	1	false		
ARC1	evaluation	c48954c1	objects	false	false	0	1	false		
ARC1	evaluation	c48954c1	grid_objects	false	false	0	1	false		
ARC1	training	68b16354	complete	true	true	1	1	NA	flipV	
ARC1	training	68b16354	grid_d2	true	true	1	1	true	flipV	flipV
ARC1	training	68b16354	objects	true	true	1	1	true	zero-4-multi / All / MirrorV / Original	zero-4-multi / All / MirrorV / Original
ARC1	training	68b16354	grid_objects	true	true	1	1	true	flipV	flipV
ARC1	evaluation	48f8583b	complete	false	false	0	1	NA	id	
ARC1	evaluation	48f8583b	grid_d2	false	false	0	1	false		
ARC1	evaluation	48f8583b	objects	false	false	0	1	false		
ARC1	evaluation	48f8583b	grid_objects	false	false	0	1	false		
ARC1	training	d0f5fe59	complete	false	false	0	1	NA	id	
ARC1	training	d0f5fe59	grid_d2	false	false	0	1	false		
ARC1	training	d0f5fe59	objects	false	false	0	1	false		
ARC1	training	d0f5fe59	grid_objects	false	false	0	1	false		
ARC1	evaluation	ccd554ac	complete	false	false	0	1	NA	tile 3 3	
ARC1	evaluation	ccd554ac	grid_d2	false	false	0	1	false		
ARC1	evaluation	ccd554ac	objects	false	false	0	1	false		
ARC1	evaluation	ccd554ac	grid_objects	false	false	0	1	false		
ARC1	evaluation	e99362f0	complete	false	false	0	1	NA	id	
ARC1	evaluation	e99362f0	grid_d2	false	false	0	1	false		
ARC1	evaluation	e99362f0	objects	false	false	0	1	false		
ARC1	evaluation	e99362f0	grid_objects	false	false	0	1	false		
ARC1	training	539a4f51	complete	false	false	0	1	NA	id	
ARC1	training	539a4f51	grid_d2	false	false	0	1	false		
ARC1	training	539a4f51	objects	false	false	0	1	false		
ARC1	training	539a4f51	grid_objects	false	false	0	1	false		
ARC1	training	b775ac94	complete	false	false	0	1	NA	id	
ARC1	training	b775ac94	grid_d2	false	false	0	1	false		
ARC1	training	b775ac94	objects	false	false	0	1	false		
ARC1	training	b775ac94	grid_objects	false	false	0	1	false		
ARC1	evaluation	5b6cbef5	complete	false	false	0	1	NA	id	
ARC1	evaluation	5b6cbef5	grid_d2	false	false	0	1	false		
ARC1	evaluation	5b6cbef5	objects	false	false	0	1	false		
ARC1	evaluation	5b6cbef5	grid_objects	false	false	0	1	false		
ARC1	evaluation	7039b2d7	complete	false	false	0	1	NA	id	
ARC1	evaluation	7039b2d7	grid_d2	false	false	0	1	false		
ARC1	evaluation	7039b2d7	objects	false	false	0	1	false		
ARC1	evaluation	7039b2d7	grid_objects	false	false	0	1	false		
ARC1	training	3e980e27	complete	false	false	0	1	NA	id	
ARC1	training	3e980e27	grid_d2	false	false	0	1	false		
ARC1	training	3e980e27	objects	false	false	0	1	false		
ARC1	training	3e980e27	grid_objects	false	false	0	1	false		
ARC1	training	46f33fce	complete	false	false	0	1	NA	id	
ARC1	training	46f33fce	grid_d2	false	false	0	1	false		
ARC1	training	46f33fce	objects	false	false	0	1	false		
ARC1	training	46f33fce	grid_objects	false	false	0	1	false		
ARC1	evaluation	e5c44e8f	complete	false	false	0	1	NA	id	
ARC1	evaluation	e5c44e8f	grid_d2	false	false	0	1	false		
ARC1	evaluation	e5c44e8f	objects	false	false	0	1	false		
ARC1	evaluation	e5c44e8f	grid_objects	false	false	0	1	false		
ARC1	training	22233c11	complete	false	false	0	1	NA	id	
ARC1	training	22233c11	grid_d2	false	false	0	1	false		
ARC1	training	22233c11	objects	false	false	0	1	false		
ARC1	training	22233c11	grid_objects	false	false	0	1	false		
ARC1	training	28e73c20	complete	false	false	0	1	NA	id	
ARC1	training	28e73c20	grid_d2	false	false	0	1	false		
ARC1	training	28e73c20	objects	false	false	0	1	false		
ARC1	training	28e73c20	grid_objects	false	false	0	1	false		
ARC1	training	2dee498d	complete	false	false	0	1	NA	id	
ARC1	training	2dee498d	grid_d2	false	false	0	1	false		
ARC1	training	2dee498d	objects	false	false	0	1	false		
ARC1	training	2dee498d	grid_objects	false	false	0	1	false		
ARC1	training	4290ef0e	complete	false	false	0	1	NA	id	
ARC1	training	4290ef0e	grid_d2	false	false	0	1	false		
ARC1	training	4290ef0e	objects	false	false	0	1	false		
ARC1	training	4290ef0e	grid_objects	false	false	0	1	false		
ARC1	training	62c24649	complete	true	true	1	1	NA	mirror4	
ARC1	training	62c24649	grid_d2	true	true	1	1	true	mirror4	mirror4
ARC1	training	62c24649	objects	false	false	0	1	false		
ARC1	training	62c24649	grid_objects	true	true	1	1	true	mirror4	mirror4
ARC1	training	7b6016b9	complete	true	true	1	1	NA	fillEnclosed 2 ; recolour 0 3	
ARC1	training	7b6016b9	grid_d2	true	true	1	1	true	fillEnclosed 2 ; recolour 0 3	fillEnclosed 2 ; recolour 0 3
ARC1	training	7b6016b9	objects	false	false	0	1	false		
ARC1	training	7b6016b9	grid_objects	true	true	1	1	true	fillEnclosed 2 ; recolour 0 3	fillEnclosed 2 ; recolour 0 3
ARC1	training	05269061	complete	false	false	0	1	NA	id	
ARC1	training	05269061	grid_d2	false	false	0	1	false		
ARC1	training	05269061	objects	false	false	0	1	false		
ARC1	training	05269061	grid_objects	false	false	0	1	false		
ARC1	training	dc1df850	complete	false	false	0	1	NA	box 1	
ARC1	training	dc1df850	grid_d2	false	false	0	1	false		
ARC1	training	dc1df850	objects	false	false	0	1	false		
ARC1	training	dc1df850	grid_objects	false	false	0	1	false		
ARC1	training	25d487eb	complete	false	false	0	1	NA	id	
ARC1	training	25d487eb	grid_d2	false	false	0	1	false		
ARC1	training	25d487eb	objects	false	false	0	1	false		
ARC1	training	25d487eb	grid_objects	false	false	0	1	false		
ARC1	training	7ddcd7ec	complete	false	false	0	1	NA	id	
ARC1	training	7ddcd7ec	grid_d2	false	false	0	1	false		
ARC1	training	7ddcd7ec	objects	false	false	0	1	false		
ARC1	training	7ddcd7ec	grid_objects	false	false	0	1	false		
ARC1	evaluation	0a1d4ef5	complete	false	false	0	1	NA	id	
ARC1	evaluation	0a1d4ef5	grid_d2	false	false	0	1	false		
ARC1	evaluation	0a1d4ef5	objects	false	false	0	1	false		
ARC1	evaluation	0a1d4ef5	grid_objects	false	false	0	1	false		
ARC1	evaluation	5ffb2104	complete	false	false	0	1	NA	id	
ARC1	evaluation	5ffb2104	grid_d2	false	false	0	1	false		
ARC1	evaluation	5ffb2104	objects	false	false	0	1	false		
ARC1	evaluation	5ffb2104	grid_objects	false	false	0	1	false		
ARC1	evaluation	5af49b42	complete	false	false	0	1	NA	id	
ARC1	evaluation	5af49b42	grid_d2	false	false	0	1	false		
ARC1	evaluation	5af49b42	objects	false	false	0	1	false		
ARC1	evaluation	5af49b42	grid_objects	false	false	0	1	false		
ARC1	training	1bfc4729	complete	false	false	0	1	NA	id	
ARC1	training	1bfc4729	grid_d2	false	false	0	1	false		
ARC1	training	1bfc4729	objects	false	false	0	1	false		
ARC1	training	1bfc4729	grid_objects	false	false	0	1	false		
ARC1	training	a5313dff	complete	true	true	1	1	NA	fillEnclosed 1	
ARC1	training	a5313dff	grid_d2	true	true	1	1	true	fillEnclosed 1	fillEnclosed 1
ARC1	training	a5313dff	objects	false	false	0	1	false		
ARC1	training	a5313dff	grid_objects	true	true	1	1	true	fillEnclosed 1	fillEnclosed 1
ARC1	evaluation	e872b94a	complete	false	false	0	1	NA	id	
ARC1	evaluation	e872b94a	grid_d2	false	false	0	1	false		
ARC1	evaluation	e872b94a	objects	false	false	0	1	false		
ARC1	evaluation	e872b94a	grid_objects	false	false	0	1	false		
ARC1	evaluation	c6e1b8da	complete	false	false	0	1	NA	id	
ARC1	evaluation	c6e1b8da	grid_d2	false	false	0	1	false		
ARC1	evaluation	c6e1b8da	objects	false	false	0	1	false		
ARC1	evaluation	c6e1b8da	grid_objects	false	false	0	1	false		
ARC1	evaluation	5833af48	complete	false	false	0	1	NA	id	
ARC1	evaluation	5833af48	grid_d2	false	false	0	1	false		
ARC1	evaluation	5833af48	objects	false	false	0	1	false		
ARC1	evaluation	5833af48	grid_objects	false	false	0	1	false		
ARC1	training	67a3c6ac	complete	true	true	1	1	NA	flipH	
ARC1	training	67a3c6ac	grid_d2	true	true	1	1	true	flipH	flipH
ARC1	training	67a3c6ac	objects	true	true	1	1	true	zero-4-multi / All / MirrorH / Original	zero-4-multi / All / MirrorH / Original
ARC1	training	67a3c6ac	grid_objects	true	true	1	1	true	flipH	flipH
ARC1	training	1f876c06	complete	false	false	0	1	NA	id	
ARC1	training	1f876c06	grid_d2	false	false	0	1	false		
ARC1	training	1f876c06	objects	false	false	0	1	false		
ARC1	training	1f876c06	grid_objects	false	false	0	1	false		
ARC1	training	c8f0f002	complete	true	true	1	1	NA	recolour 7 5	
ARC1	training	c8f0f002	grid_d2	true	true	1	1	true	recolour 7 5	recolour 7 5
ARC1	training	c8f0f002	objects	true	true	1	1	true	zero-4-mono / Colour(7) / Recolour(5) / Original	zero-4-mono / Colour(7) / Recolour(5) / Original
ARC1	training	c8f0f002	grid_objects	true	true	1	1	true	recolour 7 5	recolour 7 5
ARC1	training	ce4f8723	complete	true	true	1	1	NA	splitV or 3	
ARC1	training	ce4f8723	grid_d2	true	true	1	1	true	splitV or 3	splitV or 3
ARC1	training	ce4f8723	objects	false	false	0	1	false		
ARC1	training	ce4f8723	grid_objects	true	true	1	1	true	splitV or 3	splitV or 3
ARC1	evaluation	50a16a69	complete	false	false	0	1	NA	id	
ARC1	evaluation	50a16a69	grid_d2	false	false	0	1	false		
ARC1	evaluation	50a16a69	objects	false	false	0	1	false		
ARC1	evaluation	50a16a69	grid_objects	false	false	0	1	false		
ARC1	training	e26a3af2	complete	false	false	0	1	NA	id	
ARC1	training	e26a3af2	grid_d2	false	false	0	1	false		
ARC1	training	e26a3af2	objects	false	false	0	1	false		
ARC1	training	e26a3af2	grid_objects	false	false	0	1	false		
ARC1	evaluation	0934a4d8	complete	false	false	0	1	NA	id	
ARC1	evaluation	0934a4d8	grid_d2	false	false	0	1	false		
ARC1	evaluation	0934a4d8	objects	false	false	0	1	false		
ARC1	evaluation	0934a4d8	grid_objects	false	false	0	1	false		
ARC1	evaluation	29700607	complete	false	false	0	1	NA	id	
ARC1	evaluation	29700607	grid_d2	false	false	0	1	false		
ARC1	evaluation	29700607	objects	false	false	0	1	false		
ARC1	evaluation	29700607	grid_objects	false	false	0	1	false		
ARC1	training	508bd3b6	complete	false	false	0	1	NA	id	
ARC1	training	508bd3b6	grid_d2	false	false	0	1	false		
ARC1	training	508bd3b6	objects	false	false	0	1	false		
ARC1	training	508bd3b6	grid_objects	false	false	0	1	false		
ARC1	training	484b58aa	complete	false	false	0	1	NA	id	
ARC1	training	484b58aa	grid_d2	false	false	0	1	false		
ARC1	training	484b58aa	objects	false	false	0	1	false		
ARC1	training	484b58aa	grid_objects	false	false	0	1	false		
ARC1	training	694f12f3	complete	false	false	0	1	NA	id	
ARC1	training	694f12f3	grid_d2	false	false	0	1	false		
ARC1	training	694f12f3	objects	false	false	0	1	false		
ARC1	training	694f12f3	grid_objects	false	false	0	1	false		
ARC1	evaluation	9c1e755f	complete	false	false	0	1	NA	id	
ARC1	evaluation	9c1e755f	grid_d2	false	false	0	1	false		
ARC1	evaluation	9c1e755f	objects	false	false	0	1	false		
ARC1	evaluation	9c1e755f	grid_objects	false	false	0	1	false		
ARC1	evaluation	963f59bc	complete	false	false	0	1	NA	id	
ARC1	evaluation	963f59bc	grid_d2	false	false	0	1	false		
ARC1	evaluation	963f59bc	objects	false	false	0	1	false		
ARC1	evaluation	963f59bc	grid_objects	false	false	0	1	false		
ARC1	training	e9614598	complete	false	false	0	2	NA	id	
ARC1	training	e9614598	grid_d2	false	false	0	2	false		
ARC1	training	e9614598	objects	false	false	0	2	false		
ARC1	training	e9614598	grid_objects	false	false	0	2	false		
ARC1	evaluation	20981f0e	complete	false	false	0	1	NA	id	
ARC1	evaluation	20981f0e	grid_d2	false	false	0	1	false		
ARC1	evaluation	20981f0e	objects	false	false	0	1	false		
ARC1	evaluation	20981f0e	grid_objects	false	false	0	1	false		
ARC1	training	6d58a25d	complete	false	false	0	1	NA	id	
ARC1	training	6d58a25d	grid_d2	false	false	0	1	false		
ARC1	training	6d58a25d	objects	false	false	0	1	false		
ARC1	training	6d58a25d	grid_objects	false	false	0	1	false		
ARC1	evaluation	b7f8a4d8	complete	false	false	0	1	NA	id	
ARC1	evaluation	b7f8a4d8	grid_d2	false	false	0	1	false		
ARC1	evaluation	b7f8a4d8	objects	false	false	0	1	false		
ARC1	evaluation	b7f8a4d8	grid_objects	false	false	0	1	false		
ARC1	evaluation	d4b1c2b1	complete	false	false	0	1	NA	scale 2	
ARC1	evaluation	d4b1c2b1	grid_d2	false	false	0	1	false		
ARC1	evaluation	d4b1c2b1	objects	false	false	0	1	false		
ARC1	evaluation	d4b1c2b1	grid_objects	false	false	0	1	false		
ARC1	training	ba97ae07	complete	false	false	0	1	NA	id	
ARC1	training	ba97ae07	grid_d2	false	false	0	1	false		
ARC1	training	ba97ae07	objects	false	false	0	1	false		
ARC1	training	ba97ae07	grid_objects	false	false	0	1	false		
ARC2	training	a57f2f04	complete	false	false	0	1	NA	id	
ARC2	training	a57f2f04	grid_d2	false	false	0	1	false		
ARC2	training	a57f2f04	objects	false	false	0	1	false		
ARC2	training	a57f2f04	grid_objects	false	false	0	1	false		
ARC2	training	fc10701f	complete	false	false	0	1	NA	id	
ARC2	training	fc10701f	grid_d2	false	false	0	1	false		
ARC2	training	fc10701f	objects	false	false	0	1	false		
ARC2	training	fc10701f	grid_objects	false	false	0	1	false		
ARC2	training	baf41dbf	complete	false	false	0	1	NA	id	
ARC2	training	baf41dbf	grid_d2	false	false	0	1	false		
ARC2	training	baf41dbf	objects	false	false	0	1	false		
ARC2	training	baf41dbf	grid_objects	false	false	0	1	false		
ARC2	evaluation	16b78196	complete	false	false	0	1	NA	id	
ARC2	evaluation	16b78196	grid_d2	false	false	0	1	false		
ARC2	evaluation	16b78196	objects	false	false	0	1	false		
ARC2	evaluation	16b78196	grid_objects	false	false	0	1	false		
ARC2	training	e21a174a	complete	false	false	0	2	NA	id	
ARC2	training	e21a174a	grid_d2	false	false	0	2	false		
ARC2	training	e21a174a	objects	false	false	0	2	false		
ARC2	training	e21a174a	grid_objects	false	false	0	2	false		
ARC2	training	df9fd884	complete	false	false	0	1	NA	id	
ARC2	training	df9fd884	grid_d2	false	false	0	1	false		
ARC2	training	df9fd884	objects	false	false	0	1	false		
ARC2	training	df9fd884	grid_objects	false	false	0	1	false		
ARC2	training	84db8fc4	complete	true	true	1	1	NA	fillEnclosed 5 ; recolour 0 2	
ARC2	training	84db8fc4	grid_d2	true	true	1	1	true	fillEnclosed 5 ; recolour 0 2	fillEnclosed 5 ; recolour 0 2
ARC2	training	84db8fc4	objects	false	false	0	1	false		
ARC2	training	84db8fc4	grid_objects	true	true	1	1	true	fillEnclosed 5 ; recolour 0 2	fillEnclosed 5 ; recolour 0 2
ARC2	training	8cb8642d	complete	false	false	0	1	NA	id	
ARC2	training	8cb8642d	grid_d2	false	false	0	1	false		
ARC2	training	8cb8642d	objects	false	false	0	1	false		
ARC2	training	8cb8642d	grid_objects	false	false	0	1	false		
ARC2	training	4f537728	complete	false	false	0	1	NA	id	
ARC2	training	4f537728	grid_d2	false	false	0	1	false		
ARC2	training	4f537728	objects	false	false	0	1	false		
ARC2	training	4f537728	grid_objects	false	false	0	1	false		
ARC2	training	af726779	complete	false	false	0	3	NA	id	
ARC2	training	af726779	grid_d2	false	false	0	3	false		
ARC2	training	af726779	objects	false	false	0	3	false		
ARC2	training	af726779	grid_objects	false	false	0	3	false		
ARC2	training	1190e5a7	complete	false	false	0	1	NA	id	
ARC2	training	1190e5a7	grid_d2	false	false	0	1	false		
ARC2	training	1190e5a7	objects	false	false	0	1	false		
ARC2	training	1190e5a7	grid_objects	false	false	0	1	false		
ARC2	training	25e02866	complete	false	false	0	1	NA	id	
ARC2	training	25e02866	grid_d2	false	false	0	1	false		
ARC2	training	25e02866	objects	false	false	0	1	false		
ARC2	training	25e02866	grid_objects	false	false	0	1	false		
ARC2	training	1190bc91	complete	false	false	0	1	NA	id	
ARC2	training	1190bc91	grid_d2	false	false	0	1	false		
ARC2	training	1190bc91	objects	false	false	0	1	false		
ARC2	training	1190bc91	grid_objects	false	false	0	1	false		
ARC2	training	9bebae7a	complete	false	false	0	1	NA	id	
ARC2	training	9bebae7a	grid_d2	false	false	0	1	false		
ARC2	training	9bebae7a	objects	false	false	0	1	false		
ARC2	training	9bebae7a	grid_objects	false	false	0	1	false		
ARC2	training	bae5c565	complete	false	false	0	1	NA	id	
ARC2	training	bae5c565	grid_d2	false	false	0	1	false		
ARC2	training	bae5c565	objects	false	false	0	1	false		
ARC2	training	bae5c565	grid_objects	false	false	0	1	false		
ARC2	training	2037f2c7	complete	false	false	0	1	NA	id	
ARC2	training	2037f2c7	grid_d2	false	false	0	1	false		
ARC2	training	2037f2c7	objects	false	false	0	1	false		
ARC2	training	2037f2c7	grid_objects	false	false	0	1	false		
ARC2	training	c444b776	complete	false	false	0	1	NA	id	
ARC2	training	c444b776	grid_d2	false	false	0	1	false		
ARC2	training	c444b776	objects	false	false	0	1	false		
ARC2	training	c444b776	grid_objects	false	false	0	1	false		
ARC2	training	396d80d7	complete	false	false	0	1	NA	id	
ARC2	training	396d80d7	grid_d2	false	false	0	1	false		
ARC2	training	396d80d7	objects	false	false	0	1	false		
ARC2	training	396d80d7	grid_objects	false	false	0	1	false		
ARC2	training	6d0aefbc	complete	true	true	1	1	NA	hconcatFlip	
ARC2	training	6d0aefbc	grid_d2	true	true	1	1	true	hconcatFlip	hconcatFlip
ARC2	training	6d0aefbc	objects	false	false	0	1	false		
ARC2	training	6d0aefbc	grid_objects	true	true	1	1	true	hconcatFlip	hconcatFlip
ARC2	training	85c4e7cd	complete	false	false	0	1	NA	id	
ARC2	training	85c4e7cd	grid_d2	false	false	0	1	false		
ARC2	training	85c4e7cd	objects	false	false	0	1	false		
ARC2	training	85c4e7cd	grid_objects	false	false	0	1	false		
ARC2	training	3de23699	complete	false	false	0	1	NA	id	
ARC2	training	3de23699	grid_d2	false	false	0	1	false		
ARC2	training	3de23699	objects	false	false	0	1	false		
ARC2	training	3de23699	grid_objects	false	false	0	1	false		
ARC2	training	bf32578f	complete	false	false	0	1	NA	id	
ARC2	training	bf32578f	grid_d2	false	false	0	1	false		
ARC2	training	bf32578f	objects	false	false	0	1	false		
ARC2	training	bf32578f	grid_objects	false	false	0	1	false		
ARC2	training	1c786137	complete	false	false	0	1	NA	id	
ARC2	training	1c786137	grid_d2	false	false	0	1	false		
ARC2	training	1c786137	objects	false	false	0	1	false		
ARC2	training	1c786137	grid_objects	false	false	0	1	false		
ARC2	evaluation	abc82100	complete	false	false	0	1	NA	id	
ARC2	evaluation	abc82100	grid_d2	false	false	0	1	false		
ARC2	evaluation	abc82100	objects	false	false	0	1	false		
ARC2	evaluation	abc82100	grid_objects	false	false	0	1	false		
ARC2	training	3bd292e8	complete	false	false	0	1	NA	id	
ARC2	training	3bd292e8	grid_d2	false	false	0	1	false		
ARC2	training	3bd292e8	objects	false	false	0	1	false		
ARC2	training	3bd292e8	grid_objects	false	false	0	1	false		
ARC2	evaluation	9bbf930d	complete	false	false	0	1	NA	id	
ARC2	evaluation	9bbf930d	grid_d2	false	false	0	1	false		
ARC2	evaluation	9bbf930d	objects	false	false	0	1	false		
ARC2	evaluation	9bbf930d	grid_objects	false	false	0	1	false		
ARC2	training	6df30ad6	complete	false	false	0	1	NA	id	
ARC2	training	6df30ad6	grid_d2	false	false	0	1	false		
ARC2	training	6df30ad6	objects	false	false	0	1	false		
ARC2	training	6df30ad6	grid_objects	false	false	0	1	false		
ARC2	training	17cae0c1	complete	false	false	0	1	NA	id	
ARC2	training	17cae0c1	grid_d2	false	false	0	1	false		
ARC2	training	17cae0c1	objects	false	false	0	1	false		
ARC2	training	17cae0c1	grid_objects	false	false	0	1	false		
ARC2	training	53b68214	complete	false	false	0	2	NA	tile 2 1	
ARC2	training	53b68214	grid_d2	false	false	0	2	false		
ARC2	training	53b68214	objects	false	false	0	2	false		
ARC2	training	53b68214	grid_objects	false	false	0	2	false		
ARC2	training	444801d8	complete	false	false	0	1	NA	id	
ARC2	training	444801d8	grid_d2	false	false	0	1	false		
ARC2	training	444801d8	objects	false	false	0	1	false		
ARC2	training	444801d8	grid_objects	false	false	0	1	false		
ARC2	training	4364c1c4	complete	false	false	0	1	NA	id	
ARC2	training	4364c1c4	grid_d2	false	false	0	1	false		
ARC2	training	4364c1c4	objects	false	false	0	1	false		
ARC2	training	4364c1c4	grid_objects	false	false	0	1	false		
ARC2	training	28bf18c6	complete	true	true	1	1	NA	cropBBox ; hconcat	
ARC2	training	28bf18c6	grid_d2	true	true	1	1	true	cropBBox ; hconcat	cropBBox ; hconcat
ARC2	training	28bf18c6	objects	false	false	0	1	false		
ARC2	training	28bf18c6	grid_objects	true	true	1	1	true	cropBBox ; hconcat	cropBBox ; hconcat
ARC2	evaluation	b6f77b65	complete	false	false	0	2	NA	id	
ARC2	evaluation	b6f77b65	grid_d2	false	false	0	2	false		
ARC2	evaluation	b6f77b65	objects	false	false	0	2	false		
ARC2	evaluation	b6f77b65	grid_objects	false	false	0	2	false		
ARC2	evaluation	898e7135	complete	false	false	0	1	NA	id	
ARC2	evaluation	898e7135	grid_d2	false	false	0	1	false		
ARC2	evaluation	898e7135	objects	false	false	0	1	false		
ARC2	evaluation	898e7135	grid_objects	false	false	0	1	false		
ARC2	training	bd14c3bf	complete	false	false	0	1	NA	id	
ARC2	training	bd14c3bf	grid_d2	false	false	0	1	false		
ARC2	training	bd14c3bf	objects	false	false	0	1	false		
ARC2	training	bd14c3bf	grid_objects	false	false	0	1	false		
ARC2	training	652646ff	complete	false	false	0	1	NA	id	
ARC2	training	652646ff	grid_d2	false	false	0	1	false		
ARC2	training	652646ff	objects	false	false	0	1	false		
ARC2	training	652646ff	grid_objects	false	false	0	1	false		
ARC2	training	332202d5	complete	false	false	0	1	NA	id	
ARC2	training	332202d5	grid_d2	false	false	0	1	false		
ARC2	training	332202d5	objects	false	false	0	1	false		
ARC2	training	332202d5	grid_objects	false	false	0	1	false		
ARC2	training	a096bf4d	complete	false	false	0	1	NA	id	
ARC2	training	a096bf4d	grid_d2	false	false	0	1	false		
ARC2	training	a096bf4d	objects	false	false	0	1	false		
ARC2	training	a096bf4d	grid_objects	false	false	0	1	false		
ARC2	training	18419cfa	complete	false	false	0	1	NA	id	
ARC2	training	18419cfa	grid_d2	false	false	0	1	false		
ARC2	training	18419cfa	objects	false	false	0	1	false		
ARC2	training	18419cfa	grid_objects	false	false	0	1	false		
ARC2	training	d9f24cd1	complete	false	false	0	1	NA	id	
ARC2	training	d9f24cd1	grid_d2	false	false	0	1	false		
ARC2	training	d9f24cd1	objects	false	false	0	1	false		
ARC2	training	d9f24cd1	grid_objects	false	false	0	1	false		
ARC2	training	230f2e48	complete	false	false	0	1	NA	id	
ARC2	training	230f2e48	grid_d2	false	false	0	1	false		
ARC2	training	230f2e48	objects	false	false	0	1	false		
ARC2	training	230f2e48	grid_objects	false	false	0	1	false		
ARC2	training	a78176bb	complete	false	false	0	1	NA	id	
ARC2	training	a78176bb	grid_d2	false	false	0	1	false		
ARC2	training	a78176bb	objects	false	false	0	1	false		
ARC2	training	a78176bb	grid_objects	false	false	0	1	false		
ARC2	training	8fbca751	complete	false	false	0	1	NA	id	
ARC2	training	8fbca751	grid_d2	false	false	0	1	false		
ARC2	training	8fbca751	objects	false	false	0	1	false		
ARC2	training	8fbca751	grid_objects	false	false	0	1	false		
ARC2	training	32597951	complete	false	false	0	1	NA	id	
ARC2	training	32597951	grid_d2	false	false	0	1	false		
ARC2	training	32597951	objects	false	false	0	1	false		
ARC2	training	32597951	grid_objects	false	false	0	1	false		
ARC2	training	952a094c	complete	false	false	0	1	NA	id	
ARC2	training	952a094c	grid_d2	false	false	0	1	false		
ARC2	training	952a094c	objects	false	false	0	1	false		
ARC2	training	952a094c	grid_objects	false	false	0	1	false		
ARC2	training	b0c4d837	complete	false	false	0	1	NA	id	
ARC2	training	b0c4d837	grid_d2	false	false	0	1	false		
ARC2	training	b0c4d837	objects	false	false	0	1	false		
ARC2	training	b0c4d837	grid_objects	false	false	0	1	false		
ARC2	training	62b74c02	complete	false	false	0	1	NA	id	
ARC2	training	62b74c02	grid_d2	false	false	0	1	false		
ARC2	training	62b74c02	objects	false	false	0	1	false		
ARC2	training	62b74c02	grid_objects	false	false	0	1	false		
ARC2	evaluation	dfadab01	complete	false	false	0	1	NA	id	
ARC2	evaluation	dfadab01	grid_d2	false	false	0	1	false		
ARC2	evaluation	dfadab01	objects	false	false	0	1	false		
ARC2	evaluation	dfadab01	grid_objects	false	false	0	1	false		
ARC2	evaluation	28a6681f	complete	false	false	0	1	NA	id	
ARC2	evaluation	28a6681f	grid_d2	false	false	0	1	false		
ARC2	evaluation	28a6681f	objects	false	false	0	1	false		
ARC2	evaluation	28a6681f	grid_objects	false	false	0	1	false		
ARC2	training	a85d4709	complete	false	false	0	1	NA	id	
ARC2	training	a85d4709	grid_d2	false	false	0	1	false		
ARC2	training	a85d4709	objects	false	false	0	1	false		
ARC2	training	a85d4709	grid_objects	false	false	0	1	false		
ARC2	evaluation	b0039139	complete	false	false	0	2	NA	id	
ARC2	evaluation	b0039139	grid_d2	false	false	0	2	false		
ARC2	evaluation	b0039139	objects	false	false	0	2	false		
ARC2	evaluation	b0039139	grid_objects	false	false	0	2	false		
ARC2	training	73ccf9c2	complete	false	false	0	1	NA	id	
ARC2	training	73ccf9c2	grid_d2	false	false	0	1	false		
ARC2	training	73ccf9c2	objects	false	false	0	1	false		
ARC2	training	73ccf9c2	grid_objects	false	false	0	1	false		
ARC2	training	5587a8d0	complete	false	false	0	1	NA	id	
ARC2	training	5587a8d0	grid_d2	false	false	0	1	false		
ARC2	training	5587a8d0	objects	false	false	0	1	false		
ARC2	training	5587a8d0	grid_objects	false	false	0	1	false		
ARC2	evaluation	4c416de3	complete	false	false	0	1	NA	id	
ARC2	evaluation	4c416de3	grid_d2	false	false	0	1	false		
ARC2	evaluation	4c416de3	objects	false	false	0	1	false		
ARC2	evaluation	4c416de3	grid_objects	false	false	0	1	false		
ARC2	training	6f8cd79b	complete	false	false	0	1	NA	id	
ARC2	training	6f8cd79b	grid_d2	false	false	0	1	false		
ARC2	training	6f8cd79b	objects	false	false	0	1	false		
ARC2	training	6f8cd79b	grid_objects	false	false	0	1	false		
ARC2	evaluation	20270e3b	complete	false	false	0	2	NA	id	
ARC2	evaluation	20270e3b	grid_d2	false	false	0	2	false		
ARC2	evaluation	20270e3b	objects	false	false	0	2	false		
ARC2	evaluation	20270e3b	grid_objects	false	false	0	2	false		
ARC2	training	6e19193c	complete	false	false	0	1	NA	id	
ARC2	training	6e19193c	grid_d2	false	false	0	1	false		
ARC2	training	6e19193c	objects	false	false	0	1	false		
ARC2	training	6e19193c	grid_objects	false	false	0	1	false		
ARC2	training	fd4b2b02	complete	false	false	0	1	NA	id	
ARC2	training	fd4b2b02	grid_d2	false	false	0	1	false		
ARC2	training	fd4b2b02	objects	false	false	0	1	false		
ARC2	training	fd4b2b02	grid_objects	false	false	0	1	false		
ARC2	training	e9c9d9a1	complete	false	false	0	1	NA	id	
ARC2	training	e9c9d9a1	grid_d2	false	false	0	1	false		
ARC2	training	e9c9d9a1	objects	false	false	0	1	false		
ARC2	training	e9c9d9a1	grid_objects	false	false	0	1	false		
ARC2	training	67385a82	complete	false	false	0	1	NA	id	
ARC2	training	67385a82	grid_d2	false	false	0	1	false		
ARC2	training	67385a82	objects	true	false	0	1	false	zero-4-mono / Widest / Recolour(8) / Original	
ARC2	training	67385a82	grid_objects	true	false	0	1	false	zero-4-mono / Widest / Recolour(8) / Original	
ARC2	training	40f6cd08	complete	false	false	0	1	NA	id	
ARC2	training	40f6cd08	grid_d2	false	false	0	1	false		
ARC2	training	40f6cd08	objects	false	false	0	1	false		
ARC2	training	40f6cd08	grid_objects	false	false	0	1	false		
ARC2	evaluation	136b0064	complete	false	false	0	1	NA	id	
ARC2	evaluation	136b0064	grid_d2	false	false	0	1	false		
ARC2	evaluation	136b0064	objects	false	false	0	1	false		
ARC2	evaluation	136b0064	grid_objects	false	false	0	1	false		
ARC2	training	a8610ef7	complete	false	false	0	1	NA	id	
ARC2	training	a8610ef7	grid_d2	false	false	0	1	false		
ARC2	training	a8610ef7	objects	false	false	0	1	false		
ARC2	training	a8610ef7	grid_objects	false	false	0	1	false		
ARC2	training	0becf7df	complete	false	false	0	1	NA	id	
ARC2	training	0becf7df	grid_d2	false	false	0	1	false		
ARC2	training	0becf7df	objects	false	false	0	1	false		
ARC2	training	0becf7df	grid_objects	false	false	0	1	false		
ARC2	evaluation	80a900e0	complete	false	false	0	1	NA	id	
ARC2	evaluation	80a900e0	grid_d2	false	false	0	1	false		
ARC2	evaluation	80a900e0	objects	false	false	0	1	false		
ARC2	evaluation	80a900e0	grid_objects	false	false	0	1	false		
ARC2	training	b8825c91	complete	true	true	1	1	NA	recolour 4 0 ; symmetrize4	
ARC2	training	b8825c91	grid_d2	true	false	0	1	true	recolour 4 0 ; symmetrizeH	recolour 4 0 ; symmetrize4
ARC2	training	b8825c91	objects	false	false	0	1	false		
ARC2	training	b8825c91	grid_objects	true	false	0	1	true	recolour 4 0 ; symmetrizeH	recolour 4 0 ; symmetrize4
ARC2	training	5bd6f4ac	complete	false	false	0	1	NA	id	
ARC2	training	5bd6f4ac	grid_d2	false	false	0	1	false		
ARC2	training	5bd6f4ac	objects	false	false	0	1	false		
ARC2	training	5bd6f4ac	grid_objects	false	false	0	1	false		
ARC2	training	689c358e	complete	false	false	0	1	NA	id	
ARC2	training	689c358e	grid_d2	false	false	0	1	false		
ARC2	training	689c358e	objects	false	false	0	1	false		
ARC2	training	689c358e	grid_objects	false	false	0	1	false		
ARC2	training	320afe60	complete	false	false	0	2	NA	id	
ARC2	training	320afe60	grid_d2	false	false	0	2	false		
ARC2	training	320afe60	objects	false	false	0	2	false		
ARC2	training	320afe60	grid_objects	false	false	0	2	false		
ARC2	training	2dd70a9a	complete	false	false	0	1	NA	id	
ARC2	training	2dd70a9a	grid_d2	false	false	0	1	false		
ARC2	training	2dd70a9a	objects	false	false	0	1	false		
ARC2	training	2dd70a9a	grid_objects	false	false	0	1	false		
ARC2	training	13713586	complete	false	false	0	1	NA	id	
ARC2	training	13713586	grid_d2	false	false	0	1	false		
ARC2	training	13713586	objects	false	false	0	1	false		
ARC2	training	13713586	grid_objects	false	false	0	1	false		
ARC2	training	c61be7dc	complete	false	false	0	1	NA	id	
ARC2	training	c61be7dc	grid_d2	false	false	0	1	false		
ARC2	training	c61be7dc	objects	false	false	0	1	false		
ARC2	training	c61be7dc	grid_objects	false	false	0	1	false		
ARC2	training	810b9b61	complete	false	false	0	1	NA	id	
ARC2	training	810b9b61	grid_d2	false	false	0	1	false		
ARC2	training	810b9b61	objects	false	false	0	1	false		
ARC2	training	810b9b61	grid_objects	false	false	0	1	false		
ARC2	training	da2b0fe3	complete	false	false	0	2	NA	id	
ARC2	training	da2b0fe3	grid_d2	false	false	0	2	false		
ARC2	training	da2b0fe3	objects	false	false	0	2	false		
ARC2	training	da2b0fe3	grid_objects	false	false	0	2	false		
ARC2	training	42f83767	complete	false	false	0	2	NA	id	
ARC2	training	42f83767	grid_d2	false	false	0	2	false		
ARC2	training	42f83767	objects	false	false	0	2	false		
ARC2	training	42f83767	grid_objects	false	false	0	2	false		
ARC2	training	2a28add5	complete	false	false	0	1	NA	id	
ARC2	training	2a28add5	grid_d2	false	false	0	1	false		
ARC2	training	2a28add5	objects	false	false	0	1	false		
ARC2	training	2a28add5	grid_objects	false	false	0	1	false		
ARC2	training	e45ef808	complete	false	false	0	1	NA	id	
ARC2	training	e45ef808	grid_d2	false	false	0	1	false		
ARC2	training	e45ef808	objects	false	false	0	1	false		
ARC2	training	e45ef808	grid_objects	false	false	0	1	false		
ARC2	training	b1fc8b8e	complete	false	false	0	2	NA	id	
ARC2	training	b1fc8b8e	grid_d2	false	false	0	2	false		
ARC2	training	b1fc8b8e	objects	false	false	0	2	false		
ARC2	training	b1fc8b8e	grid_objects	false	false	0	2	false		
ARC2	training	045e512c	complete	false	false	0	1	NA	id	
ARC2	training	045e512c	grid_d2	false	false	0	1	false		
ARC2	training	045e512c	objects	false	false	0	1	false		
ARC2	training	045e512c	grid_objects	false	false	0	1	false		
ARC2	training	85b81ff1	complete	false	false	0	1	NA	id	
ARC2	training	85b81ff1	grid_d2	false	false	0	1	false		
ARC2	training	85b81ff1	objects	false	false	0	1	false		
ARC2	training	85b81ff1	grid_objects	false	false	0	1	false		
ARC2	training	ac0c5833	complete	false	false	0	1	NA	id	
ARC2	training	ac0c5833	grid_d2	false	false	0	1	false		
ARC2	training	ac0c5833	objects	false	false	0	1	false		
ARC2	training	ac0c5833	grid_objects	false	false	0	1	false		
ARC2	training	8b28cd80	complete	false	false	0	2	NA	id	
ARC2	training	8b28cd80	grid_d2	false	false	0	2	false		
ARC2	training	8b28cd80	objects	false	false	0	2	false		
ARC2	training	8b28cd80	grid_objects	false	false	0	2	false		
ARC2	training	22425bda	complete	false	false	0	1	NA	id	
ARC2	training	22425bda	grid_d2	false	false	0	1	false		
ARC2	training	22425bda	objects	false	false	0	1	false		
ARC2	training	22425bda	grid_objects	false	false	0	1	false		
ARC2	training	50846271	complete	false	false	0	1	NA	id	
ARC2	training	50846271	grid_d2	false	false	0	1	false		
ARC2	training	50846271	objects	false	false	0	1	false		
ARC2	training	50846271	grid_objects	false	false	0	1	false		
ARC2	training	ff28f65a	complete	false	false	0	3	NA	id	
ARC2	training	ff28f65a	grid_d2	false	false	0	3	false		
ARC2	training	ff28f65a	objects	false	false	0	3	false		
ARC2	training	ff28f65a	grid_objects	false	false	0	3	false		
ARC2	training	b94a9452	complete	false	false	0	1	NA	id	
ARC2	training	b94a9452	grid_d2	false	false	0	1	false		
ARC2	training	b94a9452	objects	false	false	0	1	false		
ARC2	training	b94a9452	grid_objects	false	false	0	1	false		
ARC2	training	0a938d79	complete	false	false	0	1	NA	id	
ARC2	training	0a938d79	grid_d2	false	false	0	1	false		
ARC2	training	0a938d79	objects	false	false	0	1	false		
ARC2	training	0a938d79	grid_objects	false	false	0	1	false		
ARC2	training	5c0a986e	complete	false	false	0	1	NA	id	
ARC2	training	5c0a986e	grid_d2	false	false	0	1	false		
ARC2	training	5c0a986e	objects	false	false	0	1	false		
ARC2	training	5c0a986e	grid_objects	false	false	0	1	false		
ARC2	training	7bb29440	complete	false	false	0	1	NA	cropLargest	
ARC2	training	7bb29440	grid_d2	false	false	0	1	false		
ARC2	training	7bb29440	objects	false	false	0	1	false		
ARC2	training	7bb29440	grid_objects	false	false	0	1	false		
ARC2	evaluation	b9e38dc0	complete	false	false	0	1	NA	id	
ARC2	evaluation	b9e38dc0	grid_d2	false	false	0	1	false		
ARC2	evaluation	b9e38dc0	objects	false	false	0	1	false		
ARC2	evaluation	b9e38dc0	grid_objects	false	false	0	1	false		
ARC2	training	623ea044	complete	false	false	0	1	NA	id	
ARC2	training	623ea044	grid_d2	false	false	0	1	false		
ARC2	training	623ea044	objects	false	false	0	1	false		
ARC2	training	623ea044	grid_objects	false	false	0	1	false		
ARC2	training	27a28665	complete	false	false	0	3	NA	id	
ARC2	training	27a28665	grid_d2	false	false	0	3	false		
ARC2	training	27a28665	objects	false	false	0	3	false		
ARC2	training	27a28665	grid_objects	false	false	0	3	false		
ARC2	evaluation	d8e07eb2	complete	false	false	0	2	NA	id	
ARC2	evaluation	d8e07eb2	grid_d2	false	false	0	2	false		
ARC2	evaluation	d8e07eb2	objects	false	false	0	2	false		
ARC2	evaluation	d8e07eb2	grid_objects	false	false	0	2	false		
ARC2	training	d9fac9be	complete	true	false	0	1	NA	shiftRight ; topHalf ; cropSmallest	
ARC2	training	d9fac9be	grid_d2	true	false	0	1	false	topHalf ; cropSmallest	
ARC2	training	d9fac9be	objects	false	false	0	1	false		
ARC2	training	d9fac9be	grid_objects	true	false	0	1	false	topHalf ; cropSmallest	
ARC2	training	3ac3eb23	complete	false	false	0	1	NA	id	
ARC2	training	3ac3eb23	grid_d2	false	false	0	1	false		
ARC2	training	3ac3eb23	objects	false	false	0	1	false		
ARC2	training	3ac3eb23	grid_objects	false	false	0	1	false		
ARC2	training	070dd51e	complete	false	false	0	1	NA	id	
ARC2	training	070dd51e	grid_d2	false	false	0	1	false		
ARC2	training	070dd51e	objects	false	false	0	1	false		
ARC2	training	070dd51e	grid_objects	false	false	0	1	false		
ARC2	training	66e6c45b	complete	false	false	0	1	NA	id	
ARC2	training	66e6c45b	grid_d2	false	false	0	1	false		
ARC2	training	66e6c45b	objects	false	false	0	1	false		
ARC2	training	66e6c45b	grid_objects	false	false	0	1	false		
ARC2	training	9f669b64	complete	false	false	0	1	NA	id	
ARC2	training	9f669b64	grid_d2	false	false	0	1	false		
ARC2	training	9f669b64	objects	false	false	0	1	false		
ARC2	training	9f669b64	grid_objects	false	false	0	1	false		
ARC2	training	90347967	complete	false	false	0	1	NA	rot180	
ARC2	training	90347967	grid_d2	false	false	0	1	false		
ARC2	training	90347967	objects	false	false	0	1	false		
ARC2	training	90347967	grid_objects	false	false	0	1	false		
ARC2	training	b457fec5	complete	false	false	0	1	NA	id	
ARC2	training	b457fec5	grid_d2	false	false	0	1	false		
ARC2	training	b457fec5	objects	false	false	0	1	false		
ARC2	training	b457fec5	grid_objects	false	false	0	1	false		
ARC2	training	0c9aba6e	complete	true	true	1	1	NA	splitV nor 8	
ARC2	training	0c9aba6e	grid_d2	true	true	1	1	true	splitV nor 8	splitV nor 8
ARC2	training	0c9aba6e	objects	false	false	0	1	false		
ARC2	training	0c9aba6e	grid_objects	true	true	1	1	true	splitV nor 8	splitV nor 8
ARC2	training	7f4411dc	complete	false	false	0	1	NA	id	
ARC2	training	7f4411dc	grid_d2	false	false	0	1	false		
ARC2	training	7f4411dc	objects	false	false	0	1	false		
ARC2	training	7f4411dc	grid_objects	false	false	0	1	false		
ARC2	training	833966f4	complete	false	false	0	1	NA	id	
ARC2	training	833966f4	grid_d2	false	false	0	1	false		
ARC2	training	833966f4	objects	false	false	0	1	false		
ARC2	training	833966f4	grid_objects	false	false	0	1	false		
ARC2	training	7468f01a	complete	true	true	1	1	NA	flipH ; cropBBox	
ARC2	training	7468f01a	grid_d2	true	true	1	1	true	flipH ; cropBBox	flipH ; cropBBox
ARC2	training	7468f01a	objects	true	true	1	1	true	zero-4-multi / All / MirrorH / Crop	zero-4-multi / All / MirrorH / Crop
ARC2	training	7468f01a	grid_objects	true	true	1	1	true	flipH ; cropBBox	flipH ; cropBBox
ARC2	training	985ae207	complete	false	false	0	1	NA	id	
ARC2	training	985ae207	grid_d2	false	false	0	1	false		
ARC2	training	985ae207	objects	false	false	0	1	false		
ARC2	training	985ae207	grid_objects	false	false	0	1	false		
ARC2	training	ce9e57f2	complete	false	false	0	1	NA	id	
ARC2	training	ce9e57f2	grid_d2	false	false	0	1	false		
ARC2	training	ce9e57f2	objects	false	false	0	1	false		
ARC2	training	ce9e57f2	grid_objects	false	false	0	1	false		
ARC2	training	50c07299	complete	false	false	0	1	NA	id	
ARC2	training	50c07299	grid_d2	false	false	0	1	false		
ARC2	training	50c07299	objects	false	false	0	1	false		
ARC2	training	50c07299	grid_objects	false	false	0	1	false		
ARC2	training	67e8384a	complete	true	true	1	1	NA	mirror4	
ARC2	training	67e8384a	grid_d2	true	true	1	1	true	mirror4	mirror4
ARC2	training	67e8384a	objects	false	false	0	1	false		
ARC2	training	67e8384a	grid_objects	true	true	1	1	true	mirror4	mirror4
ARC2	training	88a62173	complete	false	false	0	1	NA	cropLargest	
ARC2	training	88a62173	grid_d2	false	false	0	1	false		
ARC2	training	88a62173	objects	true	true	1	1	true	zero-8-mono / UniqueShape / Identity / Crop	zero-8-mono / UniqueShape / Identity / Crop
ARC2	training	88a62173	grid_objects	true	true	1	1	true	zero-8-mono / UniqueShape / Identity / Crop	zero-8-mono / UniqueShape / Identity / Crop
ARC2	training	8efcae92	complete	false	false	0	1	NA	bottomHalf ; cropLargest	
ARC2	training	8efcae92	grid_d2	false	false	0	1	false		
ARC2	training	8efcae92	objects	false	false	0	1	false		
ARC2	training	8efcae92	grid_objects	false	false	0	1	false		
ARC2	training	e3497940	complete	true	true	1	1	NA	symmetrizeH ; leftHalf	
ARC2	training	e3497940	grid_d2	true	true	1	1	true	symmetrizeH ; leftHalf	symmetrizeH ; leftHalf
ARC2	training	e3497940	objects	false	false	0	1	false		
ARC2	training	e3497940	grid_objects	true	true	1	1	true	symmetrizeH ; leftHalf	symmetrizeH ; leftHalf
ARC2	training	2bee17df	complete	false	false	0	1	NA	id	
ARC2	training	2bee17df	grid_d2	false	false	0	1	false		
ARC2	training	2bee17df	objects	false	false	0	1	false		
ARC2	training	2bee17df	grid_objects	false	false	0	1	false		
ARC2	training	272f95fa	complete	false	false	0	1	NA	id	
ARC2	training	272f95fa	grid_d2	false	false	0	1	false		
ARC2	training	272f95fa	objects	false	false	0	1	false		
ARC2	training	272f95fa	grid_objects	false	false	0	1	false		
ARC2	training	9b4c17c4	complete	false	false	0	2	NA	id	
ARC2	training	9b4c17c4	grid_d2	false	false	0	2	false		
ARC2	training	9b4c17c4	objects	false	false	0	2	false		
ARC2	training	9b4c17c4	grid_objects	false	false	0	2	false		
ARC2	training	30f42897	complete	false	false	0	1	NA	id	
ARC2	training	30f42897	grid_d2	false	false	0	1	false		
ARC2	training	30f42897	objects	false	false	0	1	false		
ARC2	training	30f42897	grid_objects	false	false	0	1	false		
ARC2	training	d4c90558	complete	false	false	0	1	NA	id	
ARC2	training	d4c90558	grid_d2	false	false	0	1	false		
ARC2	training	d4c90558	objects	false	false	0	1	false		
ARC2	training	d4c90558	grid_objects	false	false	0	1	false		
ARC2	training	a406ac07	complete	false	false	0	1	NA	id	
ARC2	training	a406ac07	grid_d2	false	false	0	1	false		
ARC2	training	a406ac07	objects	false	false	0	1	false		
ARC2	training	a406ac07	grid_objects	false	false	0	1	false		
ARC2	training	bbc9ae5d	complete	false	false	0	1	NA	id	
ARC2	training	bbc9ae5d	grid_d2	false	false	0	1	false		
ARC2	training	bbc9ae5d	objects	false	false	0	1	false		
ARC2	training	bbc9ae5d	grid_objects	false	false	0	1	false		
ARC2	training	9968a131	complete	false	false	0	1	NA	id	
ARC2	training	9968a131	grid_d2	false	false	0	1	false		
ARC2	training	9968a131	objects	false	false	0	1	false		
ARC2	training	9968a131	grid_objects	false	false	0	1	false		
ARC2	training	b2862040	complete	false	false	0	1	NA	id	
ARC2	training	b2862040	grid_d2	false	false	0	1	false		
ARC2	training	b2862040	objects	false	false	0	1	false		
ARC2	training	b2862040	grid_objects	false	false	0	1	false		
ARC2	training	8597cfd7	complete	false	false	0	1	NA	id	
ARC2	training	8597cfd7	grid_d2	false	false	0	1	false		
ARC2	training	8597cfd7	objects	false	false	0	1	false		
ARC2	training	8597cfd7	grid_objects	false	false	0	1	false		
ARC2	training	b942fd60	complete	false	false	0	1	NA	id	
ARC2	training	b942fd60	grid_d2	false	false	0	1	false		
ARC2	training	b942fd60	objects	false	false	0	1	false		
ARC2	training	b942fd60	grid_objects	false	false	0	1	false		
ARC2	training	6e02f1e3	complete	false	false	0	1	NA	id	
ARC2	training	6e02f1e3	grid_d2	false	false	0	1	false		
ARC2	training	6e02f1e3	objects	false	false	0	1	false		
ARC2	training	6e02f1e3	grid_objects	false	false	0	1	false		
ARC2	training	69889d6e	complete	false	false	0	1	NA	id	
ARC2	training	69889d6e	grid_d2	false	false	0	1	false		
ARC2	training	69889d6e	objects	false	false	0	1	false		
ARC2	training	69889d6e	grid_objects	false	false	0	1	false		
ARC2	training	2e65ae53	complete	false	false	0	1	NA	id	
ARC2	training	2e65ae53	grid_d2	false	false	0	1	false		
ARC2	training	2e65ae53	objects	false	false	0	1	false		
ARC2	training	2e65ae53	grid_objects	false	false	0	1	false		
ARC2	training	31aa019c	complete	false	false	0	1	NA	id	
ARC2	training	31aa019c	grid_d2	false	false	0	1	false		
ARC2	training	31aa019c	objects	false	false	0	1	false		
ARC2	training	31aa019c	grid_objects	false	false	0	1	false		
ARC2	training	f5aa3634	complete	false	true	1	1	NA	cropLargest	
ARC2	training	f5aa3634	grid_d2	false	false	0	1	false		
ARC2	training	f5aa3634	objects	false	false	0	1	false		
ARC2	training	f5aa3634	grid_objects	false	false	0	1	false		
ARC2	training	f8f52ecc	complete	false	false	0	2	NA	id	
ARC2	training	f8f52ecc	grid_d2	false	false	0	2	false		
ARC2	training	f8f52ecc	objects	false	false	0	2	false		
ARC2	training	f8f52ecc	grid_objects	false	false	0	2	false		
ARC2	training	ea786f4a	complete	false	false	0	1	NA	id	
ARC2	training	ea786f4a	grid_d2	false	false	0	1	false		
ARC2	training	ea786f4a	objects	false	false	0	1	false		
ARC2	training	ea786f4a	grid_objects	false	false	0	1	false		
ARC2	training	bcb3040b	complete	false	false	0	1	NA	id	
ARC2	training	bcb3040b	grid_d2	false	false	0	1	false		
ARC2	training	bcb3040b	objects	false	false	0	1	false		
ARC2	training	bcb3040b	grid_objects	false	false	0	1	false		
ARC2	training	d4a91cb9	complete	false	false	0	1	NA	id	
ARC2	training	d4a91cb9	grid_d2	false	false	0	1	false		
ARC2	training	d4a91cb9	objects	false	false	0	1	false		
ARC2	training	d4a91cb9	grid_objects	false	false	0	1	false		
ARC2	evaluation	58490d8a	complete	false	false	0	1	NA	id	
ARC2	evaluation	58490d8a	grid_d2	false	false	0	1	false		
ARC2	evaluation	58490d8a	objects	false	false	0	1	false		
ARC2	evaluation	58490d8a	grid_objects	false	false	0	1	false		
ARC2	training	423a55dc	complete	false	false	0	1	NA	id	
ARC2	training	423a55dc	grid_d2	false	false	0	1	false		
ARC2	training	423a55dc	objects	false	false	0	1	false		
ARC2	training	423a55dc	grid_objects	false	false	0	1	false		
ARC2	training	82819916	complete	false	false	0	1	NA	id	
ARC2	training	82819916	grid_d2	false	false	0	1	false		
ARC2	training	82819916	objects	false	false	0	1	false		
ARC2	training	82819916	grid_objects	false	false	0	1	false		
ARC2	training	80214e03	complete	false	false	0	1	NA	id	
ARC2	training	80214e03	grid_d2	false	false	0	1	false		
ARC2	training	80214e03	objects	false	false	0	1	false		
ARC2	training	80214e03	grid_objects	false	false	0	1	false		
ARC2	evaluation	21897d95	complete	false	false	0	2	NA	id	
ARC2	evaluation	21897d95	grid_d2	false	false	0	2	false		
ARC2	evaluation	21897d95	objects	false	false	0	2	false		
ARC2	evaluation	21897d95	grid_objects	false	false	0	2	false		
ARC2	evaluation	2ba387bc	complete	false	false	0	1	NA	id	
ARC2	evaluation	2ba387bc	grid_d2	false	false	0	1	false		
ARC2	evaluation	2ba387bc	objects	false	false	0	1	false		
ARC2	evaluation	2ba387bc	grid_objects	false	false	0	1	false		
ARC2	training	dae9d2b5	complete	true	true	2	2	NA	splitH or 6	
ARC2	training	dae9d2b5	grid_d2	true	true	2	2	true	splitH or 6	splitH or 6
ARC2	training	dae9d2b5	objects	false	false	0	2	false		
ARC2	training	dae9d2b5	grid_objects	true	true	2	2	true	splitH or 6	splitH or 6
ARC2	training	995c5fa3	complete	false	false	0	1	NA	id	
ARC2	training	995c5fa3	grid_d2	false	false	0	1	false		
ARC2	training	995c5fa3	objects	false	false	0	1	false		
ARC2	training	995c5fa3	grid_objects	false	false	0	1	false		
ARC2	training	ac0c2ac3	complete	false	false	0	1	NA	id	
ARC2	training	ac0c2ac3	grid_d2	false	false	0	1	false		
ARC2	training	ac0c2ac3	objects	false	false	0	1	false		
ARC2	training	ac0c2ac3	grid_objects	false	false	0	1	false		
ARC2	training	3befdf3e	complete	false	false	0	1	NA	id	
ARC2	training	3befdf3e	grid_d2	false	false	0	1	false		
ARC2	training	3befdf3e	objects	false	false	0	1	false		
ARC2	training	3befdf3e	grid_objects	false	false	0	1	false		
ARC2	training	4be741c5	complete	false	false	0	1	NA	id	
ARC2	training	4be741c5	grid_d2	false	false	0	1	false		
ARC2	training	4be741c5	objects	false	false	0	1	false		
ARC2	training	4be741c5	grid_objects	false	false	0	1	false		
ARC2	training	9172f3a0	complete	true	true	1	1	NA	scale 3	
ARC2	training	9172f3a0	grid_d2	true	true	1	1	true	scale 3	scale 3
ARC2	training	9172f3a0	objects	false	false	0	1	false		
ARC2	training	9172f3a0	grid_objects	true	true	1	1	true	scale 3	scale 3
ARC2	training	642d658d	complete	false	false	0	1	NA	id	
ARC2	training	642d658d	grid_d2	false	false	0	1	false		
ARC2	training	642d658d	objects	false	false	0	1	false		
ARC2	training	642d658d	grid_objects	false	false	0	1	false		
ARC2	training	a3325580	complete	false	false	0	1	NA	cropLargest	
ARC2	training	a3325580	grid_d2	false	false	0	1	false		
ARC2	training	a3325580	objects	false	false	0	1	false		
ARC2	training	a3325580	grid_objects	false	false	0	1	false		
ARC2	training	90f3ed37	complete	false	false	0	1	NA	id	
ARC2	training	90f3ed37	grid_d2	false	false	0	1	false		
ARC2	training	90f3ed37	objects	false	false	0	1	false		
ARC2	training	90f3ed37	grid_objects	false	false	0	1	false		
ARC2	evaluation	78332cb0	complete	false	false	0	2	NA	id	
ARC2	evaluation	78332cb0	grid_d2	false	false	0	2	false		
ARC2	evaluation	78332cb0	objects	false	false	0	2	false		
ARC2	evaluation	78332cb0	grid_objects	false	false	0	2	false		
ARC2	training	58743b76	complete	false	false	0	1	NA	id	
ARC2	training	58743b76	grid_d2	false	false	0	1	false		
ARC2	training	58743b76	objects	false	false	0	1	false		
ARC2	training	58743b76	grid_objects	false	false	0	1	false		
ARC2	training	a79310a0	complete	true	true	1	1	NA	shiftDown ; recolour 8 2	
ARC2	training	a79310a0	grid_d2	true	true	1	1	true	shiftDown ; recolour 8 2	shiftDown ; recolour 8 2
ARC2	training	a79310a0	objects	false	false	0	1	false		
ARC2	training	a79310a0	grid_objects	true	true	1	1	true	shiftDown ; recolour 8 2	shiftDown ; recolour 8 2
ARC2	training	50f325b5	complete	false	false	0	1	NA	id	
ARC2	training	50f325b5	grid_d2	false	false	0	1	false		
ARC2	training	50f325b5	objects	false	false	0	1	false		
ARC2	training	50f325b5	grid_objects	false	false	0	1	false		
ARC2	training	5c2c9af4	complete	false	false	0	1	NA	id	
ARC2	training	5c2c9af4	grid_d2	false	false	0	1	false		
ARC2	training	5c2c9af4	objects	false	false	0	1	false		
ARC2	training	5c2c9af4	grid_objects	false	false	0	1	false		
ARC2	training	52364a65	complete	false	false	0	1	NA	id	
ARC2	training	52364a65	grid_d2	false	false	0	1	false		
ARC2	training	52364a65	objects	false	false	0	1	false		
ARC2	training	52364a65	grid_objects	false	false	0	1	false		
ARC2	training	b71a7747	complete	false	false	0	1	NA	id	
ARC2	training	b71a7747	grid_d2	false	false	0	1	false		
ARC2	training	b71a7747	objects	false	false	0	1	false		
ARC2	training	b71a7747	grid_objects	false	false	0	1	false		
ARC2	training	caa06a1f	complete	false	false	0	1	NA	id	
ARC2	training	caa06a1f	grid_d2	false	false	0	1	false		
ARC2	training	caa06a1f	objects	false	false	0	1	false		
ARC2	training	caa06a1f	grid_objects	false	false	0	1	false		
ARC2	training	ff805c23	complete	false	false	0	1	NA	id	
ARC2	training	ff805c23	grid_d2	false	false	0	1	false		
ARC2	training	ff805c23	objects	false	false	0	1	false		
ARC2	training	ff805c23	grid_objects	false	false	0	1	false		
ARC2	training	9f5f939b	complete	false	false	0	1	NA	id	
ARC2	training	9f5f939b	grid_d2	false	false	0	1	false		
ARC2	training	9f5f939b	objects	false	false	0	1	false		
ARC2	training	9f5f939b	grid_objects	false	false	0	1	false		
ARC2	training	a48eeaf7	complete	false	false	0	1	NA	id	
ARC2	training	a48eeaf7	grid_d2	false	false	0	1	false		
ARC2	training	a48eeaf7	objects	false	false	0	1	false		
ARC2	training	a48eeaf7	grid_objects	false	false	0	1	false		
ARC2	training	e6de6e8f	complete	false	false	0	1	NA	id	
ARC2	training	e6de6e8f	grid_d2	false	false	0	1	false		
ARC2	training	e6de6e8f	objects	false	false	0	1	false		
ARC2	training	e6de6e8f	grid_objects	false	false	0	1	false		
ARC2	training	55059096	complete	false	false	0	1	NA	id	
ARC2	training	55059096	grid_d2	false	false	0	1	false		
ARC2	training	55059096	objects	false	false	0	1	false		
ARC2	training	55059096	grid_objects	false	false	0	1	false		
ARC2	training	3ad05f52	complete	false	false	0	1	NA	id	
ARC2	training	3ad05f52	grid_d2	false	false	0	1	false		
ARC2	training	3ad05f52	objects	false	false	0	1	false		
ARC2	training	3ad05f52	grid_objects	false	false	0	1	false		
ARC2	training	45bbe264	complete	false	false	0	1	NA	id	
ARC2	training	45bbe264	grid_d2	false	false	0	1	false		
ARC2	training	45bbe264	objects	false	false	0	1	false		
ARC2	training	45bbe264	grid_objects	false	false	0	1	false		
ARC2	training	c8cbb738	complete	false	false	0	1	NA	id	
ARC2	training	c8cbb738	grid_d2	false	false	0	1	false		
ARC2	training	c8cbb738	objects	false	false	0	1	false		
ARC2	training	c8cbb738	grid_objects	false	false	0	1	false		
ARC2	training	77fdfe62	complete	false	false	0	1	NA	id	
ARC2	training	77fdfe62	grid_d2	false	false	0	1	false		
ARC2	training	77fdfe62	objects	false	false	0	1	false		
ARC2	training	77fdfe62	grid_objects	false	false	0	1	false		
ARC2	training	50aad11f	complete	false	false	0	1	NA	id	
ARC2	training	50aad11f	grid_d2	false	false	0	1	false		
ARC2	training	50aad11f	objects	false	false	0	1	false		
ARC2	training	50aad11f	grid_objects	false	false	0	1	false		
ARC2	evaluation	291dc1e1	complete	false	false	0	1	NA	id	
ARC2	evaluation	291dc1e1	grid_d2	false	false	0	1	false		
ARC2	evaluation	291dc1e1	objects	false	false	0	1	false		
ARC2	evaluation	291dc1e1	grid_objects	false	false	0	1	false		
ARC2	training	d23f8c26	complete	false	false	0	1	NA	id	
ARC2	training	d23f8c26	grid_d2	false	false	0	1	false		
ARC2	training	d23f8c26	objects	false	false	0	1	false		
ARC2	training	d23f8c26	grid_objects	false	false	0	1	false		
ARC2	training	60a26a3e	complete	false	false	0	1	NA	id	
ARC2	training	60a26a3e	grid_d2	false	false	0	1	false		
ARC2	training	60a26a3e	objects	false	false	0	1	false		
ARC2	training	60a26a3e	grid_objects	false	false	0	1	false		
ARC2	training	ea959feb	complete	false	false	0	1	NA	id	
ARC2	training	ea959feb	grid_d2	false	false	0	1	false		
ARC2	training	ea959feb	objects	false	false	0	1	false		
ARC2	training	ea959feb	grid_objects	false	false	0	1	false		
ARC2	training	42918530	complete	false	false	0	1	NA	id	
ARC2	training	42918530	grid_d2	false	false	0	1	false		
ARC2	training	42918530	objects	false	false	0	1	false		
ARC2	training	42918530	grid_objects	false	false	0	1	false		
ARC2	training	2281f1f4	complete	false	false	0	1	NA	id	
ARC2	training	2281f1f4	grid_d2	false	false	0	1	false		
ARC2	training	2281f1f4	objects	false	false	0	1	false		
ARC2	training	2281f1f4	grid_objects	false	false	0	1	false		
ARC2	training	6350f1f4	complete	false	false	0	1	NA	id	
ARC2	training	6350f1f4	grid_d2	false	false	0	1	false		
ARC2	training	6350f1f4	objects	false	false	0	1	false		
ARC2	training	6350f1f4	grid_objects	false	false	0	1	false		
ARC2	training	662c240a	complete	false	false	0	1	NA	id	
ARC2	training	662c240a	grid_d2	false	false	0	1	false		
ARC2	training	662c240a	objects	false	false	0	1	false		
ARC2	training	662c240a	grid_objects	false	false	0	1	false		
ARC2	training	c803e39c	complete	false	false	0	1	NA	id	
ARC2	training	c803e39c	grid_d2	false	false	0	1	false		
ARC2	training	c803e39c	objects	false	false	0	1	false		
ARC2	training	c803e39c	grid_objects	false	false	0	1	false		
ARC2	training	84f2aca1	complete	false	false	0	1	NA	fillEnclosed 5	
ARC2	training	84f2aca1	grid_d2	false	false	0	1	false		
ARC2	training	84f2aca1	objects	false	false	0	1	false		
ARC2	training	84f2aca1	grid_objects	false	false	0	1	false		
ARC2	training	37ce87bb	complete	false	false	0	1	NA	id	
ARC2	training	37ce87bb	grid_d2	false	false	0	1	false		
ARC2	training	37ce87bb	objects	false	false	0	1	false		
ARC2	training	37ce87bb	grid_objects	false	false	0	1	false		
ARC2	training	2204b7a8	complete	false	false	0	1	NA	id	
ARC2	training	2204b7a8	grid_d2	false	false	0	1	false		
ARC2	training	2204b7a8	objects	false	false	0	1	false		
ARC2	training	2204b7a8	grid_objects	false	false	0	1	false		
ARC2	training	a65b410d	complete	false	false	0	1	NA	id	
ARC2	training	a65b410d	grid_d2	false	false	0	1	false		
ARC2	training	a65b410d	objects	false	false	0	1	false		
ARC2	training	a65b410d	grid_objects	false	false	0	1	false		
ARC2	training	e8593010	complete	false	false	0	1	NA	id	
ARC2	training	e8593010	grid_d2	false	false	0	1	false		
ARC2	training	e8593010	objects	false	false	0	1	false		
ARC2	training	e8593010	grid_objects	false	false	0	1	false		
ARC2	training	33b52de3	complete	false	false	0	1	NA	id	
ARC2	training	33b52de3	grid_d2	false	false	0	1	false		
ARC2	training	33b52de3	objects	false	false	0	1	false		
ARC2	training	33b52de3	grid_objects	false	false	0	1	false		
ARC2	training	4c4377d9	complete	true	true	1	1	NA	flipV ; vconcatFlip	
ARC2	training	4c4377d9	grid_d2	true	true	1	1	true	flipV ; vconcatFlip	flipV ; vconcatFlip
ARC2	training	4c4377d9	objects	false	false	0	1	false		
ARC2	training	4c4377d9	grid_objects	true	true	1	1	true	flipV ; vconcatFlip	flipV ; vconcatFlip
ARC2	training	d687bc17	complete	false	false	0	1	NA	id	
ARC2	training	d687bc17	grid_d2	false	false	0	1	false		
ARC2	training	d687bc17	objects	false	false	0	1	false		
ARC2	training	d687bc17	grid_objects	false	false	0	1	false		
ARC2	evaluation	e12f9a14	complete	false	false	0	2	NA	id	
ARC2	evaluation	e12f9a14	grid_d2	false	false	0	2	false		
ARC2	evaluation	e12f9a14	objects	false	false	0	2	false		
ARC2	evaluation	e12f9a14	grid_objects	false	false	0	2	false		
ARC2	training	20818e16	complete	false	false	0	1	NA	id	
ARC2	training	20818e16	grid_d2	false	false	0	1	false		
ARC2	training	20818e16	objects	false	false	0	1	false		
ARC2	training	20818e16	grid_objects	false	false	0	1	false		
ARC2	training	758abdf0	complete	false	false	0	1	NA	id	
ARC2	training	758abdf0	grid_d2	false	false	0	1	false		
ARC2	training	758abdf0	objects	false	false	0	1	false		
ARC2	training	758abdf0	grid_objects	false	false	0	1	false		
ARC2	training	95990924	complete	false	false	0	1	NA	id	
ARC2	training	95990924	grid_d2	false	false	0	1	false		
ARC2	training	95990924	objects	false	false	0	1	false		
ARC2	training	95990924	grid_objects	false	false	0	1	false		
ARC2	evaluation	36a08778	complete	false	false	0	2	NA	id	
ARC2	evaluation	36a08778	grid_d2	false	false	0	2	false		
ARC2	evaluation	36a08778	objects	false	false	0	2	false		
ARC2	evaluation	36a08778	grid_objects	false	false	0	2	false		
ARC2	training	e1d2900e	complete	false	false	0	1	NA	id	
ARC2	training	e1d2900e	grid_d2	false	false	0	1	false		
ARC2	training	e1d2900e	objects	false	false	0	1	false		
ARC2	training	e1d2900e	grid_objects	false	false	0	1	false		
ARC2	training	7df24a62	complete	false	false	0	1	NA	id	
ARC2	training	7df24a62	grid_d2	false	false	0	1	false		
ARC2	training	7df24a62	objects	false	false	0	1	false		
ARC2	training	7df24a62	grid_objects	false	false	0	1	false		
ARC2	training	3f7978a0	complete	false	false	0	1	NA	id	
ARC2	training	3f7978a0	grid_d2	false	false	0	1	false		
ARC2	training	3f7978a0	objects	false	false	0	1	false		
ARC2	training	3f7978a0	grid_objects	false	false	0	1	false		
ARC2	training	cd3c21df	complete	true	true	1	1	NA	recolour 3 0 ; recolour 5 0 ; cropLargest	
ARC2	training	cd3c21df	grid_d2	false	false	0	1	false		
ARC2	training	cd3c21df	objects	true	true	1	1	true	zero-4-multi / UniqueColour / Identity / Crop	zero-4-multi / UniqueColour / Identity / Crop
ARC2	training	cd3c21df	grid_objects	true	true	1	1	true	zero-4-multi / UniqueColour / Identity / Crop	zero-4-multi / UniqueColour / Identity / Crop
ARC2	evaluation	7ed72f31	complete	false	false	0	2	NA	id	
ARC2	evaluation	7ed72f31	grid_d2	false	false	0	2	false		
ARC2	evaluation	7ed72f31	objects	false	false	0	2	false		
ARC2	evaluation	7ed72f31	grid_objects	false	false	0	2	false		
ARC2	training	54dc2872	complete	false	false	0	1	NA	id	
ARC2	training	54dc2872	grid_d2	false	false	0	1	false		
ARC2	training	54dc2872	objects	false	false	0	1	false		
ARC2	training	54dc2872	grid_objects	false	false	0	1	false		
ARC2	training	96a8c0cd	complete	false	false	0	1	NA	id	
ARC2	training	96a8c0cd	grid_d2	false	false	0	1	false		
ARC2	training	96a8c0cd	objects	false	false	0	1	false		
ARC2	training	96a8c0cd	grid_objects	false	false	0	1	false		
ARC2	training	ea9794b1	complete	false	false	0	1	NA	id	
ARC2	training	ea9794b1	grid_d2	false	false	0	1	false		
ARC2	training	ea9794b1	objects	false	false	0	1	false		
ARC2	training	ea9794b1	grid_objects	false	false	0	1	false		
ARC2	training	5ad4f10b	complete	false	false	0	1	NA	id	
ARC2	training	5ad4f10b	grid_d2	false	false	0	1	false		
ARC2	training	5ad4f10b	objects	false	false	0	1	false		
ARC2	training	5ad4f10b	grid_objects	false	false	0	1	false		
ARC2	evaluation	a251c730	complete	false	false	0	1	NA	id	
ARC2	evaluation	a251c730	grid_d2	false	false	0	1	false		
ARC2	evaluation	a251c730	objects	false	false	0	1	false		
ARC2	evaluation	a251c730	grid_objects	false	false	0	1	false		
ARC2	training	d364b489	complete	false	false	0	1	NA	id	
ARC2	training	d364b489	grid_d2	false	false	0	1	false		
ARC2	training	d364b489	objects	false	false	0	1	false		
ARC2	training	d364b489	grid_objects	false	false	0	1	false		
ARC2	training	855e0971	complete	false	false	0	1	NA	id	
ARC2	training	855e0971	grid_d2	false	false	0	1	false		
ARC2	training	855e0971	objects	false	false	0	1	false		
ARC2	training	855e0971	grid_objects	false	false	0	1	false		
ARC2	training	1f642eb9	complete	false	false	0	1	NA	id	
ARC2	training	1f642eb9	grid_d2	false	false	0	1	false		
ARC2	training	1f642eb9	objects	false	false	0	1	false		
ARC2	training	1f642eb9	grid_objects	false	false	0	1	false		
ARC2	training	9841fdad	complete	false	false	0	1	NA	id	
ARC2	training	9841fdad	grid_d2	false	false	0	1	false		
ARC2	training	9841fdad	objects	false	false	0	1	false		
ARC2	training	9841fdad	grid_objects	false	false	0	1	false		
ARC2	training	b0722778	complete	false	false	0	1	NA	id	
ARC2	training	b0722778	grid_d2	false	false	0	1	false		
ARC2	training	b0722778	objects	false	false	0	1	false		
ARC2	training	b0722778	grid_objects	false	false	0	1	false		
ARC2	training	a416fc5b	complete	false	false	0	1	NA	id	
ARC2	training	a416fc5b	grid_d2	false	false	0	1	false		
ARC2	training	a416fc5b	objects	false	false	0	1	false		
ARC2	training	a416fc5b	grid_objects	false	false	0	1	false		
ARC2	training	150deff5	complete	false	false	0	1	NA	id	
ARC2	training	150deff5	grid_d2	false	false	0	1	false		
ARC2	training	150deff5	objects	false	false	0	1	false		
ARC2	training	150deff5	grid_objects	false	false	0	1	false		
ARC2	training	d43fd935	complete	false	false	0	1	NA	id	
ARC2	training	d43fd935	grid_d2	false	false	0	1	false		
ARC2	training	d43fd935	objects	false	false	0	1	false		
ARC2	training	d43fd935	grid_objects	false	false	0	1	false		
ARC2	training	79369cc6	complete	false	false	0	1	NA	id	
ARC2	training	79369cc6	grid_d2	false	false	0	1	false		
ARC2	training	79369cc6	objects	false	false	0	1	false		
ARC2	training	79369cc6	grid_objects	false	false	0	1	false		
ARC2	training	ad3b40cf	complete	false	false	0	1	NA	id	
ARC2	training	ad3b40cf	grid_d2	false	false	0	1	false		
ARC2	training	ad3b40cf	objects	false	false	0	1	false		
ARC2	training	ad3b40cf	grid_objects	false	false	0	1	false		
ARC2	training	9ddd00f0	complete	true	true	1	1	NA	symmetrize4	
ARC2	training	9ddd00f0	grid_d2	true	true	1	1	true	symmetrize4	symmetrize4
ARC2	training	9ddd00f0	objects	false	false	0	1	false		
ARC2	training	9ddd00f0	grid_objects	true	true	1	1	true	symmetrize4	symmetrize4
ARC2	training	342dd610	complete	false	false	0	1	NA	id	
ARC2	training	342dd610	grid_d2	false	false	0	1	false		
ARC2	training	342dd610	objects	false	false	0	1	false		
ARC2	training	342dd610	grid_objects	false	false	0	1	false		
ARC2	training	7fe24cdd	complete	false	false	0	1	NA	id	
ARC2	training	7fe24cdd	grid_d2	false	false	0	1	false		
ARC2	training	7fe24cdd	objects	false	false	0	1	false		
ARC2	training	7fe24cdd	grid_objects	false	false	0	1	false		
ARC2	training	5ad8a7c0	complete	false	false	0	1	NA	id	
ARC2	training	5ad8a7c0	grid_d2	false	false	0	1	false		
ARC2	training	5ad8a7c0	objects	false	false	0	1	false		
ARC2	training	5ad8a7c0	grid_objects	false	false	0	1	false		
ARC2	training	5daaa586	complete	false	false	0	1	NA	id	
ARC2	training	5daaa586	grid_d2	false	false	0	1	false		
ARC2	training	5daaa586	objects	false	false	0	1	false		
ARC2	training	5daaa586	grid_objects	false	false	0	1	false		
ARC2	training	0e206a2e	complete	false	false	0	1	NA	id	
ARC2	training	0e206a2e	grid_d2	false	false	0	1	false		
ARC2	training	0e206a2e	objects	false	false	0	1	false		
ARC2	training	0e206a2e	grid_objects	false	false	0	1	false		
ARC2	training	93b4f4b3	complete	false	false	0	1	NA	id	
ARC2	training	93b4f4b3	grid_d2	false	false	0	1	false		
ARC2	training	93b4f4b3	objects	false	false	0	1	false		
ARC2	training	93b4f4b3	grid_objects	false	false	0	1	false		
ARC2	training	6d1d5c90	complete	false	false	0	1	NA	id	
ARC2	training	6d1d5c90	grid_d2	false	false	0	1	false		
ARC2	training	6d1d5c90	objects	false	false	0	1	false		
ARC2	training	6d1d5c90	grid_objects	false	false	0	1	false		
ARC2	training	39a8645d	complete	false	true	1	1	NA	cropLargest	
ARC2	training	39a8645d	grid_d2	false	false	0	1	false		
ARC2	training	39a8645d	objects	false	false	0	1	false		
ARC2	training	39a8645d	grid_objects	false	false	0	1	false		
ARC2	training	bd5af378	complete	false	false	0	1	NA	id	
ARC2	training	bd5af378	grid_d2	false	false	0	1	false		
ARC2	training	bd5af378	objects	false	false	0	1	false		
ARC2	training	bd5af378	grid_objects	false	false	0	1	false		
ARC2	evaluation	88bcf3b4	complete	false	false	0	2	NA	id	
ARC2	evaluation	88bcf3b4	grid_d2	false	false	0	2	false		
ARC2	evaluation	88bcf3b4	objects	false	false	0	2	false		
ARC2	evaluation	88bcf3b4	grid_objects	false	false	0	2	false		
ARC2	training	12997ef3	complete	false	false	0	2	NA	id	
ARC2	training	12997ef3	grid_d2	false	false	0	2	false		
ARC2	training	12997ef3	objects	false	false	0	2	false		
ARC2	training	12997ef3	grid_objects	false	false	0	2	false		
ARC2	training	e9ac8c9e	complete	false	false	0	1	NA	id	
ARC2	training	e9ac8c9e	grid_d2	false	false	0	1	false		
ARC2	training	e9ac8c9e	objects	false	false	0	1	false		
ARC2	training	e9ac8c9e	grid_objects	false	false	0	1	false		
ARC2	training	b4a43f3b	complete	false	false	0	1	NA	id	
ARC2	training	b4a43f3b	grid_d2	false	false	0	1	false		
ARC2	training	b4a43f3b	objects	false	false	0	1	false		
ARC2	training	b4a43f3b	grid_objects	false	false	0	1	false		
ARC2	training	c074846d	complete	false	false	0	2	NA	id	
ARC2	training	c074846d	grid_d2	false	false	0	2	false		
ARC2	training	c074846d	objects	false	false	0	2	false		
ARC2	training	c074846d	grid_objects	false	false	0	2	false		
ARC2	training	c64f1187	complete	false	false	0	1	NA	id	
ARC2	training	c64f1187	grid_d2	false	false	0	1	false		
ARC2	training	c64f1187	objects	false	false	0	1	false		
ARC2	training	c64f1187	grid_objects	false	false	0	1	false		
ARC2	training	d631b094	complete	true	true	1	1	NA	countRow	
ARC2	training	d631b094	grid_d2	true	true	1	1	true	countRow	countRow
ARC2	training	d631b094	objects	false	false	0	1	false		
ARC2	training	d631b094	grid_objects	true	true	1	1	true	countRow	countRow
ARC2	training	2de01db2	complete	false	false	0	1	NA	flipH	
ARC2	training	2de01db2	grid_d2	false	false	0	1	false		
ARC2	training	2de01db2	objects	false	false	0	1	false		
ARC2	training	2de01db2	grid_objects	false	false	0	1	false		
ARC2	evaluation	4c3d4a41	complete	false	false	0	2	NA	id	
ARC2	evaluation	4c3d4a41	grid_d2	false	false	0	2	false		
ARC2	evaluation	4c3d4a41	objects	false	false	0	2	false		
ARC2	evaluation	4c3d4a41	grid_objects	false	false	0	2	false		
ARC2	training	ce22a75a	complete	true	true	1	1	NA	recolour 5 1 ; box 1	
ARC2	training	ce22a75a	grid_d2	true	true	1	1	true	recolour 5 1 ; box 1	recolour 5 1 ; box 1
ARC2	training	ce22a75a	objects	false	false	0	1	false		
ARC2	training	ce22a75a	grid_objects	true	true	1	1	true	recolour 5 1 ; box 1	recolour 5 1 ; box 1
ARC2	training	1a07d186	complete	false	false	0	1	NA	id	
ARC2	training	1a07d186	grid_d2	false	false	0	1	false		
ARC2	training	1a07d186	objects	false	false	0	1	false		
ARC2	training	1a07d186	grid_objects	false	false	0	1	false		
ARC2	training	0d87d2a6	complete	false	false	0	1	NA	id	
ARC2	training	0d87d2a6	grid_d2	false	false	0	1	false		
ARC2	training	0d87d2a6	objects	false	false	0	1	false		
ARC2	training	0d87d2a6	grid_objects	false	false	0	1	false		
ARC2	training	e729b7be	complete	false	false	0	1	NA	id	
ARC2	training	e729b7be	grid_d2	false	false	0	1	false		
ARC2	training	e729b7be	objects	false	false	0	1	false		
ARC2	training	e729b7be	grid_objects	false	false	0	1	false		
ARC2	training	f8ff0b80	complete	false	false	0	1	NA	id	
ARC2	training	f8ff0b80	grid_d2	false	false	0	1	false		
ARC2	training	f8ff0b80	objects	false	false	0	1	false		
ARC2	training	f8ff0b80	grid_objects	false	false	0	1	false		
ARC2	training	3aa6fb7a	complete	false	false	0	1	NA	id	
ARC2	training	3aa6fb7a	grid_d2	false	false	0	1	false		
ARC2	training	3aa6fb7a	objects	false	false	0	1	false		
ARC2	training	3aa6fb7a	grid_objects	false	false	0	1	false		
ARC2	training	337b420f	complete	false	false	0	2	NA	id	
ARC2	training	337b420f	grid_d2	false	false	0	2	false		
ARC2	training	337b420f	objects	false	false	0	2	false		
ARC2	training	337b420f	grid_objects	false	false	0	2	false		
ARC2	training	3c9b0459	complete	true	true	1	1	NA	rot180	
ARC2	training	3c9b0459	grid_d2	true	true	1	1	true	rot180	rot180
ARC2	training	3c9b0459	objects	false	false	0	1	false		
ARC2	training	3c9b0459	grid_objects	true	true	1	1	true	rot180	rot180
ARC2	evaluation	d35bdbdc	complete	false	false	0	3	NA	id	
ARC2	evaluation	d35bdbdc	grid_d2	false	false	0	3	false		
ARC2	evaluation	d35bdbdc	objects	false	false	0	3	false		
ARC2	evaluation	d35bdbdc	grid_objects	false	false	0	3	false		
ARC2	training	6cf79266	complete	false	false	0	1	NA	id	
ARC2	training	6cf79266	grid_d2	false	false	0	1	false		
ARC2	training	6cf79266	objects	false	false	0	1	false		
ARC2	training	6cf79266	grid_objects	false	false	0	1	false		
ARC2	training	d968ffd4	complete	false	false	0	2	NA	id	
ARC2	training	d968ffd4	grid_d2	false	false	0	2	false		
ARC2	training	d968ffd4	objects	false	false	0	2	false		
ARC2	training	d968ffd4	grid_objects	false	false	0	2	false		
ARC2	training	a416b8f3	complete	true	true	1	1	NA	hconcat	
ARC2	training	a416b8f3	grid_d2	true	true	1	1	true	hconcat	hconcat
ARC2	training	a416b8f3	objects	false	false	0	1	false		
ARC2	training	a416b8f3	grid_objects	true	true	1	1	true	hconcat	hconcat
ARC2	training	a64e4611	complete	false	false	0	1	NA	id	
ARC2	training	a64e4611	grid_d2	false	false	0	1	false		
ARC2	training	a64e4611	objects	false	false	0	1	false		
ARC2	training	a64e4611	grid_objects	false	false	0	1	false		
ARC2	training	1c02dbbe	complete	false	false	0	1	NA	id	
ARC2	training	1c02dbbe	grid_d2	false	false	0	1	false		
ARC2	training	1c02dbbe	objects	false	false	0	1	false		
ARC2	training	1c02dbbe	grid_objects	false	false	0	1	false		
ARC2	training	94f9d214	complete	true	true	1	1	NA	splitV nor 2	
ARC2	training	94f9d214	grid_d2	true	true	1	1	true	splitV nor 2	splitV nor 2
ARC2	training	94f9d214	objects	false	false	0	1	false		
ARC2	training	94f9d214	grid_objects	true	true	1	1	true	splitV nor 2	splitV nor 2
ARC2	evaluation	7b3084d4	complete	false	false	0	1	NA	id	
ARC2	evaluation	7b3084d4	grid_d2	false	false	0	1	false		
ARC2	evaluation	7b3084d4	objects	false	false	0	1	false		
ARC2	evaluation	7b3084d4	grid_objects	false	false	0	1	false		
ARC2	training	f5b8619d	complete	false	false	0	1	NA	id	
ARC2	training	f5b8619d	grid_d2	false	false	0	1	false		
ARC2	training	f5b8619d	objects	false	false	0	1	false		
ARC2	training	f5b8619d	grid_objects	false	false	0	1	false		
ARC2	training	cf5fd0ad	complete	false	false	0	1	NA	id	
ARC2	training	cf5fd0ad	grid_d2	false	false	0	1	false		
ARC2	training	cf5fd0ad	objects	false	false	0	1	false		
ARC2	training	cf5fd0ad	grid_objects	false	false	0	1	false		
ARC2	training	41e4d17e	complete	false	false	0	1	NA	id	
ARC2	training	41e4d17e	grid_d2	false	false	0	1	false		
ARC2	training	41e4d17e	objects	false	false	0	1	false		
ARC2	training	41e4d17e	grid_objects	false	false	0	1	false		
ARC2	training	412b6263	complete	false	false	0	1	NA	id	
ARC2	training	412b6263	grid_d2	false	false	0	1	false		
ARC2	training	412b6263	objects	false	false	0	1	false		
ARC2	training	412b6263	grid_objects	false	false	0	1	false		
ARC2	training	c4d1a9ae	complete	false	false	0	1	NA	id	
ARC2	training	c4d1a9ae	grid_d2	false	false	0	1	false		
ARC2	training	c4d1a9ae	objects	false	false	0	1	false		
ARC2	training	c4d1a9ae	grid_objects	false	false	0	1	false		
ARC2	training	e74e1818	complete	false	false	0	1	NA	id	
ARC2	training	e74e1818	grid_d2	false	false	0	1	false		
ARC2	training	e74e1818	objects	false	false	0	1	false		
ARC2	training	e74e1818	grid_objects	false	false	0	1	false		
ARC2	training	0692e18c	complete	false	false	0	1	NA	id	
ARC2	training	0692e18c	grid_d2	false	false	0	1	false		
ARC2	training	0692e18c	objects	false	false	0	1	false		
ARC2	training	0692e18c	grid_objects	false	false	0	1	false		
ARC2	training	e69241bd	complete	false	false	0	1	NA	id	
ARC2	training	e69241bd	grid_d2	false	false	0	1	false		
ARC2	training	e69241bd	objects	false	false	0	1	false		
ARC2	training	e69241bd	grid_objects	false	false	0	1	false		
ARC2	training	f28a3cbb	complete	false	false	0	1	NA	id	
ARC2	training	f28a3cbb	grid_d2	false	false	0	1	false		
ARC2	training	f28a3cbb	objects	false	false	0	1	false		
ARC2	training	f28a3cbb	grid_objects	false	false	0	1	false		
ARC2	training	92e50de0	complete	false	false	0	1	NA	id	
ARC2	training	92e50de0	grid_d2	false	false	0	1	false		
ARC2	training	92e50de0	objects	false	false	0	1	false		
ARC2	training	92e50de0	grid_objects	false	false	0	1	false		
ARC2	training	496994bd	complete	true	true	1	1	NA	symmetrizeH ; symmetrizeV	
ARC2	training	496994bd	grid_d2	true	true	1	1	true	symmetrizeV	symmetrizeV
ARC2	training	496994bd	objects	false	false	0	1	false		
ARC2	training	496994bd	grid_objects	true	true	1	1	true	symmetrizeV	symmetrizeV
ARC2	training	22806e14	complete	false	false	0	1	NA	id	
ARC2	training	22806e14	grid_d2	false	false	0	1	false		
ARC2	training	22806e14	objects	false	false	0	1	false		
ARC2	training	22806e14	grid_objects	false	false	0	1	false		
ARC2	training	97a05b5b	complete	false	false	0	1	NA	id	
ARC2	training	97a05b5b	grid_d2	false	false	0	1	false		
ARC2	training	97a05b5b	objects	false	false	0	1	false		
ARC2	training	97a05b5b	grid_objects	false	false	0	1	false		
ARC2	training	695367ec	complete	false	false	0	1	NA	id	
ARC2	training	695367ec	grid_d2	false	false	0	1	false		
ARC2	training	695367ec	objects	false	false	0	1	false		
ARC2	training	695367ec	grid_objects	false	false	0	1	false		
ARC2	training	928ad970	complete	false	false	0	1	NA	id	
ARC2	training	928ad970	grid_d2	false	false	0	1	false		
ARC2	training	928ad970	objects	false	false	0	1	false		
ARC2	training	928ad970	grid_objects	false	false	0	1	false		
ARC2	training	15663ba9	complete	false	false	0	1	NA	id	
ARC2	training	15663ba9	grid_d2	false	false	0	1	false		
ARC2	training	15663ba9	objects	false	false	0	1	false		
ARC2	training	15663ba9	grid_objects	false	false	0	1	false		
ARC2	training	afe3afe9	complete	false	false	0	1	NA	id	
ARC2	training	afe3afe9	grid_d2	false	false	0	1	false		
ARC2	training	afe3afe9	objects	false	false	0	1	false		
ARC2	training	afe3afe9	grid_objects	false	false	0	1	false		
ARC2	training	39e1d7f9	complete	false	false	0	1	NA	id	
ARC2	training	39e1d7f9	grid_d2	false	false	0	1	false		
ARC2	training	39e1d7f9	objects	false	false	0	1	false		
ARC2	training	39e1d7f9	grid_objects	false	false	0	1	false		
ARC2	training	a68b268e	complete	false	false	0	1	NA	id	
ARC2	training	a68b268e	grid_d2	false	false	0	1	false		
ARC2	training	a68b268e	objects	false	false	0	1	false		
ARC2	training	a68b268e	grid_objects	false	false	0	1	false		
ARC2	training	67c52801	complete	false	false	0	1	NA	id	
ARC2	training	67c52801	grid_d2	false	false	0	1	false		
ARC2	training	67c52801	objects	false	false	0	1	false		
ARC2	training	67c52801	grid_objects	false	false	0	1	false		
ARC2	training	72ca375d	complete	false	false	0	1	NA	removeColour 3 ; cropSmallest	
ARC2	training	72ca375d	grid_d2	false	false	0	1	false		
ARC2	training	72ca375d	objects	false	false	0	1	false		
ARC2	training	72ca375d	grid_objects	false	false	0	1	false		
ARC2	training	252143c9	complete	false	false	0	1	NA	id	
ARC2	training	252143c9	grid_d2	false	false	0	1	false		
ARC2	training	252143c9	objects	false	false	0	1	false		
ARC2	training	252143c9	grid_objects	false	false	0	1	false		
ARC2	training	73c3b0d8	complete	false	false	0	1	NA	id	
ARC2	training	73c3b0d8	grid_d2	false	false	0	1	false		
ARC2	training	73c3b0d8	objects	false	false	0	1	false		
ARC2	training	73c3b0d8	grid_objects	false	false	0	1	false		
ARC2	training	3af2c5a8	complete	true	true	1	1	NA	mirror4	
ARC2	training	3af2c5a8	grid_d2	true	true	1	1	true	mirror4	mirror4
ARC2	training	3af2c5a8	objects	false	false	0	1	false		
ARC2	training	3af2c5a8	grid_objects	true	true	1	1	true	mirror4	mirror4
ARC2	training	dd2401ed	complete	false	false	0	1	NA	id	
ARC2	training	dd2401ed	grid_d2	false	false	0	1	false		
ARC2	training	dd2401ed	objects	false	false	0	1	false		
ARC2	training	dd2401ed	grid_objects	false	false	0	1	false		
ARC2	training	0f63c0b9	complete	false	false	0	1	NA	id	
ARC2	training	0f63c0b9	grid_d2	false	false	0	1	false		
ARC2	training	0f63c0b9	objects	false	false	0	1	false		
ARC2	training	0f63c0b9	grid_objects	false	false	0	1	false		
ARC2	training	41ace6b5	complete	false	false	0	1	NA	id	
ARC2	training	41ace6b5	grid_d2	false	false	0	1	false		
ARC2	training	41ace6b5	objects	false	false	0	1	false		
ARC2	training	41ace6b5	grid_objects	false	false	0	1	false		
ARC2	training	c0f76784	complete	false	false	0	1	NA	id	
ARC2	training	c0f76784	grid_d2	false	false	0	1	false		
ARC2	training	c0f76784	objects	false	false	0	1	false		
ARC2	training	c0f76784	grid_objects	false	false	0	1	false		
ARC2	training	bf699163	complete	false	false	0	1	NA	id	
ARC2	training	bf699163	grid_d2	false	false	0	1	false		
ARC2	training	bf699163	objects	false	false	0	1	false		
ARC2	training	bf699163	grid_objects	false	false	0	1	false		
ARC2	training	b2bc3ffd	complete	false	false	0	1	NA	id	
ARC2	training	b2bc3ffd	grid_d2	false	false	0	1	false		
ARC2	training	b2bc3ffd	objects	false	false	0	1	false		
ARC2	training	b2bc3ffd	grid_objects	false	false	0	1	false		
ARC2	training	305b1341	complete	false	false	0	1	NA	id	
ARC2	training	305b1341	grid_d2	false	false	0	1	false		
ARC2	training	305b1341	objects	false	false	0	1	false		
ARC2	training	305b1341	grid_objects	false	false	0	1	false		
ARC2	training	4347f46a	complete	false	false	0	1	NA	id	
ARC2	training	4347f46a	grid_d2	false	false	0	1	false		
ARC2	training	4347f46a	objects	false	false	0	1	false		
ARC2	training	4347f46a	grid_objects	false	false	0	1	false		
ARC2	training	ad38a9d0	complete	false	false	0	1	NA	id	
ARC2	training	ad38a9d0	grid_d2	false	false	0	1	false		
ARC2	training	ad38a9d0	objects	false	false	0	1	false		
ARC2	training	ad38a9d0	grid_objects	false	false	0	1	false		
ARC2	training	60c09cac	complete	true	true	1	1	NA	scale 2	
ARC2	training	60c09cac	grid_d2	true	true	1	1	true	scale 2	scale 2
ARC2	training	60c09cac	objects	false	false	0	1	false		
ARC2	training	60c09cac	grid_objects	true	true	1	1	true	scale 2	scale 2
ARC2	training	57edb29d	complete	false	false	0	1	NA	id	
ARC2	training	57edb29d	grid_d2	false	false	0	1	false		
ARC2	training	57edb29d	objects	false	false	0	1	false		
ARC2	training	57edb29d	grid_objects	false	false	0	1	false		
ARC2	training	465b7d93	complete	false	false	0	1	NA	id	
ARC2	training	465b7d93	grid_d2	false	false	0	1	false		
ARC2	training	465b7d93	objects	false	false	0	1	false		
ARC2	training	465b7d93	grid_objects	false	false	0	1	false		
ARC2	evaluation	31f7f899	complete	false	false	0	1	NA	id	
ARC2	evaluation	31f7f899	grid_d2	false	false	0	1	false		
ARC2	evaluation	31f7f899	objects	false	false	0	1	false		
ARC2	evaluation	31f7f899	grid_objects	false	false	0	1	false		
ARC2	training	46442a0e	complete	false	false	0	1	NA	mirror4	
ARC2	training	46442a0e	grid_d2	false	false	0	1	false		
ARC2	training	46442a0e	objects	false	false	0	1	false		
ARC2	training	46442a0e	grid_objects	false	false	0	1	false		
ARC2	evaluation	5545f144	complete	false	false	0	1	NA	id	
ARC2	evaluation	5545f144	grid_d2	false	false	0	1	false		
ARC2	evaluation	5545f144	objects	false	false	0	1	false		
ARC2	evaluation	5545f144	grid_objects	false	false	0	1	false		
ARC2	training	f45f5ca7	complete	false	false	0	1	NA	id	
ARC2	training	f45f5ca7	grid_d2	false	false	0	1	false		
ARC2	training	f45f5ca7	objects	false	false	0	1	false		
ARC2	training	f45f5ca7	grid_objects	false	false	0	1	false		
ARC2	evaluation	45a5af55	complete	false	false	0	1	NA	id	
ARC2	evaluation	45a5af55	grid_d2	false	false	0	1	false		
ARC2	evaluation	45a5af55	objects	false	false	0	1	false		
ARC2	evaluation	45a5af55	grid_objects	false	false	0	1	false		
ARC2	evaluation	4c7dc4dd	complete	false	false	0	2	NA	id	
ARC2	evaluation	4c7dc4dd	grid_d2	false	false	0	2	false		
ARC2	evaluation	4c7dc4dd	objects	false	false	0	2	false		
ARC2	evaluation	4c7dc4dd	grid_objects	false	false	0	2	false		
ARC2	training	12eac192	complete	false	false	0	1	NA	id	
ARC2	training	12eac192	grid_d2	false	false	0	1	false		
ARC2	training	12eac192	objects	false	false	0	1	false		
ARC2	training	12eac192	grid_objects	false	false	0	1	false		
ARC2	training	7e2bad24	complete	false	false	0	2	NA	id	
ARC2	training	7e2bad24	grid_d2	false	false	0	2	false		
ARC2	training	7e2bad24	objects	false	false	0	2	false		
ARC2	training	7e2bad24	grid_objects	false	false	0	2	false		
ARC2	evaluation	3dc255db	complete	false	false	0	1	NA	id	
ARC2	evaluation	3dc255db	grid_d2	false	false	0	1	false		
ARC2	evaluation	3dc255db	objects	false	false	0	1	false		
ARC2	evaluation	3dc255db	grid_objects	false	false	0	1	false		
ARC2	training	5ecac7f7	complete	false	false	0	3	NA	id	
ARC2	training	5ecac7f7	grid_d2	false	false	0	3	false		
ARC2	training	5ecac7f7	objects	false	false	0	3	false		
ARC2	training	5ecac7f7	grid_objects	false	false	0	3	false		
ARC2	training	98cf29f8	complete	false	false	0	1	NA	id	
ARC2	training	98cf29f8	grid_d2	false	false	0	1	false		
ARC2	training	98cf29f8	objects	false	false	0	1	false		
ARC2	training	98cf29f8	grid_objects	false	false	0	1	false		
ARC2	training	fbf15a0b	complete	false	false	0	2	NA	id	
ARC2	training	fbf15a0b	grid_d2	false	false	0	2	false		
ARC2	training	fbf15a0b	objects	false	false	0	2	false		
ARC2	training	fbf15a0b	grid_objects	false	false	0	2	false		
ARC2	training	1a6449f1	complete	false	false	0	1	NA	id	
ARC2	training	1a6449f1	grid_d2	false	false	0	1	false		
ARC2	training	1a6449f1	objects	false	false	0	1	false		
ARC2	training	1a6449f1	grid_objects	false	false	0	1	false		
ARC2	training	36fdfd69	complete	false	false	0	1	NA	id	
ARC2	training	36fdfd69	grid_d2	false	false	0	1	false		
ARC2	training	36fdfd69	objects	false	false	0	1	false		
ARC2	training	36fdfd69	grid_objects	false	false	0	1	false		
ARC2	training	256b0a75	complete	false	false	0	1	NA	id	
ARC2	training	256b0a75	grid_d2	false	false	0	1	false		
ARC2	training	256b0a75	objects	false	false	0	1	false		
ARC2	training	256b0a75	grid_objects	false	false	0	1	false		
ARC2	training	9720b24f	complete	false	false	0	1	NA	recolour 8 0 ; removeColour 5	
ARC2	training	9720b24f	grid_d2	false	false	0	1	false		
ARC2	training	9720b24f	objects	false	false	0	1	false		
ARC2	training	9720b24f	grid_objects	false	false	0	1	false		
ARC2	training	575b1a71	complete	false	false	0	1	NA	id	
ARC2	training	575b1a71	grid_d2	false	false	0	1	false		
ARC2	training	575b1a71	objects	false	false	0	1	false		
ARC2	training	575b1a71	grid_objects	false	false	0	1	false		
ARC2	training	b7cb93ac	complete	false	false	0	1	NA	id	
ARC2	training	b7cb93ac	grid_d2	false	false	0	1	false		
ARC2	training	b7cb93ac	objects	false	false	0	1	false		
ARC2	training	b7cb93ac	grid_objects	false	false	0	1	false		
ARC2	training	d753a70b	complete	false	false	0	1	NA	id	
ARC2	training	d753a70b	grid_d2	false	false	0	1	false		
ARC2	training	d753a70b	objects	false	false	0	1	false		
ARC2	training	d753a70b	grid_objects	false	false	0	1	false		
ARC2	training	d94c3b52	complete	false	false	0	1	NA	id	
ARC2	training	d94c3b52	grid_d2	false	false	0	1	false		
ARC2	training	d94c3b52	objects	false	false	0	1	false		
ARC2	training	d94c3b52	grid_objects	false	false	0	1	false		
ARC2	training	878187ab	complete	false	false	0	1	NA	id	
ARC2	training	878187ab	grid_d2	false	false	0	1	false		
ARC2	training	878187ab	objects	false	false	0	1	false		
ARC2	training	878187ab	grid_objects	false	false	0	1	false		
ARC2	training	d2acf2cb	complete	false	false	0	1	NA	id	
ARC2	training	d2acf2cb	grid_d2	false	false	0	1	false		
ARC2	training	d2acf2cb	objects	false	false	0	1	false		
ARC2	training	d2acf2cb	grid_objects	false	false	0	1	false		
ARC2	training	182e5d0f	complete	false	false	0	1	NA	id	
ARC2	training	182e5d0f	grid_d2	false	false	0	1	false		
ARC2	training	182e5d0f	objects	false	false	0	1	false		
ARC2	training	182e5d0f	grid_objects	false	false	0	1	false		
ARC2	training	f5c89df1	complete	false	false	0	1	NA	id	
ARC2	training	f5c89df1	grid_d2	false	false	0	1	false		
ARC2	training	f5c89df1	objects	false	false	0	1	false		
ARC2	training	f5c89df1	grid_objects	false	false	0	1	false		
ARC2	training	ac3e2b04	complete	false	false	0	1	NA	id	
ARC2	training	ac3e2b04	grid_d2	false	false	0	1	false		
ARC2	training	ac3e2b04	objects	false	false	0	1	false		
ARC2	training	ac3e2b04	grid_objects	false	false	0	1	false		
ARC2	training	2685904e	complete	false	false	0	1	NA	id	
ARC2	training	2685904e	grid_d2	false	false	0	1	false		
ARC2	training	2685904e	objects	false	false	0	1	false		
ARC2	training	2685904e	grid_objects	false	false	0	1	false		
ARC2	training	08ed6ac7	complete	false	false	0	1	NA	id	
ARC2	training	08ed6ac7	grid_d2	false	false	0	1	false		
ARC2	training	08ed6ac7	objects	false	false	0	1	false		
ARC2	training	08ed6ac7	grid_objects	false	false	0	1	false		
ARC2	training	6d75e8bb	complete	false	false	0	1	NA	id	
ARC2	training	6d75e8bb	grid_d2	false	false	0	1	false		
ARC2	training	6d75e8bb	objects	false	false	0	1	false		
ARC2	training	6d75e8bb	grid_objects	false	false	0	1	false		
ARC2	training	7b7f7511	complete	false	false	0	1	NA	leftHalf	
ARC2	training	7b7f7511	grid_d2	false	false	0	1	false		
ARC2	training	7b7f7511	objects	false	false	0	1	false		
ARC2	training	7b7f7511	grid_objects	false	false	0	1	false		
ARC2	training	e40b9e2f	complete	false	false	0	1	NA	id	
ARC2	training	e40b9e2f	grid_d2	false	false	0	1	false		
ARC2	training	e40b9e2f	objects	false	false	0	1	false		
ARC2	training	e40b9e2f	grid_objects	false	false	0	1	false		
ARC2	training	1be83260	complete	false	false	0	2	NA	id	
ARC2	training	1be83260	grid_d2	false	false	0	2	false		
ARC2	training	1be83260	objects	false	false	0	2	false		
ARC2	training	1be83260	grid_objects	false	false	0	2	false		
ARC2	training	aaecdb9a	complete	false	false	0	1	NA	id	
ARC2	training	aaecdb9a	grid_d2	false	false	0	1	false		
ARC2	training	aaecdb9a	objects	false	false	0	1	false		
ARC2	training	aaecdb9a	grid_objects	false	false	0	1	false		
ARC2	training	8d5021e8	complete	false	false	0	1	NA	id	
ARC2	training	8d5021e8	grid_d2	false	false	0	1	false		
ARC2	training	8d5021e8	objects	false	false	0	1	false		
ARC2	training	8d5021e8	grid_objects	false	false	0	1	false		
ARC2	training	880c1354	complete	false	false	0	1	NA	id	
ARC2	training	880c1354	grid_d2	false	false	0	1	false		
ARC2	training	880c1354	objects	false	false	0	1	false		
ARC2	training	880c1354	grid_objects	false	false	0	1	false		
ARC2	training	a680ac02	complete	false	false	0	1	NA	id	
ARC2	training	a680ac02	grid_d2	false	false	0	1	false		
ARC2	training	a680ac02	objects	false	false	0	1	false		
ARC2	training	a680ac02	grid_objects	false	false	0	1	false		
ARC2	training	b190f7f5	complete	false	false	0	1	NA	id	
ARC2	training	b190f7f5	grid_d2	false	false	0	1	false		
ARC2	training	b190f7f5	objects	false	false	0	1	false		
ARC2	training	b190f7f5	grid_objects	false	false	0	1	false		
ARC2	training	b7256dcd	complete	false	false	0	1	NA	id	
ARC2	training	b7256dcd	grid_d2	false	false	0	1	false		
ARC2	training	b7256dcd	objects	false	false	0	1	false		
ARC2	training	b7256dcd	grid_objects	false	false	0	1	false		
ARC2	training	60b61512	complete	false	false	0	1	NA	id	
ARC2	training	60b61512	grid_d2	false	false	0	1	false		
ARC2	training	60b61512	objects	false	false	0	1	false		
ARC2	training	60b61512	grid_objects	false	false	0	1	false		
ARC2	training	9344f635	complete	false	false	0	1	NA	id	
ARC2	training	9344f635	grid_d2	false	false	0	1	false		
ARC2	training	9344f635	objects	false	false	0	1	false		
ARC2	training	9344f635	grid_objects	false	false	0	1	false		
ARC2	training	253bf280	complete	false	false	0	1	NA	id	
ARC2	training	253bf280	grid_d2	false	false	0	1	false		
ARC2	training	253bf280	objects	false	false	0	1	false		
ARC2	training	253bf280	grid_objects	false	false	0	1	false		
ARC2	training	df978a02	complete	false	false	0	1	NA	id	
ARC2	training	df978a02	grid_d2	false	false	0	1	false		
ARC2	training	df978a02	objects	false	false	0	1	false		
ARC2	training	df978a02	grid_objects	false	false	0	1	false		
ARC2	training	aee291af	complete	false	false	0	1	NA	id	
ARC2	training	aee291af	grid_d2	false	false	0	1	false		
ARC2	training	aee291af	objects	false	false	0	1	false		
ARC2	training	aee291af	grid_objects	false	false	0	1	false		
ARC2	training	b60334d2	complete	false	false	0	1	NA	id	
ARC2	training	b60334d2	grid_d2	false	false	0	1	false		
ARC2	training	b60334d2	objects	false	false	0	1	false		
ARC2	training	b60334d2	grid_objects	false	false	0	1	false		
ARC2	evaluation	4e34c42c	complete	false	false	0	2	NA	id	
ARC2	evaluation	4e34c42c	grid_d2	false	false	0	2	false		
ARC2	evaluation	4e34c42c	objects	false	false	0	2	false		
ARC2	evaluation	4e34c42c	grid_objects	false	false	0	2	false		
ARC2	training	25c199f5	complete	false	false	0	2	NA	id	
ARC2	training	25c199f5	grid_d2	false	false	0	2	false		
ARC2	training	25c199f5	objects	false	false	0	2	false		
ARC2	training	25c199f5	grid_objects	false	false	0	2	false		
ARC2	training	7d1f7ee8	complete	false	false	0	1	NA	recolourNonzero 1	
ARC2	training	7d1f7ee8	grid_d2	false	false	0	1	false		
ARC2	training	7d1f7ee8	objects	false	false	0	1	false		
ARC2	training	7d1f7ee8	grid_objects	false	false	0	1	false		
ARC2	evaluation	135a2760	complete	false	false	0	1	NA	id	
ARC2	evaluation	135a2760	grid_d2	false	false	0	1	false		
ARC2	evaluation	135a2760	objects	false	false	0	1	false		
ARC2	evaluation	135a2760	grid_objects	false	false	0	1	false		
ARC2	training	44d8ac46	complete	false	false	0	1	NA	id	
ARC2	training	44d8ac46	grid_d2	false	false	0	1	false		
ARC2	training	44d8ac46	objects	false	false	0	1	false		
ARC2	training	44d8ac46	grid_objects	false	false	0	1	false		
ARC2	training	5289ad53	complete	false	false	0	1	NA	id	
ARC2	training	5289ad53	grid_d2	false	false	0	1	false		
ARC2	training	5289ad53	objects	false	false	0	1	false		
ARC2	training	5289ad53	grid_objects	false	false	0	1	false		
ARC2	training	8e1813be	complete	false	false	0	1	NA	id	
ARC2	training	8e1813be	grid_d2	false	false	0	1	false		
ARC2	training	8e1813be	objects	false	false	0	1	false		
ARC2	training	8e1813be	grid_objects	false	false	0	1	false		
ARC2	training	d6ad076f	complete	false	false	0	1	NA	id	
ARC2	training	d6ad076f	grid_d2	false	false	0	1	false		
ARC2	training	d6ad076f	objects	false	false	0	1	false		
ARC2	training	d6ad076f	grid_objects	false	false	0	1	false		
ARC2	training	358ba94e	complete	false	true	1	1	NA	cropSmallest	
ARC2	training	358ba94e	grid_d2	false	false	0	1	false		
ARC2	training	358ba94e	objects	false	false	0	1	false		
ARC2	training	358ba94e	grid_objects	false	false	0	1	false		
ARC2	training	2c737e39	complete	false	false	0	1	NA	id	
ARC2	training	2c737e39	grid_d2	false	false	0	1	false		
ARC2	training	2c737e39	objects	false	false	0	1	false		
ARC2	training	2c737e39	grid_objects	false	false	0	1	false		
ARC2	training	f83cb3f6	complete	false	false	0	1	NA	id	
ARC2	training	f83cb3f6	grid_d2	false	false	0	1	false		
ARC2	training	f83cb3f6	objects	false	false	0	1	false		
ARC2	training	f83cb3f6	grid_objects	false	false	0	1	false		
ARC2	training	54d82841	complete	false	false	0	1	NA	id	
ARC2	training	54d82841	grid_d2	false	false	0	1	false		
ARC2	training	54d82841	objects	false	false	0	1	false		
ARC2	training	54d82841	grid_objects	false	false	0	1	false		
ARC2	training	25ff71a9	complete	true	true	2	2	NA	shiftDown	
ARC2	training	25ff71a9	grid_d2	true	true	2	2	true	shiftDown	shiftDown
ARC2	training	25ff71a9	objects	false	false	0	2	false		
ARC2	training	25ff71a9	grid_objects	true	true	2	2	true	shiftDown	shiftDown
ARC2	training	17829a00	complete	false	false	0	1	NA	id	
ARC2	training	17829a00	grid_d2	false	false	0	1	false		
ARC2	training	17829a00	objects	false	false	0	1	false		
ARC2	training	17829a00	grid_objects	false	false	0	1	false		
ARC2	training	19bb5feb	complete	false	false	0	1	NA	id	
ARC2	training	19bb5feb	grid_d2	false	false	0	1	false		
ARC2	training	19bb5feb	objects	false	false	0	1	false		
ARC2	training	19bb5feb	grid_objects	false	false	0	1	false		
ARC2	training	e8dc4411	complete	false	false	0	1	NA	id	
ARC2	training	e8dc4411	grid_d2	false	false	0	1	false		
ARC2	training	e8dc4411	objects	false	false	0	1	false		
ARC2	training	e8dc4411	grid_objects	false	false	0	1	false		
ARC2	training	d5d6de2d	complete	true	true	2	2	NA	fillEnclosed 3 ; recolour 2 0	
ARC2	training	d5d6de2d	grid_d2	true	true	2	2	true	fillEnclosed 3 ; recolour 2 0	fillEnclosed 3 ; recolour 2 0
ARC2	training	d5d6de2d	objects	false	false	0	2	false		
ARC2	training	d5d6de2d	grid_objects	true	true	2	2	true	fillEnclosed 3 ; recolour 2 0	fillEnclosed 3 ; recolour 2 0
ARC2	training	ecaa0ec1	complete	false	false	0	1	NA	id	
ARC2	training	ecaa0ec1	grid_d2	false	false	0	1	false		
ARC2	training	ecaa0ec1	objects	false	false	0	1	false		
ARC2	training	ecaa0ec1	grid_objects	false	false	0	1	false		
ARC2	training	780d0b14	complete	false	false	0	1	NA	id	
ARC2	training	780d0b14	grid_d2	false	false	0	1	false		
ARC2	training	780d0b14	objects	false	false	0	1	false		
ARC2	training	780d0b14	grid_objects	false	false	0	1	false		
ARC2	training	29623171	complete	false	false	0	1	NA	id	
ARC2	training	29623171	grid_d2	false	false	0	1	false		
ARC2	training	29623171	objects	false	false	0	1	false		
ARC2	training	29623171	grid_objects	false	false	0	1	false		
ARC2	training	beb8660c	complete	false	false	0	1	NA	id	
ARC2	training	beb8660c	grid_d2	false	false	0	1	false		
ARC2	training	beb8660c	objects	false	false	0	1	false		
ARC2	training	beb8660c	grid_objects	false	false	0	1	false		
ARC2	evaluation	f931b4a8	complete	false	false	0	2	NA	cropLargest	
ARC2	evaluation	f931b4a8	grid_d2	false	false	0	2	false		
ARC2	evaluation	f931b4a8	objects	false	false	0	2	false		
ARC2	evaluation	f931b4a8	grid_objects	false	false	0	2	false		
ARC2	training	fcb5c309	complete	false	false	0	1	NA	id	
ARC2	training	fcb5c309	grid_d2	false	false	0	1	false		
ARC2	training	fcb5c309	objects	false	false	0	1	false		
ARC2	training	fcb5c309	grid_objects	false	false	0	1	false		
ARC2	training	eb281b96	complete	false	false	0	1	NA	id	
ARC2	training	eb281b96	grid_d2	false	false	0	1	false		
ARC2	training	eb281b96	objects	false	false	0	1	false		
ARC2	training	eb281b96	grid_objects	false	false	0	1	false		
ARC2	evaluation	7491f3cf	complete	false	false	0	1	NA	id	
ARC2	evaluation	7491f3cf	grid_d2	false	false	0	1	false		
ARC2	evaluation	7491f3cf	objects	false	false	0	1	false		
ARC2	evaluation	7491f3cf	grid_objects	false	false	0	1	false		
ARC2	training	da6e95e5	complete	false	false	0	2	NA	id	
ARC2	training	da6e95e5	grid_d2	false	false	0	2	false		
ARC2	training	da6e95e5	objects	false	false	0	2	false		
ARC2	training	da6e95e5	grid_objects	false	false	0	2	false		
ARC2	training	e3f79277	complete	false	false	0	1	NA	id	
ARC2	training	e3f79277	grid_d2	false	false	0	1	false		
ARC2	training	e3f79277	objects	false	false	0	1	false		
ARC2	training	e3f79277	grid_objects	false	false	0	1	false		
ARC2	training	98c475bf	complete	false	false	0	1	NA	id	
ARC2	training	98c475bf	grid_d2	false	false	0	1	false		
ARC2	training	98c475bf	objects	false	false	0	1	false		
ARC2	training	98c475bf	grid_objects	false	false	0	1	false		
ARC2	training	753ea09b	complete	false	false	0	1	NA	id	
ARC2	training	753ea09b	grid_d2	false	false	0	1	false		
ARC2	training	753ea09b	objects	false	false	0	1	false		
ARC2	training	753ea09b	grid_objects	false	false	0	1	false		
ARC2	training	6e82a1ae	complete	false	false	0	1	NA	id	
ARC2	training	6e82a1ae	grid_d2	false	false	0	1	false		
ARC2	training	6e82a1ae	objects	false	false	0	1	false		
ARC2	training	6e82a1ae	grid_objects	false	false	0	1	false		
ARC2	training	2b01abd0	complete	false	false	0	1	NA	id	
ARC2	training	2b01abd0	grid_d2	false	false	0	1	false		
ARC2	training	2b01abd0	objects	false	false	0	1	false		
ARC2	training	2b01abd0	grid_objects	false	false	0	1	false		
ARC2	evaluation	5961cc34	complete	false	false	0	1	NA	id	
ARC2	evaluation	5961cc34	grid_d2	false	false	0	1	false		
ARC2	evaluation	5961cc34	objects	false	false	0	1	false		
ARC2	evaluation	5961cc34	grid_objects	false	false	0	1	false		
ARC2	training	aaef0977	complete	false	false	0	1	NA	id	
ARC2	training	aaef0977	grid_d2	false	false	0	1	false		
ARC2	training	aaef0977	objects	false	false	0	1	false		
ARC2	training	aaef0977	grid_objects	false	false	0	1	false		
ARC2	evaluation	800d221b	complete	false	false	0	1	NA	id	
ARC2	evaluation	800d221b	grid_d2	false	false	0	1	false		
ARC2	evaluation	800d221b	objects	false	false	0	1	false		
ARC2	evaluation	800d221b	grid_objects	false	false	0	1	false		
ARC2	training	e84fef15	complete	false	false	0	1	NA	id	
ARC2	training	e84fef15	grid_d2	false	false	0	1	false		
ARC2	training	e84fef15	objects	false	false	0	1	false		
ARC2	training	e84fef15	grid_objects	false	false	0	1	false		
ARC2	training	6ca952ad	complete	false	false	0	1	NA	id	
ARC2	training	6ca952ad	grid_d2	false	false	0	1	false		
ARC2	training	6ca952ad	objects	false	false	0	1	false		
ARC2	training	6ca952ad	grid_objects	false	false	0	1	false		
ARC2	training	ce8d95cc	complete	true	true	1	1	NA	dedupRows ; dedupCols	
ARC2	training	ce8d95cc	grid_d2	true	true	1	1	true	dedupRows ; dedupCols	dedupRows ; dedupCols
ARC2	training	ce8d95cc	objects	false	false	0	1	false		
ARC2	training	ce8d95cc	grid_objects	true	true	1	1	true	dedupRows ; dedupCols	dedupRows ; dedupCols
ARC2	training	c97c0139	complete	false	false	0	1	NA	id	
ARC2	training	c97c0139	grid_d2	false	false	0	1	false		
ARC2	training	c97c0139	objects	false	false	0	1	false		
ARC2	training	c97c0139	grid_objects	false	false	0	1	false		
ARC2	training	a1aa0c1e	complete	false	false	0	1	NA	id	
ARC2	training	a1aa0c1e	grid_d2	false	false	0	1	false		
ARC2	training	a1aa0c1e	objects	false	false	0	1	false		
ARC2	training	a1aa0c1e	grid_objects	false	false	0	1	false		
ARC2	training	b7999b51	complete	false	false	0	1	NA	id	
ARC2	training	b7999b51	grid_d2	false	false	0	1	false		
ARC2	training	b7999b51	objects	false	false	0	1	false		
ARC2	training	b7999b51	grid_objects	false	false	0	1	false		
ARC2	training	cce03e0d	complete	false	false	0	1	NA	id	
ARC2	training	cce03e0d	grid_d2	false	false	0	1	false		
ARC2	training	cce03e0d	objects	false	false	0	1	false		
ARC2	training	cce03e0d	grid_objects	false	false	0	1	false		
ARC2	training	93c31fbe	complete	false	false	0	1	NA	id	
ARC2	training	93c31fbe	grid_d2	false	false	0	1	false		
ARC2	training	93c31fbe	objects	false	false	0	1	false		
ARC2	training	93c31fbe	grid_objects	false	false	0	1	false		
ARC2	training	52df9849	complete	false	false	0	2	NA	id	
ARC2	training	52df9849	grid_d2	false	false	0	2	false		
ARC2	training	52df9849	objects	false	false	0	2	false		
ARC2	training	52df9849	grid_objects	false	false	0	2	false		
ARC2	training	896d5239	complete	false	false	0	1	NA	id	
ARC2	training	896d5239	grid_d2	false	false	0	1	false		
ARC2	training	896d5239	objects	false	false	0	1	false		
ARC2	training	896d5239	grid_objects	false	false	0	1	false		
ARC2	training	5207a7b5	complete	false	false	0	1	NA	id	
ARC2	training	5207a7b5	grid_d2	false	false	0	1	false		
ARC2	training	5207a7b5	objects	false	false	0	1	false		
ARC2	training	5207a7b5	grid_objects	false	false	0	1	false		
ARC2	evaluation	db0c5428	complete	false	false	0	1	NA	id	
ARC2	evaluation	db0c5428	grid_d2	false	false	0	1	false		
ARC2	evaluation	db0c5428	objects	false	false	0	1	false		
ARC2	evaluation	db0c5428	grid_objects	false	false	0	1	false		
ARC2	training	99b1bc43	complete	true	true	1	1	NA	splitV xor 3	
ARC2	training	99b1bc43	grid_d2	true	true	1	1	true	splitV xor 3	splitV xor 3
ARC2	training	99b1bc43	objects	false	false	0	1	false		
ARC2	training	99b1bc43	grid_objects	true	true	1	1	true	splitV xor 3	splitV xor 3
ARC2	training	a87f7484	complete	false	false	0	1	NA	id	
ARC2	training	a87f7484	grid_d2	false	false	0	1	false		
ARC2	training	a87f7484	objects	true	true	1	1	true	zero-8-mono / Largest / Identity / Crop	zero-8-mono / Largest / Identity / Crop
ARC2	training	a87f7484	grid_objects	true	true	1	1	true	zero-8-mono / Largest / Identity / Crop	zero-8-mono / Largest / Identity / Crop
ARC2	training	88a10436	complete	false	false	0	1	NA	id	
ARC2	training	88a10436	grid_d2	false	false	0	1	false		
ARC2	training	88a10436	objects	false	false	0	1	false		
ARC2	training	88a10436	grid_objects	false	false	0	1	false		
ARC2	training	57aa92db	complete	false	false	0	1	NA	id	
ARC2	training	57aa92db	grid_d2	false	false	0	1	false		
ARC2	training	57aa92db	objects	false	false	0	1	false		
ARC2	training	57aa92db	grid_objects	false	false	0	1	false		
ARC2	training	ba26e723	complete	false	false	0	1	NA	id	
ARC2	training	ba26e723	grid_d2	false	false	0	1	false		
ARC2	training	ba26e723	objects	false	false	0	1	false		
ARC2	training	ba26e723	grid_objects	false	false	0	1	false		
ARC2	training	a04b2602	complete	false	false	0	1	NA	id	
ARC2	training	a04b2602	grid_d2	false	false	0	1	false		
ARC2	training	a04b2602	objects	false	false	0	1	false		
ARC2	training	a04b2602	grid_objects	false	false	0	1	false		
ARC2	evaluation	7b80bb43	complete	false	false	0	1	NA	id	
ARC2	evaluation	7b80bb43	grid_d2	false	false	0	1	false		
ARC2	evaluation	7b80bb43	objects	false	false	0	1	false		
ARC2	evaluation	7b80bb43	grid_objects	false	false	0	1	false		
ARC2	evaluation	8b7bacbf	complete	false	false	0	2	NA	fillEnclosed 4	
ARC2	evaluation	8b7bacbf	grid_d2	false	false	0	2	false		
ARC2	evaluation	8b7bacbf	objects	false	false	0	2	false		
ARC2	evaluation	8b7bacbf	grid_objects	false	false	0	2	false		
ARC2	evaluation	1ae2feb7	complete	false	false	0	3	NA	id	
ARC2	evaluation	1ae2feb7	grid_d2	false	false	0	3	false		
ARC2	evaluation	1ae2feb7	objects	false	false	0	3	false		
ARC2	evaluation	1ae2feb7	grid_objects	false	false	0	3	false		
ARC2	training	941d9a10	complete	false	false	0	1	NA	id	
ARC2	training	941d9a10	grid_d2	false	false	0	1	false		
ARC2	training	941d9a10	objects	false	false	0	1	false		
ARC2	training	941d9a10	grid_objects	false	false	0	1	false		
ARC2	training	b7fb29bc	complete	false	false	0	1	NA	id	
ARC2	training	b7fb29bc	grid_d2	false	false	0	1	false		
ARC2	training	b7fb29bc	objects	false	false	0	1	false		
ARC2	training	b7fb29bc	grid_objects	false	false	0	1	false		
ARC2	training	c920a713	complete	false	false	0	1	NA	id	
ARC2	training	c920a713	grid_d2	false	false	0	1	false		
ARC2	training	c920a713	objects	false	false	0	1	false		
ARC2	training	c920a713	grid_objects	false	false	0	1	false		
ARC2	training	7d7772cc	complete	false	false	0	1	NA	id	
ARC2	training	7d7772cc	grid_d2	false	false	0	1	false		
ARC2	training	7d7772cc	objects	false	false	0	1	false		
ARC2	training	7d7772cc	grid_objects	false	false	0	1	false		
ARC2	training	4c5c2cf0	complete	false	false	0	1	NA	id	
ARC2	training	4c5c2cf0	grid_d2	false	false	0	1	false		
ARC2	training	4c5c2cf0	objects	false	false	0	1	false		
ARC2	training	4c5c2cf0	grid_objects	false	false	0	1	false		
ARC2	training	e78887d1	complete	false	false	0	1	NA	id	
ARC2	training	e78887d1	grid_d2	false	false	0	1	false		
ARC2	training	e78887d1	objects	false	false	0	1	false		
ARC2	training	e78887d1	grid_objects	false	false	0	1	false		
ARC2	training	9f41bd9c	complete	false	false	0	1	NA	id	
ARC2	training	9f41bd9c	grid_d2	false	false	0	1	false		
ARC2	training	9f41bd9c	objects	false	false	0	1	false		
ARC2	training	9f41bd9c	grid_objects	false	false	0	1	false		
ARC2	training	b230c067	complete	false	false	0	1	NA	id	
ARC2	training	b230c067	grid_d2	false	false	0	1	false		
ARC2	training	b230c067	objects	false	false	0	1	false		
ARC2	training	b230c067	grid_objects	false	false	0	1	false		
ARC2	training	9110e3c5	complete	false	false	0	2	NA	id	
ARC2	training	9110e3c5	grid_d2	false	false	0	2	false		
ARC2	training	9110e3c5	objects	false	false	0	2	false		
ARC2	training	9110e3c5	grid_objects	false	false	0	2	false		
ARC2	training	edcc2ff0	complete	false	false	0	1	NA	id	
ARC2	training	edcc2ff0	grid_d2	false	false	0	1	false		
ARC2	training	edcc2ff0	objects	false	false	0	1	false		
ARC2	training	edcc2ff0	grid_objects	false	false	0	1	false		
ARC2	training	a1570a43	complete	false	false	0	1	NA	id	
ARC2	training	a1570a43	grid_d2	false	false	0	1	false		
ARC2	training	a1570a43	objects	false	false	0	1	false		
ARC2	training	a1570a43	grid_objects	false	false	0	1	false		
ARC2	training	7d18a6fb	complete	false	false	0	1	NA	id	
ARC2	training	7d18a6fb	grid_d2	false	false	0	1	false		
ARC2	training	7d18a6fb	objects	false	false	0	1	false		
ARC2	training	7d18a6fb	grid_objects	false	false	0	1	false		
ARC2	evaluation	5dbc8537	complete	false	false	0	2	NA	id	
ARC2	evaluation	5dbc8537	grid_d2	false	false	0	2	false		
ARC2	evaluation	5dbc8537	objects	false	false	0	2	false		
ARC2	evaluation	5dbc8537	grid_objects	false	false	0	2	false		
ARC2	training	4b6b68e5	complete	false	false	0	1	NA	id	
ARC2	training	4b6b68e5	grid_d2	false	false	0	1	false		
ARC2	training	4b6b68e5	objects	false	false	0	1	false		
ARC2	training	4b6b68e5	grid_objects	false	false	0	1	false		
ARC2	training	bc93ec48	complete	false	false	0	1	NA	id	
ARC2	training	bc93ec48	grid_d2	false	false	0	1	false		
ARC2	training	bc93ec48	objects	false	false	0	1	false		
ARC2	training	bc93ec48	grid_objects	false	false	0	1	false		
ARC2	training	9caf5b84	complete	false	false	0	1	NA	id	
ARC2	training	9caf5b84	grid_d2	false	false	0	1	false		
ARC2	training	9caf5b84	objects	false	false	0	1	false		
ARC2	training	9caf5b84	grid_objects	false	false	0	1	false		
ARC2	training	6a980be1	complete	false	false	0	1	NA	id	
ARC2	training	6a980be1	grid_d2	false	false	0	1	false		
ARC2	training	6a980be1	objects	false	false	0	1	false		
ARC2	training	6a980be1	grid_objects	false	false	0	1	false		
ARC2	training	ff2825db	complete	false	false	0	2	NA	id	
ARC2	training	ff2825db	grid_d2	false	false	0	2	false		
ARC2	training	ff2825db	objects	false	false	0	2	false		
ARC2	training	ff2825db	grid_objects	false	false	0	2	false		
ARC2	evaluation	269e22fb	complete	false	false	0	2	NA	id	
ARC2	evaluation	269e22fb	grid_d2	false	false	0	2	false		
ARC2	evaluation	269e22fb	objects	false	false	0	2	false		
ARC2	evaluation	269e22fb	grid_objects	false	false	0	2	false		
ARC2	training	dc2e9a9d	complete	false	false	0	1	NA	id	
ARC2	training	dc2e9a9d	grid_d2	false	false	0	1	false		
ARC2	training	dc2e9a9d	objects	false	false	0	1	false		
ARC2	training	dc2e9a9d	grid_objects	false	false	0	1	false		
ARC2	training	1e32b0e9	complete	false	false	0	1	NA	id	
ARC2	training	1e32b0e9	grid_d2	false	false	0	1	false		
ARC2	training	1e32b0e9	objects	false	false	0	1	false		
ARC2	training	1e32b0e9	grid_objects	false	false	0	1	false		
ARC2	training	2c0b0aff	complete	false	false	0	1	NA	bottomHalf ; cropSmallest	
ARC2	training	2c0b0aff	grid_d2	false	false	0	1	false		
ARC2	training	2c0b0aff	objects	false	false	0	1	false		
ARC2	training	2c0b0aff	grid_objects	false	false	0	1	false		
ARC2	training	f0100645	complete	false	false	0	1	NA	id	
ARC2	training	f0100645	grid_d2	false	false	0	1	false		
ARC2	training	f0100645	objects	false	false	0	1	false		
ARC2	training	f0100645	grid_objects	false	false	0	1	false		
ARC2	training	f18ec8cc	complete	false	false	0	2	NA	id	
ARC2	training	f18ec8cc	grid_d2	false	false	0	2	false		
ARC2	training	f18ec8cc	objects	false	false	0	2	false		
ARC2	training	f18ec8cc	grid_objects	false	false	0	2	false		
ARC2	training	cbded52d	complete	false	false	0	1	NA	id	
ARC2	training	cbded52d	grid_d2	false	false	0	1	false		
ARC2	training	cbded52d	objects	false	false	0	1	false		
ARC2	training	cbded52d	grid_objects	false	false	0	1	false		
ARC2	evaluation	7b5033c1	complete	false	false	0	1	NA	id	
ARC2	evaluation	7b5033c1	grid_d2	false	false	0	1	false		
ARC2	evaluation	7b5033c1	objects	false	false	0	1	false		
ARC2	evaluation	7b5033c1	grid_objects	false	false	0	1	false		
ARC2	training	7c9b52a0	complete	false	false	0	1	NA	id	
ARC2	training	7c9b52a0	grid_d2	false	false	0	1	false		
ARC2	training	7c9b52a0	objects	false	false	0	1	false		
ARC2	training	7c9b52a0	grid_objects	false	false	0	1	false		
ARC2	training	e73095fd	complete	false	false	0	1	NA	id	
ARC2	training	e73095fd	grid_d2	false	false	0	1	false		
ARC2	training	e73095fd	objects	false	false	0	1	false		
ARC2	training	e73095fd	grid_objects	false	false	0	1	false		
ARC2	training	81c0276b	complete	false	false	0	1	NA	id	
ARC2	training	81c0276b	grid_d2	false	false	0	1	false		
ARC2	training	81c0276b	objects	false	false	0	1	false		
ARC2	training	81c0276b	grid_objects	false	false	0	1	false		
ARC2	training	fc754716	complete	false	false	0	1	NA	id	
ARC2	training	fc754716	grid_d2	false	false	0	1	false		
ARC2	training	fc754716	objects	false	false	0	1	false		
ARC2	training	fc754716	grid_objects	false	false	0	1	false		
ARC2	training	e88171ec	complete	false	false	0	1	NA	id	
ARC2	training	e88171ec	grid_d2	false	false	0	1	false		
ARC2	training	e88171ec	objects	false	false	0	1	false		
ARC2	training	e88171ec	grid_objects	false	false	0	1	false		
ARC2	training	14b8e18c	complete	false	false	0	1	NA	id	
ARC2	training	14b8e18c	grid_d2	false	false	0	1	false		
ARC2	training	14b8e18c	objects	false	false	0	1	false		
ARC2	training	14b8e18c	grid_objects	false	false	0	1	false		
ARC2	training	42a50994	complete	false	false	0	1	NA	id	
ARC2	training	42a50994	grid_d2	false	false	0	1	false		
ARC2	training	42a50994	objects	true	true	1	1	true	zero-8-mono / Smallest / Erase / Original	zero-8-mono / Smallest / Erase / Original
ARC2	training	42a50994	grid_objects	true	true	1	1	true	zero-8-mono / Smallest / Erase / Original	zero-8-mono / Smallest / Erase / Original
ARC2	training	2013d3e2	complete	false	false	0	1	NA	id	
ARC2	training	2013d3e2	grid_d2	false	false	0	1	false		
ARC2	training	2013d3e2	objects	false	false	0	1	false		
ARC2	training	2013d3e2	grid_objects	false	false	0	1	false		
ARC2	training	94133066	complete	false	false	0	1	NA	id	
ARC2	training	94133066	grid_d2	false	false	0	1	false		
ARC2	training	94133066	objects	false	false	0	1	false		
ARC2	training	94133066	grid_objects	false	false	0	1	false		
ARC2	training	ca8de6ea	complete	false	false	0	1	NA	id	
ARC2	training	ca8de6ea	grid_d2	false	false	0	1	false		
ARC2	training	ca8de6ea	objects	false	false	0	1	false		
ARC2	training	ca8de6ea	grid_objects	false	false	0	1	false		
ARC2	training	d37a1ef5	complete	false	false	0	1	NA	id	
ARC2	training	d37a1ef5	grid_d2	false	false	0	1	false		
ARC2	training	d37a1ef5	objects	false	false	0	1	false		
ARC2	training	d37a1ef5	grid_objects	false	false	0	1	false		
ARC2	training	1cf80156	complete	true	true	1	1	NA	cropBBox	
ARC2	training	1cf80156	grid_d2	true	true	1	1	true	cropBBox	cropBBox
ARC2	training	1cf80156	objects	true	true	1	1	true	zero-4-mono / All / Identity / Crop	zero-4-mono / All / Identity / Crop
ARC2	training	1cf80156	grid_objects	true	true	1	1	true	cropBBox	cropBBox
ARC2	training	87ab05b8	complete	false	false	0	1	NA	id	
ARC2	training	87ab05b8	grid_d2	false	false	0	1	false		
ARC2	training	87ab05b8	objects	false	false	0	1	false		
ARC2	training	87ab05b8	grid_objects	false	false	0	1	false		
ARC2	evaluation	71e489b6	complete	false	false	0	2	NA	id	
ARC2	evaluation	71e489b6	grid_d2	false	false	0	2	false		
ARC2	evaluation	71e489b6	objects	false	false	0	2	false		
ARC2	evaluation	71e489b6	grid_objects	false	false	0	2	false		
ARC2	training	7d419a02	complete	false	false	0	1	NA	id	
ARC2	training	7d419a02	grid_d2	false	false	0	1	false		
ARC2	training	7d419a02	objects	false	false	0	1	false		
ARC2	training	7d419a02	grid_objects	false	false	0	1	false		
ARC2	training	f0df5ff0	complete	false	false	0	1	NA	id	
ARC2	training	f0df5ff0	grid_d2	false	false	0	1	false		
ARC2	training	f0df5ff0	objects	false	false	0	1	false		
ARC2	training	f0df5ff0	grid_objects	false	false	0	1	false		
ARC2	training	e9bb6954	complete	false	false	0	1	NA	id	
ARC2	training	e9bb6954	grid_d2	false	false	0	1	false		
ARC2	training	e9bb6954	objects	false	false	0	1	false		
ARC2	training	e9bb6954	grid_objects	false	false	0	1	false		
ARC2	training	3979b1a8	complete	false	false	0	1	NA	id	
ARC2	training	3979b1a8	grid_d2	false	false	0	1	false		
ARC2	training	3979b1a8	objects	false	false	0	1	false		
ARC2	training	3979b1a8	grid_objects	false	false	0	1	false		
ARC2	training	7447852a	complete	false	false	0	1	NA	id	
ARC2	training	7447852a	grid_d2	false	false	0	1	false		
ARC2	training	7447852a	objects	false	false	0	1	false		
ARC2	training	7447852a	grid_objects	false	false	0	1	false		
ARC2	training	984d8a3e	complete	false	false	0	1	NA	id	
ARC2	training	984d8a3e	grid_d2	false	false	0	1	false		
ARC2	training	984d8a3e	objects	false	false	0	1	false		
ARC2	training	984d8a3e	grid_objects	false	false	0	1	false		
ARC2	training	d47aa2ff	complete	false	false	0	1	NA	id	
ARC2	training	d47aa2ff	grid_d2	false	false	0	1	false		
ARC2	training	d47aa2ff	objects	false	false	0	1	false		
ARC2	training	d47aa2ff	grid_objects	false	false	0	1	false		
ARC2	training	140c817e	complete	false	false	0	1	NA	id	
ARC2	training	140c817e	grid_d2	false	false	0	1	false		
ARC2	training	140c817e	objects	false	false	0	1	false		
ARC2	training	140c817e	grid_objects	false	false	0	1	false		
ARC2	training	83eb0a57	complete	false	false	0	1	NA	id	
ARC2	training	83eb0a57	grid_d2	false	false	0	1	false		
ARC2	training	83eb0a57	objects	false	false	0	1	false		
ARC2	training	83eb0a57	grid_objects	false	false	0	1	false		
ARC2	training	ecb67b6d	complete	false	false	0	1	NA	id	
ARC2	training	ecb67b6d	grid_d2	false	false	0	1	false		
ARC2	training	ecb67b6d	objects	false	false	0	1	false		
ARC2	training	ecb67b6d	grid_objects	false	false	0	1	false		
ARC2	training	48131b3c	complete	false	false	0	1	NA	id	
ARC2	training	48131b3c	grid_d2	false	false	0	1	false		
ARC2	training	48131b3c	objects	false	false	0	1	false		
ARC2	training	48131b3c	grid_objects	false	false	0	1	false		
ARC2	training	5034a0b5	complete	false	false	0	1	NA	id	
ARC2	training	5034a0b5	grid_d2	false	false	0	1	false		
ARC2	training	5034a0b5	objects	false	false	0	1	false		
ARC2	training	5034a0b5	grid_objects	false	false	0	1	false		
ARC2	training	6ecd11f4	complete	false	false	0	1	NA	id	
ARC2	training	6ecd11f4	grid_d2	false	false	0	1	false		
ARC2	training	6ecd11f4	objects	false	false	0	1	false		
ARC2	training	6ecd11f4	grid_objects	false	false	0	1	false		
ARC2	training	833dafe3	complete	true	true	1	1	NA	rot180 ; mirror4	
ARC2	training	833dafe3	grid_d2	true	true	1	1	true	rot180 ; mirror4	rot180 ; mirror4
ARC2	training	833dafe3	objects	false	false	0	1	false		
ARC2	training	833dafe3	grid_objects	true	true	1	1	true	rot180 ; mirror4	rot180 ; mirror4
ARC2	training	2c608aff	complete	false	false	0	1	NA	id	
ARC2	training	2c608aff	grid_d2	false	false	0	1	false		
ARC2	training	2c608aff	objects	false	false	0	1	false		
ARC2	training	2c608aff	grid_objects	false	false	0	1	false		
ARC2	training	e41c6fd3	complete	false	false	0	1	NA	id	
ARC2	training	e41c6fd3	grid_d2	false	false	0	1	false		
ARC2	training	e41c6fd3	objects	false	false	0	1	false		
ARC2	training	e41c6fd3	grid_objects	false	false	0	1	false		
ARC2	training	aa300dc3	complete	false	false	0	1	NA	id	
ARC2	training	aa300dc3	grid_d2	false	false	0	1	false		
ARC2	training	aa300dc3	objects	false	false	0	1	false		
ARC2	training	aa300dc3	grid_objects	false	false	0	1	false		
ARC2	training	91413438	complete	false	false	0	1	NA	id	
ARC2	training	91413438	grid_d2	false	false	0	1	false		
ARC2	training	91413438	objects	false	false	0	1	false		
ARC2	training	91413438	grid_objects	false	false	0	1	false		
ARC2	training	aba27056	complete	false	false	0	1	NA	id	
ARC2	training	aba27056	grid_d2	false	false	0	1	false		
ARC2	training	aba27056	objects	false	false	0	1	false		
ARC2	training	aba27056	grid_objects	false	false	0	1	false		
ARC2	training	6ffe8f07	complete	false	false	0	2	NA	id	
ARC2	training	6ffe8f07	grid_d2	false	false	0	2	false		
ARC2	training	6ffe8f07	objects	false	false	0	2	false		
ARC2	training	6ffe8f07	grid_objects	false	false	0	2	false		
ARC2	training	5623160b	complete	false	false	0	1	NA	id	
ARC2	training	5623160b	grid_d2	false	false	0	1	false		
ARC2	training	5623160b	objects	false	false	0	1	false		
ARC2	training	5623160b	grid_objects	false	false	0	1	false		
ARC2	training	a6953f00	complete	false	false	0	1	NA	id	
ARC2	training	a6953f00	grid_d2	false	false	0	1	false		
ARC2	training	a6953f00	objects	false	false	0	1	false		
ARC2	training	a6953f00	grid_objects	false	false	0	1	false		
ARC2	training	21f83797	complete	false	false	0	1	NA	id	
ARC2	training	21f83797	grid_d2	false	false	0	1	false		
ARC2	training	21f83797	objects	false	false	0	1	false		
ARC2	training	21f83797	grid_objects	false	false	0	1	false		
ARC2	training	3428a4f5	complete	true	true	2	2	NA	splitV xor 3	
ARC2	training	3428a4f5	grid_d2	true	true	2	2	true	splitV xor 3	splitV xor 3
ARC2	training	3428a4f5	objects	false	false	0	2	false		
ARC2	training	3428a4f5	grid_objects	true	true	2	2	true	splitV xor 3	splitV xor 3
ARC2	training	48d8fb45	complete	false	false	0	1	NA	id	
ARC2	training	48d8fb45	grid_d2	false	false	0	1	false		
ARC2	training	48d8fb45	objects	false	false	0	1	false		
ARC2	training	48d8fb45	grid_objects	false	false	0	1	false		
ARC2	training	4cd1b7b2	complete	false	false	0	1	NA	id	
ARC2	training	4cd1b7b2	grid_d2	false	false	0	1	false		
ARC2	training	4cd1b7b2	objects	false	false	0	1	false		
ARC2	training	4cd1b7b2	grid_objects	false	false	0	1	false		
ARC2	training	4093f84a	complete	false	false	0	1	NA	id	
ARC2	training	4093f84a	grid_d2	false	false	0	1	false		
ARC2	training	4093f84a	objects	false	false	0	1	false		
ARC2	training	4093f84a	grid_objects	false	false	0	1	false		
ARC2	training	0ca9ddb6	complete	false	false	0	1	NA	id	
ARC2	training	0ca9ddb6	grid_d2	false	false	0	1	false		
ARC2	training	0ca9ddb6	objects	false	false	0	1	false		
ARC2	training	0ca9ddb6	grid_objects	false	false	0	1	false		
ARC2	training	de1cd16c	complete	false	false	0	1	NA	id	
ARC2	training	de1cd16c	grid_d2	false	false	0	1	false		
ARC2	training	de1cd16c	objects	false	false	0	1	false		
ARC2	training	de1cd16c	grid_objects	false	false	0	1	false		
ARC2	training	d406998b	complete	false	false	0	1	NA	id	
ARC2	training	d406998b	grid_d2	false	false	0	1	false		
ARC2	training	d406998b	objects	false	false	0	1	false		
ARC2	training	d406998b	grid_objects	false	false	0	1	false		
ARC2	training	319f2597	complete	false	false	0	1	NA	id	
ARC2	training	319f2597	grid_d2	false	false	0	1	false		
ARC2	training	319f2597	objects	false	false	0	1	false		
ARC2	training	319f2597	grid_objects	false	false	0	1	false		
ARC2	evaluation	f560132c	complete	false	false	0	1	NA	id	
ARC2	evaluation	f560132c	grid_d2	false	false	0	1	false		
ARC2	evaluation	f560132c	objects	false	false	0	1	false		
ARC2	evaluation	f560132c	grid_objects	false	false	0	1	false		
ARC2	training	5b37cb25	complete	false	false	0	1	NA	id	
ARC2	training	5b37cb25	grid_d2	false	false	0	1	false		
ARC2	training	5b37cb25	objects	false	false	0	1	false		
ARC2	training	5b37cb25	grid_objects	false	false	0	1	false		
ARC2	training	f3e62deb	complete	false	false	0	2	NA	id	
ARC2	training	f3e62deb	grid_d2	false	false	0	2	false		
ARC2	training	f3e62deb	objects	false	false	0	2	false		
ARC2	training	f3e62deb	grid_objects	false	false	0	2	false		
ARC2	training	5a5a2103	complete	false	false	0	1	NA	id	
ARC2	training	5a5a2103	grid_d2	false	false	0	1	false		
ARC2	training	5a5a2103	objects	false	false	0	1	false		
ARC2	training	5a5a2103	grid_objects	false	false	0	1	false		
ARC2	training	ff72ca3e	complete	false	false	0	1	NA	id	
ARC2	training	ff72ca3e	grid_d2	false	false	0	1	false		
ARC2	training	ff72ca3e	objects	false	false	0	1	false		
ARC2	training	ff72ca3e	grid_objects	false	false	0	1	false		
ARC2	training	f8be4b64	complete	false	false	0	1	NA	id	
ARC2	training	f8be4b64	grid_d2	false	false	0	1	false		
ARC2	training	f8be4b64	objects	false	false	0	1	false		
ARC2	training	f8be4b64	grid_objects	false	false	0	1	false		
ARC2	training	59341089	complete	false	false	0	1	NA	id	
ARC2	training	59341089	grid_d2	false	false	0	1	false		
ARC2	training	59341089	objects	false	false	0	1	false		
ARC2	training	59341089	grid_objects	false	false	0	1	false		
ARC2	evaluation	e376de54	complete	false	false	0	1	NA	id	
ARC2	evaluation	e376de54	grid_d2	false	false	0	1	false		
ARC2	evaluation	e376de54	objects	false	false	0	1	false		
ARC2	evaluation	e376de54	grid_objects	false	false	0	1	false		
ARC2	training	d19f7514	complete	true	true	1	1	NA	splitV or 4	
ARC2	training	d19f7514	grid_d2	true	true	1	1	true	splitV or 4	splitV or 4
ARC2	training	d19f7514	objects	false	false	0	1	false		
ARC2	training	d19f7514	grid_objects	true	true	1	1	true	splitV or 4	splitV or 4
ARC2	training	963c33f8	complete	false	false	0	1	NA	id	
ARC2	training	963c33f8	grid_d2	false	false	0	1	false		
ARC2	training	963c33f8	objects	false	false	0	1	false		
ARC2	training	963c33f8	grid_objects	false	false	0	1	false		
ARC2	training	e4888269	complete	false	false	0	2	NA	id	
ARC2	training	e4888269	grid_d2	false	false	0	2	false		
ARC2	training	e4888269	objects	false	false	0	2	false		
ARC2	training	e4888269	grid_objects	false	false	0	2	false		
ARC2	training	b7249182	complete	false	false	0	1	NA	id	
ARC2	training	b7249182	grid_d2	false	false	0	1	false		
ARC2	training	b7249182	objects	false	false	0	1	false		
ARC2	training	b7249182	grid_objects	false	false	0	1	false		
ARC2	training	712bf12e	complete	false	false	0	1	NA	id	
ARC2	training	712bf12e	grid_d2	false	false	0	1	false		
ARC2	training	712bf12e	objects	false	false	0	1	false		
ARC2	training	712bf12e	grid_objects	false	false	0	1	false		
ARC2	training	456873bc	complete	false	false	0	1	NA	id	
ARC2	training	456873bc	grid_d2	false	false	0	1	false		
ARC2	training	456873bc	objects	false	false	0	1	false		
ARC2	training	456873bc	grid_objects	false	false	0	1	false		
ARC2	training	6cbe9eb8	complete	false	false	0	1	NA	id	
ARC2	training	6cbe9eb8	grid_d2	false	false	0	1	false		
ARC2	training	6cbe9eb8	objects	false	false	0	1	false		
ARC2	training	6cbe9eb8	grid_objects	false	false	0	1	false		
ARC2	training	22eb0ac0	complete	false	false	0	1	NA	id	
ARC2	training	22eb0ac0	grid_d2	false	false	0	1	false		
ARC2	training	22eb0ac0	objects	false	false	0	1	false		
ARC2	training	22eb0ac0	grid_objects	false	false	0	1	false		
ARC2	evaluation	a6f40cea	complete	false	false	0	1	NA	id	
ARC2	evaluation	a6f40cea	grid_d2	false	false	0	1	false		
ARC2	evaluation	a6f40cea	objects	false	false	0	1	false		
ARC2	evaluation	a6f40cea	grid_objects	false	false	0	1	false		
ARC2	training	e9fc42f2	complete	false	false	0	2	NA	id	
ARC2	training	e9fc42f2	grid_d2	false	false	0	2	false		
ARC2	training	e9fc42f2	objects	false	false	0	2	false		
ARC2	training	e9fc42f2	grid_objects	false	false	0	2	false		
ARC2	training	d07ae81c	complete	false	false	0	1	NA	id	
ARC2	training	d07ae81c	grid_d2	false	false	0	1	false		
ARC2	training	d07ae81c	objects	false	false	0	1	false		
ARC2	training	d07ae81c	grid_objects	false	false	0	1	false		
ARC2	training	8886d717	complete	false	false	0	1	NA	id	
ARC2	training	8886d717	grid_d2	false	false	0	1	false		
ARC2	training	8886d717	objects	false	false	0	1	false		
ARC2	training	8886d717	grid_objects	false	false	0	1	false		
ARC2	training	996ec1f3	complete	false	false	0	1	NA	id	
ARC2	training	996ec1f3	grid_d2	false	false	0	1	false		
ARC2	training	996ec1f3	objects	false	false	0	1	false		
ARC2	training	996ec1f3	grid_objects	false	false	0	1	false		
ARC2	training	af902bf9	complete	false	false	0	1	NA	id	
ARC2	training	af902bf9	grid_d2	false	false	0	1	false		
ARC2	training	af902bf9	objects	false	false	0	1	false		
ARC2	training	af902bf9	grid_objects	false	false	0	1	false		
ARC2	training	64a7c07e	complete	false	false	0	1	NA	id	
ARC2	training	64a7c07e	grid_d2	false	false	0	1	false		
ARC2	training	64a7c07e	objects	false	false	0	1	false		
ARC2	training	64a7c07e	grid_objects	false	false	0	1	false		
ARC2	training	d749d46f	complete	false	false	0	1	NA	id	
ARC2	training	d749d46f	grid_d2	false	false	0	1	false		
ARC2	training	d749d46f	objects	false	false	0	1	false		
ARC2	training	d749d46f	grid_objects	false	false	0	1	false		
ARC2	training	9b2a60aa	complete	false	false	0	1	NA	id	
ARC2	training	9b2a60aa	grid_d2	false	false	0	1	false		
ARC2	training	9b2a60aa	objects	false	false	0	1	false		
ARC2	training	9b2a60aa	grid_objects	false	false	0	1	false		
ARC2	evaluation	edb79dae	complete	false	false	0	1	NA	id	
ARC2	evaluation	edb79dae	grid_d2	false	false	0	1	false		
ARC2	evaluation	edb79dae	objects	false	false	0	1	false		
ARC2	evaluation	edb79dae	grid_objects	false	false	0	1	false		
ARC2	training	d90796e8	complete	false	false	0	1	NA	id	
ARC2	training	d90796e8	grid_d2	false	false	0	1	false		
ARC2	training	d90796e8	objects	false	false	0	1	false		
ARC2	training	d90796e8	grid_objects	false	false	0	1	false		
ARC2	training	4a1cacc2	complete	false	false	0	1	NA	id	
ARC2	training	4a1cacc2	grid_d2	false	false	0	1	false		
ARC2	training	4a1cacc2	objects	false	false	0	1	false		
ARC2	training	4a1cacc2	grid_objects	false	false	0	1	false		
ARC2	training	6cdd2623	complete	false	false	0	1	NA	id	
ARC2	training	6cdd2623	grid_d2	false	false	0	1	false		
ARC2	training	6cdd2623	objects	false	false	0	1	false		
ARC2	training	6cdd2623	grid_objects	false	false	0	1	false		
ARC2	training	9b30e358	complete	false	false	0	1	NA	id	
ARC2	training	9b30e358	grid_d2	false	false	0	1	false		
ARC2	training	9b30e358	objects	false	false	0	1	false		
ARC2	training	9b30e358	grid_objects	false	false	0	1	false		
ARC2	training	f8b3ba0a	complete	false	false	0	1	NA	id	
ARC2	training	f8b3ba0a	grid_d2	false	false	0	1	false		
ARC2	training	f8b3ba0a	objects	false	false	0	1	false		
ARC2	training	f8b3ba0a	grid_objects	false	false	0	1	false		
ARC2	training	6430c8c4	complete	true	true	1	1	NA	splitV nor 3	
ARC2	training	6430c8c4	grid_d2	true	true	1	1	true	splitV nor 3	splitV nor 3
ARC2	training	6430c8c4	objects	false	false	0	1	false		
ARC2	training	6430c8c4	grid_objects	true	true	1	1	true	splitV nor 3	splitV nor 3
ARC2	training	f8a8fe49	complete	false	false	0	1	NA	id	
ARC2	training	f8a8fe49	grid_d2	false	false	0	1	false		
ARC2	training	f8a8fe49	objects	false	false	0	1	false		
ARC2	training	f8a8fe49	grid_objects	false	false	0	1	false		
ARC2	training	dbc1a6ce	complete	false	false	0	1	NA	id	
ARC2	training	dbc1a6ce	grid_d2	false	false	0	1	false		
ARC2	training	dbc1a6ce	objects	false	false	0	1	false		
ARC2	training	dbc1a6ce	grid_objects	false	false	0	1	false		
ARC2	training	e9b4f6fc	complete	false	false	0	1	NA	id	
ARC2	training	e9b4f6fc	grid_d2	false	false	0	1	false		
ARC2	training	e9b4f6fc	objects	false	false	0	1	false		
ARC2	training	e9b4f6fc	grid_objects	false	false	0	1	false		
ARC2	training	868de0fa	complete	false	false	0	1	NA	id	
ARC2	training	868de0fa	grid_d2	false	false	0	1	false		
ARC2	training	868de0fa	objects	false	false	0	1	false		
ARC2	training	868de0fa	grid_objects	false	false	0	1	false		
ARC2	training	017c7c7b	complete	false	false	0	1	NA	id	
ARC2	training	017c7c7b	grid_d2	false	false	0	1	false		
ARC2	training	017c7c7b	objects	false	false	0	1	false		
ARC2	training	017c7c7b	grid_objects	false	false	0	1	false		
ARC2	training	1fad071e	complete	false	false	0	1	NA	id	
ARC2	training	1fad071e	grid_d2	false	false	0	1	false		
ARC2	training	1fad071e	objects	false	false	0	1	false		
ARC2	training	1fad071e	grid_objects	false	false	0	1	false		
ARC2	training	ea32f347	complete	false	false	0	1	NA	id	
ARC2	training	ea32f347	grid_d2	false	false	0	1	false		
ARC2	training	ea32f347	objects	false	false	0	1	false		
ARC2	training	ea32f347	grid_objects	false	false	0	1	false		
ARC2	training	c92b942c	complete	false	false	0	1	NA	id	
ARC2	training	c92b942c	grid_d2	false	false	0	1	false		
ARC2	training	c92b942c	objects	false	false	0	1	false		
ARC2	training	c92b942c	grid_objects	false	false	0	1	false		
ARC2	evaluation	bf45cf4b	complete	false	false	0	1	NA	id	
ARC2	evaluation	bf45cf4b	grid_d2	false	false	0	1	false		
ARC2	evaluation	bf45cf4b	objects	false	false	0	1	false		
ARC2	evaluation	bf45cf4b	grid_objects	false	false	0	1	false		
ARC2	training	8ba14f53	complete	false	false	0	1	NA	id	
ARC2	training	8ba14f53	grid_d2	false	false	0	1	false		
ARC2	training	8ba14f53	objects	false	false	0	1	false		
ARC2	training	8ba14f53	grid_objects	false	false	0	1	false		
ARC2	training	25094a63	complete	false	false	0	1	NA	id	
ARC2	training	25094a63	grid_d2	false	false	0	1	false		
ARC2	training	25094a63	objects	false	false	0	1	false		
ARC2	training	25094a63	grid_objects	false	false	0	1	false		
ARC2	evaluation	6e4f6532	complete	false	false	0	2	NA	id	
ARC2	evaluation	6e4f6532	grid_d2	false	false	0	2	false		
ARC2	evaluation	6e4f6532	objects	false	false	0	2	false		
ARC2	evaluation	6e4f6532	grid_objects	false	false	0	2	false		
ARC2	training	6150a2bd	complete	true	true	1	1	NA	rot180	
ARC2	training	6150a2bd	grid_d2	true	true	1	1	true	rot180	rot180
ARC2	training	6150a2bd	objects	false	false	0	1	false		
ARC2	training	6150a2bd	grid_objects	true	true	1	1	true	rot180	rot180
ARC2	training	e4075551	complete	false	false	0	1	NA	id	
ARC2	training	e4075551	grid_d2	false	false	0	1	false		
ARC2	training	e4075551	objects	false	false	0	1	false		
ARC2	training	e4075551	grid_objects	false	false	0	1	false		
ARC2	training	f3cdc58f	complete	false	false	0	1	NA	id	
ARC2	training	f3cdc58f	grid_d2	false	false	0	1	false		
ARC2	training	f3cdc58f	objects	false	false	0	1	false		
ARC2	training	f3cdc58f	grid_objects	false	false	0	1	false		
ARC2	training	b782dc8a	complete	false	false	0	1	NA	id	
ARC2	training	b782dc8a	grid_d2	false	false	0	1	false		
ARC2	training	b782dc8a	objects	false	false	0	1	false		
ARC2	training	b782dc8a	grid_objects	false	false	0	1	false		
ARC2	training	d304284e	complete	false	false	0	1	NA	id	
ARC2	training	d304284e	grid_d2	false	false	0	1	false		
ARC2	training	d304284e	objects	false	false	0	1	false		
ARC2	training	d304284e	grid_objects	false	false	0	1	false		
ARC2	training	a8d7556c	complete	false	false	0	1	NA	id	
ARC2	training	a8d7556c	grid_d2	false	false	0	1	false		
ARC2	training	a8d7556c	objects	false	false	0	1	false		
ARC2	training	a8d7556c	grid_objects	false	false	0	1	false		
ARC2	training	b8cdaf2b	complete	false	false	0	1	NA	id	
ARC2	training	b8cdaf2b	grid_d2	false	false	0	1	false		
ARC2	training	b8cdaf2b	objects	false	false	0	1	false		
ARC2	training	b8cdaf2b	grid_objects	false	false	0	1	false		
ARC2	training	dc46ea44	complete	false	false	0	1	NA	id	
ARC2	training	dc46ea44	grid_d2	false	false	0	1	false		
ARC2	training	dc46ea44	objects	false	false	0	1	false		
ARC2	training	dc46ea44	grid_objects	false	false	0	1	false		
ARC2	training	1acc24af	complete	false	false	0	1	NA	id	
ARC2	training	1acc24af	grid_d2	false	false	0	1	false		
ARC2	training	1acc24af	objects	false	false	0	1	false		
ARC2	training	1acc24af	grid_objects	false	false	0	1	false		
ARC2	training	c9f8e694	complete	false	false	0	1	NA	id	
ARC2	training	c9f8e694	grid_d2	false	false	0	1	false		
ARC2	training	c9f8e694	objects	false	false	0	1	false		
ARC2	training	c9f8e694	grid_objects	false	false	0	1	false		
ARC2	training	b6afb2da	complete	false	false	0	1	NA	id	
ARC2	training	b6afb2da	grid_d2	false	false	0	1	false		
ARC2	training	b6afb2da	objects	false	false	0	1	false		
ARC2	training	b6afb2da	grid_objects	false	false	0	1	false		
ARC2	evaluation	da515329	complete	false	false	0	1	NA	id	
ARC2	evaluation	da515329	grid_d2	false	false	0	1	false		
ARC2	evaluation	da515329	objects	false	false	0	1	false		
ARC2	evaluation	da515329	grid_objects	false	false	0	1	false		
ARC2	evaluation	2d0172a1	complete	false	false	0	2	NA	id	
ARC2	evaluation	2d0172a1	grid_d2	false	false	0	2	false		
ARC2	evaluation	2d0172a1	objects	false	false	0	2	false		
ARC2	evaluation	2d0172a1	grid_objects	false	false	0	2	false		
ARC2	training	00576224	complete	false	false	0	1	NA	id	
ARC2	training	00576224	grid_d2	false	false	0	1	false		
ARC2	training	00576224	objects	false	false	0	1	false		
ARC2	training	00576224	grid_objects	false	false	0	1	false		
ARC2	evaluation	8e5c0c38	complete	false	false	0	2	NA	id	
ARC2	evaluation	8e5c0c38	grid_d2	false	false	0	2	false		
ARC2	evaluation	8e5c0c38	objects	false	false	0	2	false		
ARC2	evaluation	8e5c0c38	grid_objects	false	false	0	2	false		
ARC2	evaluation	142ca369	complete	false	false	0	2	NA	id	
ARC2	evaluation	142ca369	grid_d2	false	false	0	2	false		
ARC2	evaluation	142ca369	objects	false	false	0	2	false		
ARC2	evaluation	142ca369	grid_objects	false	false	0	2	false		
ARC2	training	aa18de87	complete	false	false	0	1	NA	id	
ARC2	training	aa18de87	grid_d2	false	false	0	1	false		
ARC2	training	aa18de87	objects	false	false	0	1	false		
ARC2	training	aa18de87	grid_objects	false	false	0	1	false		
ARC2	training	aa62e3f4	complete	false	false	0	1	NA	id	
ARC2	training	aa62e3f4	grid_d2	false	false	0	1	false		
ARC2	training	aa62e3f4	objects	false	false	0	1	false		
ARC2	training	aa62e3f4	grid_objects	false	false	0	1	false		
ARC2	training	06df4c85	complete	false	false	0	1	NA	id	
ARC2	training	06df4c85	grid_d2	false	false	0	1	false		
ARC2	training	06df4c85	objects	false	false	0	1	false		
ARC2	training	06df4c85	grid_objects	false	false	0	1	false		
ARC2	training	25d8a9c8	complete	false	false	0	1	NA	id	
ARC2	training	25d8a9c8	grid_d2	false	false	0	1	false		
ARC2	training	25d8a9c8	objects	true	true	1	1	true	zero-4-mono / Widest / Recolour(5) / Selected	zero-4-mono / Widest / Recolour(5) / Selected
ARC2	training	25d8a9c8	grid_objects	true	true	1	1	true	zero-4-mono / Widest / Recolour(5) / Selected	zero-4-mono / Widest / Recolour(5) / Selected
ARC2	training	e57337a4	complete	false	false	0	1	NA	id	
ARC2	training	e57337a4	grid_d2	false	false	0	1	false		
ARC2	training	e57337a4	objects	false	false	0	1	false		
ARC2	training	e57337a4	grid_objects	false	false	0	1	false		
ARC2	training	8618d23e	complete	false	false	0	1	NA	id	
ARC2	training	8618d23e	grid_d2	false	false	0	1	false		
ARC2	training	8618d23e	objects	false	false	0	1	false		
ARC2	training	8618d23e	grid_objects	false	false	0	1	false		
ARC2	training	84551f4c	complete	false	false	0	2	NA	id	
ARC2	training	84551f4c	grid_d2	false	false	0	2	false		
ARC2	training	84551f4c	objects	false	false	0	2	false		
ARC2	training	84551f4c	grid_objects	false	false	0	2	false		
ARC2	training	aab50785	complete	false	false	0	1	NA	id	
ARC2	training	aab50785	grid_d2	false	false	0	1	false		
ARC2	training	aab50785	objects	false	false	0	1	false		
ARC2	training	aab50785	grid_objects	false	false	0	1	false		
ARC2	training	7e02026e	complete	false	false	0	1	NA	id	
ARC2	training	7e02026e	grid_d2	false	false	0	1	false		
ARC2	training	7e02026e	objects	false	false	0	1	false		
ARC2	training	7e02026e	grid_objects	false	false	0	1	false		
ARC2	training	be94b721	complete	true	true	1	1	NA	cropLargest	
ARC2	training	be94b721	grid_d2	true	true	1	1	true	cropLargest	cropLargest
ARC2	training	be94b721	objects	true	true	1	1	true	zero-4-mono / Largest / Identity / Crop	zero-4-mono / Largest / Identity / Crop
ARC2	training	be94b721	grid_objects	true	true	1	1	true	cropLargest	cropLargest
ARC2	training	72207abc	complete	false	false	0	1	NA	id	
ARC2	training	72207abc	grid_d2	false	false	0	1	false		
ARC2	training	72207abc	objects	false	false	0	1	false		
ARC2	training	72207abc	grid_objects	false	false	0	1	false		
ARC2	training	b0f4d537	complete	false	false	0	1	NA	id	
ARC2	training	b0f4d537	grid_d2	false	false	0	1	false		
ARC2	training	b0f4d537	objects	false	false	0	1	false		
ARC2	training	b0f4d537	grid_objects	false	false	0	1	false		
ARC2	training	992798f6	complete	false	false	0	1	NA	id	
ARC2	training	992798f6	grid_d2	false	false	0	1	false		
ARC2	training	992798f6	objects	false	false	0	1	false		
ARC2	training	992798f6	grid_objects	false	false	0	1	false		
ARC2	training	817e6c09	complete	false	false	0	1	NA	id	
ARC2	training	817e6c09	grid_d2	false	false	0	1	false		
ARC2	training	817e6c09	objects	false	false	0	1	false		
ARC2	training	817e6c09	grid_objects	false	false	0	1	false		
ARC2	training	8d510a79	complete	false	false	0	1	NA	id	
ARC2	training	8d510a79	grid_d2	false	false	0	1	false		
ARC2	training	8d510a79	objects	false	false	0	1	false		
ARC2	training	8d510a79	grid_objects	false	false	0	1	false		
ARC2	training	67636eac	complete	false	false	0	1	NA	id	
ARC2	training	67636eac	grid_d2	false	false	0	1	false		
ARC2	training	67636eac	objects	false	false	0	1	false		
ARC2	training	67636eac	grid_objects	false	false	0	1	false		
ARC2	training	44f52bb0	complete	false	false	0	2	NA	id	
ARC2	training	44f52bb0	grid_d2	false	false	0	2	false		
ARC2	training	44f52bb0	objects	false	false	0	2	false		
ARC2	training	44f52bb0	grid_objects	false	false	0	2	false		
ARC2	training	3f23242b	complete	false	false	0	1	NA	id	
ARC2	training	3f23242b	grid_d2	false	false	0	1	false		
ARC2	training	3f23242b	objects	false	false	0	1	false		
ARC2	training	3f23242b	grid_objects	false	false	0	1	false		
ARC2	training	f3b10344	complete	false	false	0	1	NA	id	
ARC2	training	f3b10344	grid_d2	false	false	0	1	false		
ARC2	training	f3b10344	objects	false	false	0	1	false		
ARC2	training	f3b10344	grid_objects	false	false	0	1	false		
ARC2	training	e133d23d	complete	true	true	1	1	NA	splitH or 2	
ARC2	training	e133d23d	grid_d2	true	true	1	1	true	splitH or 2	splitH or 2
ARC2	training	e133d23d	objects	false	false	0	1	false		
ARC2	training	e133d23d	grid_objects	true	true	1	1	true	splitH or 2	splitH or 2
ARC2	training	aedd82e4	complete	false	false	0	1	NA	id	
ARC2	training	aedd82e4	grid_d2	false	false	0	1	false		
ARC2	training	aedd82e4	objects	true	true	1	1	true	zero-4-mono / Smallest / Recolour(1) / Original	zero-4-mono / Smallest / Recolour(1) / Original
ARC2	training	aedd82e4	grid_objects	true	true	1	1	true	zero-4-mono / Smallest / Recolour(1) / Original	zero-4-mono / Smallest / Recolour(1) / Original
ARC2	training	fafffa47	complete	true	true	1	1	NA	splitV nor 2	
ARC2	training	fafffa47	grid_d2	true	true	1	1	true	splitV nor 2	splitV nor 2
ARC2	training	fafffa47	objects	false	false	0	1	false		
ARC2	training	fafffa47	grid_objects	true	true	1	1	true	splitV nor 2	splitV nor 2
ARC2	training	bb43febb	complete	false	false	0	1	NA	id	
ARC2	training	bb43febb	grid_d2	false	false	0	1	false		
ARC2	training	bb43febb	objects	false	false	0	1	false		
ARC2	training	bb43febb	grid_objects	false	false	0	1	false		
ARC2	training	10fcaaa3	complete	false	false	0	1	NA	id	
ARC2	training	10fcaaa3	grid_d2	false	false	0	1	false		
ARC2	training	10fcaaa3	objects	false	false	0	1	false		
ARC2	training	10fcaaa3	grid_objects	false	false	0	1	false		
ARC2	training	4ff4c9da	complete	false	false	0	1	NA	id	
ARC2	training	4ff4c9da	grid_d2	false	false	0	1	false		
ARC2	training	4ff4c9da	objects	false	false	0	1	false		
ARC2	training	4ff4c9da	grid_objects	false	false	0	1	false		
ARC2	training	ad7e01d0	complete	false	false	0	1	NA	id	
ARC2	training	ad7e01d0	grid_d2	false	false	0	1	false		
ARC2	training	ad7e01d0	objects	false	false	0	1	false		
ARC2	training	ad7e01d0	grid_objects	false	false	0	1	false		
ARC2	training	91714a58	complete	false	false	0	1	NA	id	
ARC2	training	91714a58	grid_d2	false	false	0	1	false		
ARC2	training	91714a58	objects	false	false	0	1	false		
ARC2	training	91714a58	grid_objects	false	false	0	1	false		
ARC2	training	3345333e	complete	false	false	0	1	NA	id	
ARC2	training	3345333e	grid_d2	false	false	0	1	false		
ARC2	training	3345333e	objects	false	false	0	1	false		
ARC2	training	3345333e	grid_objects	false	false	0	1	false		
ARC2	training	17b866bd	complete	false	false	0	2	NA	id	
ARC2	training	17b866bd	grid_d2	false	false	0	2	false		
ARC2	training	17b866bd	objects	false	false	0	2	false		
ARC2	training	17b866bd	grid_objects	false	false	0	2	false		
ARC2	training	8fff9e47	complete	false	false	0	1	NA	id	
ARC2	training	8fff9e47	grid_d2	false	false	0	1	false		
ARC2	training	8fff9e47	objects	false	false	0	1	false		
ARC2	training	8fff9e47	grid_objects	false	false	0	1	false		
ARC2	training	7837ac64	complete	false	false	0	1	NA	id	
ARC2	training	7837ac64	grid_d2	false	false	0	1	false		
ARC2	training	7837ac64	objects	false	false	0	1	false		
ARC2	training	7837ac64	grid_objects	false	false	0	1	false		
ARC2	training	2dc579da	complete	false	false	0	1	NA	id	
ARC2	training	2dc579da	grid_d2	false	false	0	1	false		
ARC2	training	2dc579da	objects	false	false	0	1	false		
ARC2	training	2dc579da	grid_objects	false	false	0	1	false		
ARC2	training	5168d44c	complete	false	false	0	1	NA	flipV	
ARC2	training	5168d44c	grid_d2	false	false	0	1	false		
ARC2	training	5168d44c	objects	false	false	0	1	false		
ARC2	training	5168d44c	grid_objects	false	false	0	1	false		
ARC2	training	ef135b50	complete	false	false	0	1	NA	id	
ARC2	training	ef135b50	grid_d2	false	false	0	1	false		
ARC2	training	ef135b50	objects	false	false	0	1	false		
ARC2	training	ef135b50	grid_objects	false	false	0	1	false		
ARC2	training	ed98d772	complete	false	false	0	1	NA	id	
ARC2	training	ed98d772	grid_d2	false	false	0	1	false		
ARC2	training	ed98d772	objects	false	false	0	1	false		
ARC2	training	ed98d772	grid_objects	false	false	0	1	false		
ARC2	evaluation	b10624e5	complete	false	false	0	1	NA	id	
ARC2	evaluation	b10624e5	grid_d2	false	false	0	1	false		
ARC2	evaluation	b10624e5	objects	false	false	0	1	false		
ARC2	evaluation	b10624e5	grid_objects	false	false	0	1	false		
ARC2	training	1b60fb0c	complete	false	false	0	1	NA	id	
ARC2	training	1b60fb0c	grid_d2	false	false	0	1	false		
ARC2	training	1b60fb0c	objects	false	false	0	1	false		
ARC2	training	1b60fb0c	grid_objects	false	false	0	1	false		
ARC2	training	b548a754	complete	false	false	0	1	NA	id	
ARC2	training	b548a754	grid_d2	false	false	0	1	false		
ARC2	training	b548a754	objects	false	false	0	1	false		
ARC2	training	b548a754	grid_objects	false	false	0	1	false		
ARC2	training	cdecee7f	complete	false	false	0	1	NA	id	
ARC2	training	cdecee7f	grid_d2	false	false	0	1	false		
ARC2	training	cdecee7f	objects	false	false	0	1	false		
ARC2	training	cdecee7f	grid_objects	false	false	0	1	false		
ARC2	training	5b692c0f	complete	false	false	0	1	NA	id	
ARC2	training	5b692c0f	grid_d2	false	false	0	1	false		
ARC2	training	5b692c0f	objects	false	false	0	1	false		
ARC2	training	5b692c0f	grid_objects	false	false	0	1	false		
ARC2	evaluation	e8686506	complete	false	false	0	1	NA	id	
ARC2	evaluation	e8686506	grid_d2	false	false	0	1	false		
ARC2	evaluation	e8686506	objects	false	false	0	1	false		
ARC2	evaluation	e8686506	grid_objects	false	false	0	1	false		
ARC2	training	c658a4bd	complete	false	false	0	1	NA	id	
ARC2	training	c658a4bd	grid_d2	false	false	0	1	false		
ARC2	training	c658a4bd	objects	false	false	0	1	false		
ARC2	training	c658a4bd	grid_objects	false	false	0	1	false		
ARC2	training	178fcbfb	complete	false	false	0	1	NA	id	
ARC2	training	178fcbfb	grid_d2	false	false	0	1	false		
ARC2	training	178fcbfb	objects	false	false	0	1	false		
ARC2	training	178fcbfb	grid_objects	false	false	0	1	false		
ARC2	training	95755ff2	complete	false	false	0	1	NA	id	
ARC2	training	95755ff2	grid_d2	false	false	0	1	false		
ARC2	training	95755ff2	objects	false	false	0	1	false		
ARC2	training	95755ff2	grid_objects	false	false	0	1	false		
ARC2	training	e1baa8a4	complete	true	true	1	1	NA	dedupRows ; dedupCols	
ARC2	training	e1baa8a4	grid_d2	true	true	1	1	true	dedupRows ; dedupCols	dedupRows ; dedupCols
ARC2	training	e1baa8a4	objects	false	false	0	1	false		
ARC2	training	e1baa8a4	grid_objects	true	true	1	1	true	dedupRows ; dedupCols	dedupRows ; dedupCols
ARC2	training	fc4aaf52	complete	false	false	0	1	NA	id	
ARC2	training	fc4aaf52	grid_d2	false	false	0	1	false		
ARC2	training	fc4aaf52	objects	false	false	0	1	false		
ARC2	training	fc4aaf52	grid_objects	false	false	0	1	false		
ARC2	training	c1d99e64	complete	false	false	0	1	NA	id	
ARC2	training	c1d99e64	grid_d2	false	false	0	1	false		
ARC2	training	c1d99e64	objects	false	false	0	1	false		
ARC2	training	c1d99e64	grid_objects	false	false	0	1	false		
ARC2	training	1c56ad9f	complete	false	false	0	1	NA	id	
ARC2	training	1c56ad9f	grid_d2	false	false	0	1	false		
ARC2	training	1c56ad9f	objects	false	false	0	1	false		
ARC2	training	1c56ad9f	grid_objects	false	false	0	1	false		
ARC2	training	9dfd6313	complete	true	true	1	1	NA	transpose	
ARC2	training	9dfd6313	grid_d2	true	true	1	1	true	transpose	transpose
ARC2	training	9dfd6313	objects	false	false	0	1	false		
ARC2	training	9dfd6313	grid_objects	true	true	1	1	true	transpose	transpose
ARC2	training	9f8de559	complete	false	false	0	1	NA	id	
ARC2	training	9f8de559	grid_d2	false	false	0	1	false		
ARC2	training	9f8de559	objects	false	false	0	1	false		
ARC2	training	9f8de559	grid_objects	false	false	0	1	false		
ARC2	training	c87289bb	complete	false	false	0	1	NA	id	
ARC2	training	c87289bb	grid_d2	false	false	0	1	false		
ARC2	training	c87289bb	objects	false	false	0	1	false		
ARC2	training	c87289bb	grid_objects	false	false	0	1	false		
ARC2	training	14754a24	complete	false	false	0	1	NA	id	
ARC2	training	14754a24	grid_d2	false	false	0	1	false		
ARC2	training	14754a24	objects	false	false	0	1	false		
ARC2	training	14754a24	grid_objects	false	false	0	1	false		
ARC2	training	2bcee788	complete	false	false	0	1	NA	id	
ARC2	training	2bcee788	grid_d2	false	false	0	1	false		
ARC2	training	2bcee788	objects	false	false	0	1	false		
ARC2	training	2bcee788	grid_objects	false	false	0	1	false		
ARC2	training	696d4842	complete	false	false	0	1	NA	id	
ARC2	training	696d4842	grid_d2	false	false	0	1	false		
ARC2	training	696d4842	objects	false	false	0	1	false		
ARC2	training	696d4842	grid_objects	false	false	0	1	false		
ARC2	training	63613498	complete	false	false	0	1	NA	recolour 6 5 ; recolour 9 5	
ARC2	training	63613498	grid_d2	false	false	0	1	false		
ARC2	training	63613498	objects	false	false	0	1	false		
ARC2	training	63613498	grid_objects	false	false	0	1	false		
ARC2	training	ef26cbf6	complete	false	false	0	1	NA	id	
ARC2	training	ef26cbf6	grid_d2	false	false	0	1	false		
ARC2	training	ef26cbf6	objects	false	false	0	1	false		
ARC2	training	ef26cbf6	grid_objects	false	false	0	1	false		
ARC2	training	458e3a53	complete	false	false	0	1	NA	id	
ARC2	training	458e3a53	grid_d2	false	false	0	1	false		
ARC2	training	458e3a53	objects	false	false	0	1	false		
ARC2	training	458e3a53	grid_objects	false	false	0	1	false		
ARC2	training	dc2aa30b	complete	false	false	0	1	NA	id	
ARC2	training	dc2aa30b	grid_d2	false	false	0	1	false		
ARC2	training	dc2aa30b	objects	false	false	0	1	false		
ARC2	training	dc2aa30b	grid_objects	false	false	0	1	false		
ARC2	training	b9b7f026	complete	false	false	0	1	NA	id	
ARC2	training	b9b7f026	grid_d2	false	false	0	1	false		
ARC2	training	b9b7f026	objects	false	false	0	1	false		
ARC2	training	b9b7f026	grid_objects	false	false	0	1	false		
ARC2	training	ac0a08a4	complete	false	false	0	1	NA	scale 3	
ARC2	training	ac0a08a4	grid_d2	false	false	0	1	false		
ARC2	training	ac0a08a4	objects	false	false	0	1	false		
ARC2	training	ac0a08a4	grid_objects	false	false	0	1	false		
ARC2	training	0520fde7	complete	true	true	1	1	NA	splitH and 2	
ARC2	training	0520fde7	grid_d2	true	true	1	1	true	splitH and 2	splitH and 2
ARC2	training	0520fde7	objects	false	false	0	1	false		
ARC2	training	0520fde7	grid_objects	true	true	1	1	true	splitH and 2	splitH and 2
ARC2	training	0607ce86	complete	false	false	0	1	NA	id	
ARC2	training	0607ce86	grid_d2	false	false	0	1	false		
ARC2	training	0607ce86	objects	false	false	0	1	false		
ARC2	training	0607ce86	grid_objects	false	false	0	1	false		
ARC2	training	ce039d91	complete	false	false	0	1	NA	id	
ARC2	training	ce039d91	grid_d2	false	false	0	1	false		
ARC2	training	ce039d91	objects	false	false	0	1	false		
ARC2	training	ce039d91	grid_objects	false	false	0	1	false		
ARC2	training	9356391f	complete	false	false	0	1	NA	id	
ARC2	training	9356391f	grid_d2	false	false	0	1	false		
ARC2	training	9356391f	objects	false	false	0	1	false		
ARC2	training	9356391f	grid_objects	false	false	0	1	false		
ARC2	training	22a4bbc2	complete	false	false	0	1	NA	id	
ARC2	training	22a4bbc2	grid_d2	false	false	0	1	false		
ARC2	training	22a4bbc2	objects	false	false	0	1	false		
ARC2	training	22a4bbc2	grid_objects	false	false	0	1	false		
ARC2	training	8a371977	complete	false	false	0	1	NA	id	
ARC2	training	8a371977	grid_d2	false	false	0	1	false		
ARC2	training	8a371977	objects	false	false	0	1	false		
ARC2	training	8a371977	grid_objects	false	false	0	1	false		
ARC2	training	d255d7a7	complete	false	false	0	1	NA	id	
ARC2	training	d255d7a7	grid_d2	false	false	0	1	false		
ARC2	training	d255d7a7	objects	false	false	0	1	false		
ARC2	training	d255d7a7	grid_objects	false	false	0	1	false		
ARC2	training	72322fa7	complete	false	false	0	1	NA	id	
ARC2	training	72322fa7	grid_d2	false	false	0	1	false		
ARC2	training	72322fa7	objects	false	false	0	1	false		
ARC2	training	72322fa7	grid_objects	false	false	0	1	false		
ARC2	training	bd4472b8	complete	false	false	0	1	NA	id	
ARC2	training	bd4472b8	grid_d2	false	false	0	1	false		
ARC2	training	bd4472b8	objects	false	false	0	1	false		
ARC2	training	bd4472b8	grid_objects	false	false	0	1	false		
ARC2	training	9caba7c3	complete	false	false	0	1	NA	id	
ARC2	training	9caba7c3	grid_d2	false	false	0	1	false		
ARC2	training	9caba7c3	objects	false	false	0	1	false		
ARC2	training	9caba7c3	grid_objects	false	false	0	1	false		
ARC2	training	a2d730bd	complete	false	false	0	1	NA	id	
ARC2	training	a2d730bd	grid_d2	false	false	0	1	false		
ARC2	training	a2d730bd	objects	false	false	0	1	false		
ARC2	training	a2d730bd	grid_objects	false	false	0	1	false		
ARC2	training	88207623	complete	false	false	0	1	NA	id	
ARC2	training	88207623	grid_d2	false	false	0	1	false		
ARC2	training	88207623	objects	false	false	0	1	false		
ARC2	training	88207623	grid_objects	false	false	0	1	false		
ARC2	training	846bdb03	complete	false	false	0	1	NA	id	
ARC2	training	846bdb03	grid_d2	false	false	0	1	false		
ARC2	training	846bdb03	objects	false	false	0	1	false		
ARC2	training	846bdb03	grid_objects	false	false	0	1	false		
ARC2	training	99caaf76	complete	false	false	0	1	NA	id	
ARC2	training	99caaf76	grid_d2	false	false	0	1	false		
ARC2	training	99caaf76	objects	false	false	0	1	false		
ARC2	training	99caaf76	grid_objects	false	false	0	1	false		
ARC2	training	45737921	complete	false	false	0	1	NA	id	
ARC2	training	45737921	grid_d2	false	false	0	1	false		
ARC2	training	45737921	objects	false	false	0	1	false		
ARC2	training	45737921	grid_objects	false	false	0	1	false		
ARC2	training	4852f2fa	complete	false	false	0	2	NA	cropLargest	
ARC2	training	4852f2fa	grid_d2	false	false	0	2	false		
ARC2	training	4852f2fa	objects	false	false	0	2	false		
ARC2	training	4852f2fa	grid_objects	false	false	0	2	false		
ARC2	training	3ee1011a	complete	false	false	0	1	NA	id	
ARC2	training	3ee1011a	grid_d2	false	false	0	1	false		
ARC2	training	3ee1011a	objects	false	false	0	1	false		
ARC2	training	3ee1011a	grid_objects	false	false	0	1	false		
ARC2	evaluation	62593bfd	complete	false	false	0	2	NA	id	
ARC2	evaluation	62593bfd	grid_d2	false	false	0	2	false		
ARC2	evaluation	62593bfd	objects	false	false	0	2	false		
ARC2	evaluation	62593bfd	grid_objects	false	false	0	2	false		
ARC2	training	df8cc377	complete	false	false	0	1	NA	id	
ARC2	training	df8cc377	grid_d2	false	false	0	1	false		
ARC2	training	df8cc377	objects	false	false	0	1	false		
ARC2	training	df8cc377	grid_objects	false	false	0	1	false		
ARC2	evaluation	53fb4810	complete	false	false	0	1	NA	id	
ARC2	evaluation	53fb4810	grid_d2	false	false	0	1	false		
ARC2	evaluation	53fb4810	objects	false	false	0	1	false		
ARC2	evaluation	53fb4810	grid_objects	false	false	0	1	false		
ARC2	evaluation	dd6b8c4b	complete	false	false	0	2	NA	id	
ARC2	evaluation	dd6b8c4b	grid_d2	false	false	0	2	false		
ARC2	evaluation	dd6b8c4b	objects	false	false	0	2	false		
ARC2	evaluation	dd6b8c4b	grid_objects	false	false	0	2	false		
ARC2	training	09c534e7	complete	false	false	0	1	NA	id	
ARC2	training	09c534e7	grid_d2	false	false	0	1	false		
ARC2	training	09c534e7	objects	false	false	0	1	false		
ARC2	training	09c534e7	grid_objects	false	false	0	1	false		
ARC2	training	b7955b3c	complete	false	false	0	2	NA	id	
ARC2	training	b7955b3c	grid_d2	false	false	0	2	false		
ARC2	training	b7955b3c	objects	false	false	0	2	false		
ARC2	training	b7955b3c	grid_objects	false	false	0	2	false		
ARC2	training	2601afb7	complete	false	false	0	1	NA	id	
ARC2	training	2601afb7	grid_d2	false	false	0	1	false		
ARC2	training	2601afb7	objects	false	false	0	1	false		
ARC2	training	2601afb7	grid_objects	false	false	0	1	false		
ARC2	training	fd02da9e	complete	false	false	0	1	NA	id	
ARC2	training	fd02da9e	grid_d2	false	false	0	1	false		
ARC2	training	fd02da9e	objects	false	false	0	1	false		
ARC2	training	fd02da9e	grid_objects	false	false	0	1	false		
ARC2	training	c35c1b4c	complete	false	false	0	1	NA	id	
ARC2	training	c35c1b4c	grid_d2	false	false	0	1	false		
ARC2	training	c35c1b4c	objects	false	false	0	1	false		
ARC2	training	c35c1b4c	grid_objects	false	false	0	1	false		
ARC2	training	31d5ba1a	complete	true	true	2	2	NA	splitV xor 6	
ARC2	training	31d5ba1a	grid_d2	true	true	2	2	true	splitV xor 6	splitV xor 6
ARC2	training	31d5ba1a	objects	false	false	0	2	false		
ARC2	training	31d5ba1a	grid_objects	true	true	2	2	true	splitV xor 6	splitV xor 6
ARC2	training	8f2ea7aa	complete	false	false	0	1	NA	id	
ARC2	training	8f2ea7aa	grid_d2	false	false	0	1	false		
ARC2	training	8f2ea7aa	objects	false	false	0	1	false		
ARC2	training	8f2ea7aa	grid_objects	false	false	0	1	false		
ARC2	training	33067df9	complete	false	false	0	1	NA	id	
ARC2	training	33067df9	grid_d2	false	false	0	1	false		
ARC2	training	33067df9	objects	false	false	0	1	false		
ARC2	training	33067df9	grid_objects	false	false	0	1	false		
ARC2	training	0b17323b	complete	false	false	0	1	NA	id	
ARC2	training	0b17323b	grid_d2	false	false	0	1	false		
ARC2	training	0b17323b	objects	false	false	0	1	false		
ARC2	training	0b17323b	grid_objects	false	false	0	1	false		
ARC2	training	228f6490	complete	false	false	0	1	NA	id	
ARC2	training	228f6490	grid_d2	false	false	0	1	false		
ARC2	training	228f6490	objects	false	false	0	1	false		
ARC2	training	228f6490	grid_objects	false	false	0	1	false		
ARC2	training	0d3d703e	complete	false	false	0	1	NA	id	
ARC2	training	0d3d703e	grid_d2	false	false	0	1	false		
ARC2	training	0d3d703e	objects	false	false	0	1	false		
ARC2	training	0d3d703e	grid_objects	false	false	0	1	false		
ARC2	training	1b8318e3	complete	false	false	0	1	NA	id	
ARC2	training	1b8318e3	grid_d2	false	false	0	1	false		
ARC2	training	1b8318e3	objects	false	false	0	1	false		
ARC2	training	1b8318e3	grid_objects	false	false	0	1	false		
ARC2	training	8e301a54	complete	false	false	0	1	NA	id	
ARC2	training	8e301a54	grid_d2	false	false	0	1	false		
ARC2	training	8e301a54	objects	false	false	0	1	false		
ARC2	training	8e301a54	grid_objects	false	false	0	1	false		
ARC2	training	981add89	complete	false	false	0	1	NA	id	
ARC2	training	981add89	grid_d2	false	false	0	1	false		
ARC2	training	981add89	objects	false	false	0	1	false		
ARC2	training	981add89	grid_objects	false	false	0	1	false		
ARC2	training	794b24be	complete	false	false	0	2	NA	id	
ARC2	training	794b24be	grid_d2	false	false	0	2	false		
ARC2	training	794b24be	objects	false	false	0	2	false		
ARC2	training	794b24be	grid_objects	false	false	0	2	false		
ARC2	training	d2abd087	complete	false	false	0	1	NA	id	
ARC2	training	d2abd087	grid_d2	false	false	0	1	false		
ARC2	training	d2abd087	objects	false	false	0	1	false		
ARC2	training	d2abd087	grid_objects	false	false	0	1	false		
ARC2	training	1e5d6875	complete	false	false	0	1	NA	id	
ARC2	training	1e5d6875	grid_d2	false	false	0	1	false		
ARC2	training	1e5d6875	objects	false	false	0	1	false		
ARC2	training	1e5d6875	grid_objects	false	false	0	1	false		
ARC2	training	a934301b	complete	false	false	0	1	NA	id	
ARC2	training	a934301b	grid_d2	false	false	0	1	false		
ARC2	training	a934301b	objects	false	false	0	1	false		
ARC2	training	a934301b	grid_objects	false	false	0	1	false		
ARC2	training	762cd429	complete	false	false	0	1	NA	id	
ARC2	training	762cd429	grid_d2	false	false	0	1	false		
ARC2	training	762cd429	objects	false	false	0	1	false		
ARC2	training	762cd429	grid_objects	false	false	0	1	false		
ARC2	training	9565186b	complete	false	false	0	1	NA	recolour 3 5 ; recolour 8 5 ; recolour 1 5	
ARC2	training	9565186b	grid_d2	false	false	0	1	false		
ARC2	training	9565186b	objects	true	true	1	1	true	modal-4-mono / All / Recolour(5) / Original	modal-4-mono / All / Recolour(5) / Original
ARC2	training	9565186b	grid_objects	true	true	1	1	true	modal-4-mono / All / Recolour(5) / Original	modal-4-mono / All / Recolour(5) / Original
ARC2	training	b27ca6d3	complete	false	false	0	1	NA	id	
ARC2	training	b27ca6d3	grid_d2	false	false	0	1	false		
ARC2	training	b27ca6d3	objects	false	false	0	1	false		
ARC2	training	b27ca6d3	grid_objects	false	false	0	1	false		
ARC2	training	f8c80d96	complete	false	false	0	1	NA	id	
ARC2	training	f8c80d96	grid_d2	false	false	0	1	false		
ARC2	training	f8c80d96	objects	false	false	0	1	false		
ARC2	training	f8c80d96	grid_objects	false	false	0	1	false		
ARC2	training	5adee1b2	complete	false	false	0	1	NA	id	
ARC2	training	5adee1b2	grid_d2	false	false	0	1	false		
ARC2	training	5adee1b2	objects	false	false	0	1	false		
ARC2	training	5adee1b2	grid_objects	false	false	0	1	false		
ARC2	training	f35d900a	complete	false	false	0	1	NA	id	
ARC2	training	f35d900a	grid_d2	false	false	0	1	false		
ARC2	training	f35d900a	objects	false	false	0	1	false		
ARC2	training	f35d900a	grid_objects	false	false	0	1	false		
ARC2	training	f9012d9b	complete	false	false	0	1	NA	id	
ARC2	training	f9012d9b	grid_d2	false	false	0	1	false		
ARC2	training	f9012d9b	objects	false	false	0	1	false		
ARC2	training	f9012d9b	grid_objects	false	false	0	1	false		
ARC2	evaluation	67e490f4	complete	false	false	0	1	NA	id	
ARC2	evaluation	67e490f4	grid_d2	false	false	0	1	false		
ARC2	evaluation	67e490f4	objects	false	false	0	1	false		
ARC2	evaluation	67e490f4	grid_objects	false	false	0	1	false		
ARC2	training	99fa7670	complete	false	false	0	1	NA	id	
ARC2	training	99fa7670	grid_d2	false	false	0	1	false		
ARC2	training	99fa7670	objects	false	false	0	1	false		
ARC2	training	99fa7670	grid_objects	false	false	0	1	false		
ARC2	training	6ad5bdfd	complete	false	false	0	1	NA	id	
ARC2	training	6ad5bdfd	grid_d2	false	false	0	1	false		
ARC2	training	6ad5bdfd	objects	false	false	0	1	false		
ARC2	training	6ad5bdfd	grid_objects	false	false	0	1	false		
ARC2	training	890034e9	complete	false	false	0	1	NA	id	
ARC2	training	890034e9	grid_d2	false	false	0	1	false		
ARC2	training	890034e9	objects	false	false	0	1	false		
ARC2	training	890034e9	grid_objects	false	false	0	1	false		
ARC2	training	d492a647	complete	false	false	0	1	NA	id	
ARC2	training	d492a647	grid_d2	false	false	0	1	false		
ARC2	training	d492a647	objects	false	false	0	1	false		
ARC2	training	d492a647	grid_objects	false	false	0	1	false		
ARC2	training	902510d5	complete	false	false	0	1	NA	id	
ARC2	training	902510d5	grid_d2	false	false	0	1	false		
ARC2	training	902510d5	objects	false	false	0	1	false		
ARC2	training	902510d5	grid_objects	false	false	0	1	false		
ARC2	training	f25fbde4	complete	true	true	1	1	NA	scale 2 ; cropBBox	
ARC2	training	f25fbde4	grid_d2	true	true	1	1	true	scale 2 ; cropBBox	scale 2 ; cropBBox
ARC2	training	f25fbde4	objects	false	false	0	1	false		
ARC2	training	f25fbde4	grid_objects	true	true	1	1	true	scale 2 ; cropBBox	scale 2 ; cropBBox
ARC2	training	6fa7a44f	complete	true	true	1	1	NA	vconcatFlip	
ARC2	training	6fa7a44f	grid_d2	true	true	1	1	true	vconcatFlip	vconcatFlip
ARC2	training	6fa7a44f	objects	false	false	0	1	false		
ARC2	training	6fa7a44f	grid_objects	true	true	1	1	true	vconcatFlip	vconcatFlip
ARC2	training	c7d4e6ad	complete	false	false	0	1	NA	id	
ARC2	training	c7d4e6ad	grid_d2	false	false	0	1	false		
ARC2	training	c7d4e6ad	objects	false	false	0	1	false		
ARC2	training	c7d4e6ad	grid_objects	false	false	0	1	false		
ARC2	training	2faf500b	complete	false	false	0	1	NA	id	
ARC2	training	2faf500b	grid_d2	false	false	0	1	false		
ARC2	training	2faf500b	objects	false	false	0	1	false		
ARC2	training	2faf500b	grid_objects	false	false	0	1	false		
ARC2	training	505fff84	complete	false	false	0	1	NA	id	
ARC2	training	505fff84	grid_d2	false	false	0	1	false		
ARC2	training	505fff84	objects	false	false	0	1	false		
ARC2	training	505fff84	grid_objects	false	false	0	1	false		
ARC2	evaluation	b5ca7ac4	complete	false	false	0	1	NA	id	
ARC2	evaluation	b5ca7ac4	grid_d2	false	false	0	1	false		
ARC2	evaluation	b5ca7ac4	objects	false	false	0	1	false		
ARC2	evaluation	b5ca7ac4	grid_objects	false	false	0	1	false		
ARC2	training	db615bd4	complete	false	false	0	1	NA	id	
ARC2	training	db615bd4	grid_d2	false	false	0	1	false		
ARC2	training	db615bd4	objects	false	false	0	1	false		
ARC2	training	db615bd4	grid_objects	false	false	0	1	false		
ARC2	training	05a7bcf2	complete	false	false	0	1	NA	id	
ARC2	training	05a7bcf2	grid_d2	false	false	0	1	false		
ARC2	training	05a7bcf2	objects	false	false	0	1	false		
ARC2	training	05a7bcf2	grid_objects	false	false	0	1	false		
ARC2	training	b1948b0a	complete	true	true	1	1	NA	recolour 6 2	
ARC2	training	b1948b0a	grid_d2	true	true	1	1	true	recolour 6 2	recolour 6 2
ARC2	training	b1948b0a	objects	true	true	1	1	true	zero-4-mono / Colour(6) / Recolour(2) / Original	zero-4-mono / Colour(6) / Recolour(2) / Original
ARC2	training	b1948b0a	grid_objects	true	true	1	1	true	recolour 6 2	recolour 6 2
ARC2	training	8403a5d5	complete	false	false	0	1	NA	id	
ARC2	training	8403a5d5	grid_d2	false	false	0	1	false		
ARC2	training	8403a5d5	objects	false	false	0	1	false		
ARC2	training	8403a5d5	grid_objects	false	false	0	1	false		
ARC2	training	705a3229	complete	false	false	0	1	NA	id	
ARC2	training	705a3229	grid_d2	false	false	0	1	false		
ARC2	training	705a3229	objects	false	false	0	1	false		
ARC2	training	705a3229	grid_objects	false	false	0	1	false		
ARC2	training	891232d6	complete	false	false	0	1	NA	id	
ARC2	training	891232d6	grid_d2	false	false	0	1	false		
ARC2	training	891232d6	objects	false	false	0	1	false		
ARC2	training	891232d6	grid_objects	false	false	0	1	false		
ARC2	training	834ec97d	complete	false	false	0	1	NA	id	
ARC2	training	834ec97d	grid_d2	false	false	0	1	false		
ARC2	training	834ec97d	objects	false	false	0	1	false		
ARC2	training	834ec97d	grid_objects	false	false	0	1	false		
ARC2	training	72a961c9	complete	false	false	0	1	NA	id	
ARC2	training	72a961c9	grid_d2	false	false	0	1	false		
ARC2	training	72a961c9	objects	false	false	0	1	false		
ARC2	training	72a961c9	grid_objects	false	false	0	1	false		
ARC2	training	d017b73f	complete	false	false	0	1	NA	id	
ARC2	training	d017b73f	grid_d2	false	false	0	1	false		
ARC2	training	d017b73f	objects	false	false	0	1	false		
ARC2	training	d017b73f	grid_objects	false	false	0	1	false		
ARC2	training	2072aba6	complete	false	false	0	1	NA	id	
ARC2	training	2072aba6	grid_d2	false	false	0	1	false		
ARC2	training	2072aba6	objects	false	false	0	1	false		
ARC2	training	2072aba6	grid_objects	false	false	0	1	false		
ARC2	training	e5790162	complete	false	false	0	1	NA	id	
ARC2	training	e5790162	grid_d2	false	false	0	1	false		
ARC2	training	e5790162	objects	false	false	0	1	false		
ARC2	training	e5790162	grid_objects	false	false	0	1	false		
ARC2	training	c3fa4749	complete	false	false	0	2	NA	id	
ARC2	training	c3fa4749	grid_d2	false	false	0	2	false		
ARC2	training	c3fa4749	objects	false	false	0	2	false		
ARC2	training	c3fa4749	grid_objects	false	false	0	2	false		
ARC2	training	6855a6e4	complete	false	false	0	1	NA	id	
ARC2	training	6855a6e4	grid_d2	false	false	0	1	false		
ARC2	training	6855a6e4	objects	false	false	0	1	false		
ARC2	training	6855a6e4	grid_objects	false	false	0	1	false		
ARC2	training	469497ad	complete	false	false	0	1	NA	id	
ARC2	training	469497ad	grid_d2	false	false	0	1	false		
ARC2	training	469497ad	objects	false	false	0	1	false		
ARC2	training	469497ad	grid_objects	false	false	0	1	false		
ARC2	training	e7639916	complete	false	false	0	1	NA	id	
ARC2	training	e7639916	grid_d2	false	false	0	1	false		
ARC2	training	e7639916	objects	false	false	0	1	false		
ARC2	training	e7639916	grid_objects	false	false	0	1	false		
ARC2	training	ba9d41b8	complete	false	false	0	1	NA	id	
ARC2	training	ba9d41b8	grid_d2	false	false	0	1	false		
ARC2	training	ba9d41b8	objects	false	false	0	1	false		
ARC2	training	ba9d41b8	grid_objects	false	false	0	1	false		
ARC2	training	184a9768	complete	false	false	0	1	NA	id	
ARC2	training	184a9768	grid_d2	false	false	0	1	false		
ARC2	training	184a9768	objects	false	false	0	1	false		
ARC2	training	184a9768	grid_objects	false	false	0	1	false		
ARC2	training	8ee62060	complete	false	false	0	1	NA	id	
ARC2	training	8ee62060	grid_d2	false	false	0	1	false		
ARC2	training	8ee62060	objects	false	false	0	1	false		
ARC2	training	8ee62060	grid_objects	false	false	0	1	false		
ARC2	training	5a719d11	complete	false	false	0	1	NA	id	
ARC2	training	5a719d11	grid_d2	false	false	0	1	false		
ARC2	training	5a719d11	objects	false	false	0	1	false		
ARC2	training	5a719d11	grid_objects	false	false	0	1	false		
ARC2	training	11dc524f	complete	false	false	0	1	NA	id	
ARC2	training	11dc524f	grid_d2	false	false	0	1	false		
ARC2	training	11dc524f	objects	false	false	0	1	false		
ARC2	training	11dc524f	grid_objects	false	false	0	1	false		
ARC2	training	e98196ab	complete	false	false	0	1	NA	id	
ARC2	training	e98196ab	grid_d2	false	false	0	1	false		
ARC2	training	e98196ab	objects	false	false	0	1	false		
ARC2	training	e98196ab	grid_objects	false	false	0	1	false		
ARC2	training	27a77e38	complete	false	false	0	1	NA	id	
ARC2	training	27a77e38	grid_d2	false	false	0	1	false		
ARC2	training	27a77e38	objects	false	false	0	1	false		
ARC2	training	27a77e38	grid_objects	false	false	0	1	false		
ARC2	training	007bbfb7	complete	false	false	0	1	NA	id	
ARC2	training	007bbfb7	grid_d2	false	false	0	1	false		
ARC2	training	007bbfb7	objects	false	false	0	1	false		
ARC2	training	007bbfb7	grid_objects	false	false	0	1	false		
ARC2	training	1c0d0a4b	complete	false	false	0	1	NA	id	
ARC2	training	1c0d0a4b	grid_d2	false	false	0	1	false		
ARC2	training	1c0d0a4b	objects	false	false	0	1	false		
ARC2	training	1c0d0a4b	grid_objects	false	false	0	1	false		
ARC2	training	6b9890af	complete	false	false	0	1	NA	id	
ARC2	training	6b9890af	grid_d2	false	false	0	1	false		
ARC2	training	6b9890af	objects	false	false	0	1	false		
ARC2	training	6b9890af	grid_objects	false	false	0	1	false		
ARC2	evaluation	58f5dbd5	complete	false	false	0	1	NA	id	
ARC2	evaluation	58f5dbd5	grid_d2	false	false	0	1	false		
ARC2	evaluation	58f5dbd5	objects	false	false	0	1	false		
ARC2	evaluation	58f5dbd5	grid_objects	false	false	0	1	false		
ARC2	training	a61f2674	complete	false	false	0	1	NA	id	
ARC2	training	a61f2674	grid_d2	false	false	0	1	false		
ARC2	training	a61f2674	objects	false	false	0	1	false		
ARC2	training	a61f2674	grid_objects	false	false	0	1	false		
ARC2	training	22168020	complete	false	false	0	1	NA	id	
ARC2	training	22168020	grid_d2	false	false	0	1	false		
ARC2	training	22168020	objects	false	false	0	1	false		
ARC2	training	22168020	grid_objects	false	false	0	1	false		
ARC2	training	03560426	complete	false	false	0	1	NA	id	
ARC2	training	03560426	grid_d2	false	false	0	1	false		
ARC2	training	03560426	objects	false	false	0	1	false		
ARC2	training	03560426	grid_objects	false	false	0	1	false		
ARC2	training	e760a62e	complete	false	false	0	1	NA	id	
ARC2	training	e760a62e	grid_d2	false	false	0	1	false		
ARC2	training	e760a62e	objects	false	false	0	1	false		
ARC2	training	e760a62e	grid_objects	false	false	0	1	false		
ARC2	training	9772c176	complete	false	false	0	1	NA	id	
ARC2	training	9772c176	grid_d2	false	false	0	1	false		
ARC2	training	9772c176	objects	false	false	0	1	false		
ARC2	training	9772c176	grid_objects	false	false	0	1	false		
ARC2	training	18286ef8	complete	false	false	0	1	NA	id	
ARC2	training	18286ef8	grid_d2	false	false	0	1	false		
ARC2	training	18286ef8	objects	false	false	0	1	false		
ARC2	training	18286ef8	grid_objects	false	false	0	1	false		
ARC2	evaluation	409aa875	complete	false	false	0	1	NA	id	
ARC2	evaluation	409aa875	grid_d2	false	false	0	1	false		
ARC2	evaluation	409aa875	objects	false	false	0	1	false		
ARC2	evaluation	409aa875	grid_objects	false	false	0	1	false		
ARC2	training	e0fb7511	complete	false	false	0	1	NA	id	
ARC2	training	e0fb7511	grid_d2	false	false	0	1	false		
ARC2	training	e0fb7511	objects	false	false	0	1	false		
ARC2	training	e0fb7511	grid_objects	false	false	0	1	false		
ARC2	evaluation	eee78d87	complete	false	false	0	1	NA	id	
ARC2	evaluation	eee78d87	grid_d2	false	false	0	1	false		
ARC2	evaluation	eee78d87	objects	false	false	0	1	false		
ARC2	evaluation	eee78d87	grid_objects	false	false	0	1	false		
ARC2	training	ce602527	complete	false	false	0	1	NA	id	
ARC2	training	ce602527	grid_d2	false	false	0	1	false		
ARC2	training	ce602527	objects	false	false	0	1	false		
ARC2	training	ce602527	grid_objects	false	false	0	1	false		
ARC2	training	12422b43	complete	false	false	0	1	NA	id	
ARC2	training	12422b43	grid_d2	false	false	0	1	false		
ARC2	training	12422b43	objects	false	false	0	1	false		
ARC2	training	12422b43	grid_objects	false	false	0	1	false		
ARC2	training	09629e4f	complete	false	false	0	1	NA	id	
ARC2	training	09629e4f	grid_d2	false	false	0	1	false		
ARC2	training	09629e4f	objects	false	false	0	1	false		
ARC2	training	09629e4f	grid_objects	false	false	0	1	false		
ARC2	training	e50d258f	complete	false	false	0	1	NA	leftHalf ; cropSmallest	
ARC2	training	e50d258f	grid_d2	false	false	0	1	false		
ARC2	training	e50d258f	objects	false	false	0	1	false		
ARC2	training	e50d258f	grid_objects	false	false	0	1	false		
ARC2	training	3d588dc9	complete	false	false	0	1	NA	id	
ARC2	training	3d588dc9	grid_d2	false	false	0	1	false		
ARC2	training	3d588dc9	objects	false	false	0	1	false		
ARC2	training	3d588dc9	grid_objects	false	false	0	1	false		
ARC2	evaluation	de809cff	complete	false	false	0	1	NA	id	
ARC2	evaluation	de809cff	grid_d2	false	false	0	1	false		
ARC2	evaluation	de809cff	objects	false	false	0	1	false		
ARC2	evaluation	de809cff	grid_objects	false	false	0	1	false		
ARC2	training	ad173014	complete	false	false	0	1	NA	id	
ARC2	training	ad173014	grid_d2	false	false	0	1	false		
ARC2	training	ad173014	objects	false	false	0	1	false		
ARC2	training	ad173014	grid_objects	false	false	0	1	false		
ARC2	training	67a423a3	complete	false	false	0	1	NA	id	
ARC2	training	67a423a3	grid_d2	false	false	0	1	false		
ARC2	training	67a423a3	objects	false	false	0	1	false		
ARC2	training	67a423a3	grid_objects	false	false	0	1	false		
ARC2	training	e76a88a6	complete	false	false	0	1	NA	id	
ARC2	training	e76a88a6	grid_d2	false	false	0	1	false		
ARC2	training	e76a88a6	objects	false	false	0	1	false		
ARC2	training	e76a88a6	grid_objects	false	false	0	1	false		
ARC2	training	782b5218	complete	false	false	0	1	NA	id	
ARC2	training	782b5218	grid_d2	false	false	0	1	false		
ARC2	training	782b5218	objects	false	false	0	1	false		
ARC2	training	782b5218	grid_objects	false	false	0	1	false		
ARC2	evaluation	89565ca0	complete	false	false	0	1	NA	id	
ARC2	evaluation	89565ca0	grid_d2	false	false	0	1	false		
ARC2	evaluation	89565ca0	objects	false	false	0	1	false		
ARC2	evaluation	89565ca0	grid_objects	false	false	0	1	false		
ARC2	training	31adaf00	complete	false	false	0	1	NA	id	
ARC2	training	31adaf00	grid_d2	false	false	0	1	false		
ARC2	training	31adaf00	objects	false	false	0	1	false		
ARC2	training	31adaf00	grid_objects	false	false	0	1	false		
ARC2	training	ed36ccf7	complete	true	true	1	1	NA	rot270	
ARC2	training	ed36ccf7	grid_d2	true	true	1	1	true	rot270	rot270
ARC2	training	ed36ccf7	objects	false	false	0	1	false		
ARC2	training	ed36ccf7	grid_objects	true	true	1	1	true	rot270	rot270
ARC2	training	34b99a2b	complete	true	true	1	1	NA	splitH xor 2	
ARC2	training	34b99a2b	grid_d2	true	true	1	1	true	splitH xor 2	splitH xor 2
ARC2	training	34b99a2b	objects	false	false	0	1	false		
ARC2	training	34b99a2b	grid_objects	true	true	1	1	true	splitH xor 2	splitH xor 2
ARC2	training	2ccd9fef	complete	false	false	0	2	NA	id	
ARC2	training	2ccd9fef	grid_d2	false	false	0	2	false		
ARC2	training	2ccd9fef	objects	false	false	0	2	false		
ARC2	training	2ccd9fef	grid_objects	false	false	0	2	false		
ARC2	training	3bdb4ada	complete	false	false	0	1	NA	id	
ARC2	training	3bdb4ada	grid_d2	false	false	0	1	false		
ARC2	training	3bdb4ada	objects	false	false	0	1	false		
ARC2	training	3bdb4ada	grid_objects	false	false	0	1	false		
ARC2	training	fcc82909	complete	false	false	0	1	NA	id	
ARC2	training	fcc82909	grid_d2	false	false	0	1	false		
ARC2	training	fcc82909	objects	false	false	0	1	false		
ARC2	training	fcc82909	grid_objects	false	false	0	1	false		
ARC2	training	b91ae062	complete	false	false	0	1	NA	scale 3	
ARC2	training	b91ae062	grid_d2	false	false	0	1	false		
ARC2	training	b91ae062	objects	false	false	0	1	false		
ARC2	training	b91ae062	grid_objects	false	false	0	1	false		
ARC2	training	025d127b	complete	false	false	0	1	NA	id	
ARC2	training	025d127b	grid_d2	false	false	0	1	false		
ARC2	training	025d127b	objects	false	false	0	1	false		
ARC2	training	025d127b	grid_objects	false	false	0	1	false		
ARC2	training	d4469b4b	complete	false	false	0	2	NA	id	
ARC2	training	d4469b4b	grid_d2	false	false	0	2	false		
ARC2	training	d4469b4b	objects	false	false	0	2	false		
ARC2	training	d4469b4b	grid_objects	false	false	0	2	false		
ARC2	training	212895b5	complete	false	false	0	1	NA	id	
ARC2	training	212895b5	grid_d2	false	false	0	1	false		
ARC2	training	212895b5	objects	false	false	0	1	false		
ARC2	training	212895b5	grid_objects	false	false	0	1	false		
ARC2	training	af24b4cc	complete	false	false	0	1	NA	id	
ARC2	training	af24b4cc	grid_d2	false	false	0	1	false		
ARC2	training	af24b4cc	objects	false	false	0	1	false		
ARC2	training	af24b4cc	grid_objects	false	false	0	1	false		
ARC2	evaluation	d59b0160	complete	false	false	0	1	NA	id	
ARC2	evaluation	d59b0160	grid_d2	false	false	0	1	false		
ARC2	evaluation	d59b0160	objects	false	false	0	1	false		
ARC2	evaluation	d59b0160	grid_objects	false	false	0	1	false		
ARC2	training	8e5a5113	complete	false	false	0	1	NA	id	
ARC2	training	8e5a5113	grid_d2	false	false	0	1	false		
ARC2	training	8e5a5113	objects	false	false	0	1	false		
ARC2	training	8e5a5113	grid_objects	false	false	0	1	false		
ARC2	training	4258a5f9	complete	true	true	1	1	NA	box 1	
ARC2	training	4258a5f9	grid_d2	true	true	1	1	true	box 1	box 1
ARC2	training	4258a5f9	objects	false	false	0	1	false		
ARC2	training	4258a5f9	grid_objects	true	true	1	1	true	box 1	box 1
ARC2	training	1e0a9b12	complete	true	true	1	1	NA	gravityDown	
ARC2	training	1e0a9b12	grid_d2	true	true	1	1	true	gravityDown	gravityDown
ARC2	training	1e0a9b12	objects	false	false	0	1	false		
ARC2	training	1e0a9b12	grid_objects	true	true	1	1	true	gravityDown	gravityDown
ARC2	evaluation	221dfab4	complete	false	false	0	2	NA	id	
ARC2	evaluation	221dfab4	grid_d2	false	false	0	2	false		
ARC2	evaluation	221dfab4	objects	false	false	0	2	false		
ARC2	evaluation	221dfab4	grid_objects	false	false	0	2	false		
ARC2	training	5582e5ca	complete	true	true	1	1	NA	majorityFill	
ARC2	training	5582e5ca	grid_d2	true	true	1	1	true	majorityFill	majorityFill
ARC2	training	5582e5ca	objects	true	true	1	1	true	modal-4-mono / All / Erase / Original	modal-4-mono / All / Erase / Original
ARC2	training	5582e5ca	grid_objects	true	true	1	1	true	majorityFill	majorityFill
ARC2	training	f0afb749	complete	false	false	0	1	NA	id	
ARC2	training	f0afb749	grid_d2	false	false	0	1	false		
ARC2	training	f0afb749	objects	false	false	0	1	false		
ARC2	training	f0afb749	grid_objects	false	false	0	1	false		
ARC2	training	eb5a1d5d	complete	true	true	1	1	NA	dedupRows ; dedupCols	
ARC2	training	eb5a1d5d	grid_d2	true	true	1	1	true	dedupRows ; dedupCols	dedupRows ; dedupCols
ARC2	training	eb5a1d5d	objects	false	false	0	1	false		
ARC2	training	eb5a1d5d	grid_objects	true	true	1	1	true	dedupRows ; dedupCols	dedupRows ; dedupCols
ARC2	training	db118e2a	complete	false	false	0	1	NA	id	
ARC2	training	db118e2a	grid_d2	false	false	0	1	false		
ARC2	training	db118e2a	objects	false	false	0	1	false		
ARC2	training	db118e2a	grid_objects	false	false	0	1	false		
ARC2	training	d037b0a7	complete	false	false	0	1	NA	id	
ARC2	training	d037b0a7	grid_d2	false	false	0	1	false		
ARC2	training	d037b0a7	objects	false	false	0	1	false		
ARC2	training	d037b0a7	grid_objects	false	false	0	1	false		
ARC2	training	dc433765	complete	false	false	0	2	NA	id	
ARC2	training	dc433765	grid_d2	false	false	0	2	false		
ARC2	training	dc433765	objects	false	false	0	2	false		
ARC2	training	dc433765	grid_objects	false	false	0	2	false		
ARC2	training	2f0c5170	complete	false	false	0	1	NA	id	
ARC2	training	2f0c5170	grid_d2	false	false	0	1	false		
ARC2	training	2f0c5170	objects	false	false	0	1	false		
ARC2	training	2f0c5170	grid_objects	false	false	0	1	false		
ARC2	training	cb227835	complete	false	false	0	1	NA	id	
ARC2	training	cb227835	grid_d2	false	false	0	1	false		
ARC2	training	cb227835	objects	false	false	0	1	false		
ARC2	training	cb227835	grid_objects	false	false	0	1	false		
ARC2	training	c6141b15	complete	false	false	0	1	NA	id	
ARC2	training	c6141b15	grid_d2	false	false	0	1	false		
ARC2	training	c6141b15	objects	false	false	0	1	false		
ARC2	training	c6141b15	grid_objects	false	false	0	1	false		
ARC2	training	4df5b0ae	complete	false	false	0	1	NA	id	
ARC2	training	4df5b0ae	grid_d2	false	false	0	1	false		
ARC2	training	4df5b0ae	objects	false	false	0	1	false		
ARC2	training	4df5b0ae	grid_objects	false	false	0	1	false		
ARC2	evaluation	7c66cb00	complete	false	false	0	1	NA	id	
ARC2	evaluation	7c66cb00	grid_d2	false	false	0	1	false		
ARC2	evaluation	7c66cb00	objects	false	false	0	1	false		
ARC2	evaluation	7c66cb00	grid_objects	false	false	0	1	false		
ARC2	training	e619ca6e	complete	false	false	0	1	NA	id	
ARC2	training	e619ca6e	grid_d2	false	false	0	1	false		
ARC2	training	e619ca6e	objects	false	false	0	1	false		
ARC2	training	e619ca6e	grid_objects	false	false	0	1	false		
ARC2	training	c9e6f938	complete	true	true	1	1	NA	hconcatFlip	
ARC2	training	c9e6f938	grid_d2	true	true	1	1	true	hconcatFlip	hconcatFlip
ARC2	training	c9e6f938	objects	false	false	0	1	false		
ARC2	training	c9e6f938	grid_objects	true	true	1	1	true	hconcatFlip	hconcatFlip
ARC2	training	3b4c2228	complete	false	false	0	2	NA	id	
ARC2	training	3b4c2228	grid_d2	false	false	0	2	false		
ARC2	training	3b4c2228	objects	false	false	0	2	false		
ARC2	training	3b4c2228	grid_objects	false	false	0	2	false		
ARC2	training	cfb2ce5a	complete	false	false	0	1	NA	id	
ARC2	training	cfb2ce5a	grid_d2	false	false	0	1	false		
ARC2	training	cfb2ce5a	objects	false	false	0	1	false		
ARC2	training	cfb2ce5a	grid_objects	false	false	0	1	false		
ARC2	training	62ab2642	complete	false	false	0	1	NA	id	
ARC2	training	62ab2642	grid_d2	false	false	0	1	false		
ARC2	training	62ab2642	objects	false	false	0	1	false		
ARC2	training	62ab2642	grid_objects	false	false	0	1	false		
ARC2	training	d5c634a2	complete	false	false	0	2	NA	id	
ARC2	training	d5c634a2	grid_d2	false	false	0	2	false		
ARC2	training	d5c634a2	objects	false	false	0	2	false		
ARC2	training	d5c634a2	grid_objects	false	false	0	2	false		
ARC2	evaluation	c4d067a0	complete	false	false	0	1	NA	id	
ARC2	evaluation	c4d067a0	grid_d2	false	false	0	1	false		
ARC2	evaluation	c4d067a0	objects	false	false	0	1	false		
ARC2	evaluation	c4d067a0	grid_objects	false	false	0	1	false		
ARC2	evaluation	db695cfb	complete	false	false	0	1	NA	id	
ARC2	evaluation	db695cfb	grid_d2	false	false	0	1	false		
ARC2	evaluation	db695cfb	objects	false	false	0	1	false		
ARC2	evaluation	db695cfb	grid_objects	false	false	0	1	false		
ARC2	evaluation	20a9e565	complete	false	false	0	2	NA	id	
ARC2	evaluation	20a9e565	grid_d2	false	false	0	2	false		
ARC2	evaluation	20a9e565	objects	false	false	0	2	false		
ARC2	evaluation	20a9e565	grid_objects	false	false	0	2	false		
ARC2	training	7c8af763	complete	false	false	0	1	NA	id	
ARC2	training	7c8af763	grid_d2	false	false	0	1	false		
ARC2	training	7c8af763	objects	false	false	0	1	false		
ARC2	training	7c8af763	grid_objects	false	false	0	1	false		
ARC2	training	6bcdb01e	complete	false	false	0	1	NA	id	
ARC2	training	6bcdb01e	grid_d2	false	false	0	1	false		
ARC2	training	6bcdb01e	objects	false	false	0	1	false		
ARC2	training	6bcdb01e	grid_objects	false	false	0	1	false		
ARC2	training	a834deea	complete	false	false	0	1	NA	id	
ARC2	training	a834deea	grid_d2	false	false	0	1	false		
ARC2	training	a834deea	objects	false	false	0	1	false		
ARC2	training	a834deea	grid_objects	false	false	0	1	false		
ARC2	evaluation	64efde09	complete	false	false	0	1	NA	id	
ARC2	evaluation	64efde09	grid_d2	false	false	0	1	false		
ARC2	evaluation	64efde09	objects	false	false	0	1	false		
ARC2	evaluation	64efde09	grid_objects	false	false	0	1	false		
ARC2	training	dce56571	complete	false	false	0	1	NA	id	
ARC2	training	dce56571	grid_d2	false	false	0	1	false		
ARC2	training	dce56571	objects	false	false	0	1	false		
ARC2	training	dce56571	grid_objects	false	false	0	1	false		
ARC2	training	c3e719e8	complete	false	false	0	1	NA	id	
ARC2	training	c3e719e8	grid_d2	false	false	0	1	false		
ARC2	training	c3e719e8	objects	false	false	0	1	false		
ARC2	training	c3e719e8	grid_objects	false	false	0	1	false		
ARC2	training	abbfd121	complete	false	false	0	1	NA	id	
ARC2	training	abbfd121	grid_d2	false	false	0	1	false		
ARC2	training	abbfd121	objects	false	false	0	1	false		
ARC2	training	abbfd121	grid_objects	false	false	0	1	false		
ARC2	training	f15e1fac	complete	false	false	0	1	NA	id	
ARC2	training	f15e1fac	grid_d2	false	false	0	1	false		
ARC2	training	f15e1fac	objects	false	false	0	1	false		
ARC2	training	f15e1fac	grid_objects	false	false	0	1	false		
ARC2	training	ded97339	complete	false	false	0	1	NA	id	
ARC2	training	ded97339	grid_d2	false	false	0	1	false		
ARC2	training	ded97339	objects	false	false	0	1	false		
ARC2	training	ded97339	grid_objects	false	false	0	1	false		
ARC2	training	3d6c6e23	complete	false	false	0	1	NA	id	
ARC2	training	3d6c6e23	grid_d2	false	false	0	1	false		
ARC2	training	3d6c6e23	objects	false	false	0	1	false		
ARC2	training	3d6c6e23	grid_objects	false	false	0	1	false		
ARC2	training	d6542281	complete	false	false	0	2	NA	id	
ARC2	training	d6542281	grid_d2	false	false	0	2	false		
ARC2	training	d6542281	objects	false	false	0	2	false		
ARC2	training	d6542281	grid_objects	false	false	0	2	false		
ARC2	training	be03b35f	complete	false	false	0	1	NA	id	
ARC2	training	be03b35f	grid_d2	false	false	0	1	false		
ARC2	training	be03b35f	objects	false	false	0	1	false		
ARC2	training	be03b35f	grid_objects	false	false	0	1	false		
ARC2	evaluation	271d71e2	complete	false	false	0	1	NA	id	
ARC2	evaluation	271d71e2	grid_d2	false	false	0	1	false		
ARC2	evaluation	271d71e2	objects	false	false	0	1	false		
ARC2	evaluation	271d71e2	grid_objects	false	false	0	1	false		
ARC2	training	7953d61e	complete	false	false	0	1	NA	id	
ARC2	training	7953d61e	grid_d2	false	false	0	1	false		
ARC2	training	7953d61e	objects	false	false	0	1	false		
ARC2	training	7953d61e	grid_objects	false	false	0	1	false		
ARC2	training	d10ecb37	complete	false	false	0	1	NA	id	
ARC2	training	d10ecb37	grid_d2	false	false	0	1	false		
ARC2	training	d10ecb37	objects	false	false	0	1	false		
ARC2	training	d10ecb37	grid_objects	false	false	0	1	false		
ARC2	evaluation	7666fa5d	complete	false	false	0	1	NA	id	
ARC2	evaluation	7666fa5d	grid_d2	false	false	0	1	false		
ARC2	evaluation	7666fa5d	objects	false	false	0	1	false		
ARC2	evaluation	7666fa5d	grid_objects	false	false	0	1	false		
ARC2	training	56ff96f3	complete	false	false	0	1	NA	id	
ARC2	training	56ff96f3	grid_d2	false	false	0	1	false		
ARC2	training	56ff96f3	objects	false	false	0	1	false		
ARC2	training	56ff96f3	grid_objects	false	false	0	1	false		
ARC2	training	5521c0d9	complete	false	false	0	1	NA	id	
ARC2	training	5521c0d9	grid_d2	false	false	0	1	false		
ARC2	training	5521c0d9	objects	false	false	0	1	false		
ARC2	training	5521c0d9	grid_objects	false	false	0	1	false		
ARC2	training	1caeab9d	complete	false	false	0	1	NA	id	
ARC2	training	1caeab9d	grid_d2	false	false	0	1	false		
ARC2	training	1caeab9d	objects	false	false	0	1	false		
ARC2	training	1caeab9d	grid_objects	false	false	0	1	false		
ARC2	training	f0f8a26d	complete	false	false	0	1	NA	id	
ARC2	training	f0f8a26d	grid_d2	false	false	0	1	false		
ARC2	training	f0f8a26d	objects	false	false	0	1	false		
ARC2	training	f0f8a26d	grid_objects	false	false	0	1	false		
ARC2	training	d13f3404	complete	false	false	0	1	NA	id	
ARC2	training	d13f3404	grid_d2	false	false	0	1	false		
ARC2	training	d13f3404	objects	false	false	0	1	false		
ARC2	training	d13f3404	grid_objects	false	false	0	1	false		
ARC2	training	8eb1be9a	complete	false	false	0	1	NA	id	
ARC2	training	8eb1be9a	grid_d2	false	false	0	1	false		
ARC2	training	8eb1be9a	objects	false	false	0	1	false		
ARC2	training	8eb1be9a	grid_objects	false	false	0	1	false		
ARC2	training	447fd412	complete	false	false	0	1	NA	id	
ARC2	training	447fd412	grid_d2	false	false	0	1	false		
ARC2	training	447fd412	objects	false	false	0	1	false		
ARC2	training	447fd412	grid_objects	false	false	0	1	false		
ARC2	training	b1986d4b	complete	false	false	0	1	NA	id	
ARC2	training	b1986d4b	grid_d2	false	false	0	1	false		
ARC2	training	b1986d4b	objects	false	false	0	1	false		
ARC2	training	b1986d4b	grid_objects	false	false	0	1	false		
ARC2	training	68bc2e87	complete	false	false	0	1	NA	id	
ARC2	training	68bc2e87	grid_d2	false	false	0	1	false		
ARC2	training	68bc2e87	objects	false	false	0	1	false		
ARC2	training	68bc2e87	grid_objects	false	false	0	1	false		
ARC2	training	9f27f097	complete	false	false	0	1	NA	id	
ARC2	training	9f27f097	grid_d2	false	false	0	1	false		
ARC2	training	9f27f097	objects	false	false	0	1	false		
ARC2	training	9f27f097	grid_objects	false	false	0	1	false		
ARC2	training	1d398264	complete	false	false	0	2	NA	id	
ARC2	training	1d398264	grid_d2	false	false	0	2	false		
ARC2	training	1d398264	objects	false	false	0	2	false		
ARC2	training	1d398264	grid_objects	false	false	0	2	false		
ARC2	training	278e5215	complete	false	false	0	1	NA	id	
ARC2	training	278e5215	grid_d2	false	false	0	1	false		
ARC2	training	278e5215	objects	false	false	0	1	false		
ARC2	training	278e5215	grid_objects	false	false	0	1	false		
ARC2	training	bc4146bd	complete	false	false	0	1	NA	id	
ARC2	training	bc4146bd	grid_d2	false	false	0	1	false		
ARC2	training	bc4146bd	objects	false	false	0	1	false		
ARC2	training	bc4146bd	grid_objects	false	false	0	1	false		
ARC2	evaluation	cb2d8a2c	complete	false	false	0	2	NA	id	
ARC2	evaluation	cb2d8a2c	grid_d2	false	false	0	2	false		
ARC2	evaluation	cb2d8a2c	objects	false	false	0	2	false		
ARC2	evaluation	cb2d8a2c	grid_objects	false	false	0	2	false		
ARC2	training	3391f8c0	complete	false	false	0	1	NA	id	
ARC2	training	3391f8c0	grid_d2	false	false	0	1	false		
ARC2	training	3391f8c0	objects	false	false	0	1	false		
ARC2	training	3391f8c0	grid_objects	false	false	0	1	false		
ARC2	evaluation	13e47133	complete	false	false	0	2	NA	id	
ARC2	evaluation	13e47133	grid_d2	false	false	0	2	false		
ARC2	evaluation	13e47133	objects	false	false	0	2	false		
ARC2	evaluation	13e47133	grid_objects	false	false	0	2	false		
ARC2	training	83b6b474	complete	false	false	0	1	NA	id	
ARC2	training	83b6b474	grid_d2	false	false	0	1	false		
ARC2	training	83b6b474	objects	false	false	0	1	false		
ARC2	training	83b6b474	grid_objects	false	false	0	1	false		
ARC2	training	5783df64	complete	false	false	0	1	NA	id	
ARC2	training	5783df64	grid_d2	false	false	0	1	false		
ARC2	training	5783df64	objects	false	false	0	1	false		
ARC2	training	5783df64	grid_objects	false	false	0	1	false		
ARC2	training	84ba50d3	complete	false	false	0	1	NA	id	
ARC2	training	84ba50d3	grid_d2	false	false	0	1	false		
ARC2	training	84ba50d3	objects	false	false	0	1	false		
ARC2	training	84ba50d3	grid_objects	false	false	0	1	false		
ARC2	training	3618c87e	complete	false	false	0	1	NA	id	
ARC2	training	3618c87e	grid_d2	false	false	0	1	false		
ARC2	training	3618c87e	objects	false	false	0	1	false		
ARC2	training	3618c87e	grid_objects	false	false	0	1	false		
ARC2	training	ac2e8ecf	complete	false	false	0	1	NA	id	
ARC2	training	ac2e8ecf	grid_d2	false	false	0	1	false		
ARC2	training	ac2e8ecf	objects	false	false	0	1	false		
ARC2	training	ac2e8ecf	grid_objects	false	false	0	1	false		
ARC2	training	7ec998c9	complete	false	false	0	1	NA	id	
ARC2	training	7ec998c9	grid_d2	false	false	0	1	false		
ARC2	training	7ec998c9	objects	false	false	0	1	false		
ARC2	training	7ec998c9	grid_objects	false	false	0	1	false		
ARC2	training	551d5bf1	complete	false	false	0	1	NA	id	
ARC2	training	551d5bf1	grid_d2	false	false	0	1	false		
ARC2	training	551d5bf1	objects	false	false	0	1	false		
ARC2	training	551d5bf1	grid_objects	false	false	0	1	false		
ARC2	training	103eff5b	complete	false	false	0	1	NA	id	
ARC2	training	103eff5b	grid_d2	false	false	0	1	false		
ARC2	training	103eff5b	objects	false	false	0	1	false		
ARC2	training	103eff5b	grid_objects	false	false	0	1	false		
ARC2	training	917bccba	complete	false	false	0	1	NA	id	
ARC2	training	917bccba	grid_d2	false	false	0	1	false		
ARC2	training	917bccba	objects	false	false	0	1	false		
ARC2	training	917bccba	grid_objects	false	false	0	1	false		
ARC2	training	32e9702f	complete	true	true	1	1	NA	shiftLeft ; recolour 0 5	
ARC2	training	32e9702f	grid_d2	true	true	1	1	true	shiftLeft ; recolour 0 5	shiftLeft ; recolour 0 5
ARC2	training	32e9702f	objects	false	false	0	1	false		
ARC2	training	32e9702f	grid_objects	true	true	1	1	true	shiftLeft ; recolour 0 5	shiftLeft ; recolour 0 5
ARC2	training	46c35fc7	complete	false	false	0	1	NA	id	
ARC2	training	46c35fc7	grid_d2	false	false	0	1	false		
ARC2	training	46c35fc7	objects	false	false	0	1	false		
ARC2	training	46c35fc7	grid_objects	false	false	0	1	false		
ARC2	training	d06dbe63	complete	false	false	0	1	NA	id	
ARC2	training	d06dbe63	grid_d2	false	false	0	1	false		
ARC2	training	d06dbe63	objects	false	false	0	1	false		
ARC2	training	d06dbe63	grid_objects	false	false	0	1	false		
ARC2	training	1d0a4b61	complete	false	false	0	1	NA	symmetrizeH ; recolour 0 1	
ARC2	training	1d0a4b61	grid_d2	false	false	0	1	false		
ARC2	training	1d0a4b61	objects	false	false	0	1	false		
ARC2	training	1d0a4b61	grid_objects	false	false	0	1	false		
ARC2	training	3906de3d	complete	false	false	0	1	NA	id	
ARC2	training	3906de3d	grid_d2	false	false	0	1	false		
ARC2	training	3906de3d	objects	false	false	0	1	false		
ARC2	training	3906de3d	grid_objects	false	false	0	1	false		
ARC2	training	ae58858e	complete	false	false	0	1	NA	id	
ARC2	training	ae58858e	grid_d2	false	false	0	1	false		
ARC2	training	ae58858e	objects	false	false	0	1	false		
ARC2	training	ae58858e	grid_objects	false	false	0	1	false		
ARC2	training	bb52a14b	complete	false	false	0	1	NA	id	
ARC2	training	bb52a14b	grid_d2	false	false	0	1	false		
ARC2	training	bb52a14b	objects	false	false	0	1	false		
ARC2	training	bb52a14b	grid_objects	false	false	0	1	false		
ARC2	training	759f3fd3	complete	false	false	0	1	NA	id	
ARC2	training	759f3fd3	grid_d2	false	false	0	1	false		
ARC2	training	759f3fd3	objects	false	false	0	1	false		
ARC2	training	759f3fd3	grid_objects	false	false	0	1	false		
ARC2	evaluation	c7f57c3e	complete	false	false	0	1	NA	id	
ARC2	evaluation	c7f57c3e	grid_d2	false	false	0	1	false		
ARC2	evaluation	c7f57c3e	objects	false	false	0	1	false		
ARC2	evaluation	c7f57c3e	grid_objects	false	false	0	1	false		
ARC2	evaluation	2b83f449	complete	false	false	0	1	NA	id	
ARC2	evaluation	2b83f449	grid_d2	false	false	0	1	false		
ARC2	evaluation	2b83f449	objects	false	false	0	1	false		
ARC2	evaluation	2b83f449	grid_objects	false	false	0	1	false		
ARC2	training	470c91de	complete	false	false	0	1	NA	id	
ARC2	training	470c91de	grid_d2	false	false	0	1	false		
ARC2	training	470c91de	objects	false	false	0	1	false		
ARC2	training	470c91de	grid_objects	false	false	0	1	false		
ARC2	training	4c177718	complete	false	false	0	2	NA	id	
ARC2	training	4c177718	grid_d2	false	false	0	2	false		
ARC2	training	4c177718	objects	false	false	0	2	false		
ARC2	training	4c177718	grid_objects	false	false	0	2	false		
ARC2	training	1efba499	complete	false	false	0	1	NA	id	
ARC2	training	1efba499	grid_d2	false	false	0	1	false		
ARC2	training	1efba499	objects	false	false	0	1	false		
ARC2	training	1efba499	grid_objects	false	false	0	1	false		
ARC2	training	770cc55f	complete	false	false	0	1	NA	id	
ARC2	training	770cc55f	grid_d2	false	false	0	1	false		
ARC2	training	770cc55f	objects	false	false	0	1	false		
ARC2	training	770cc55f	grid_objects	false	false	0	1	false		
ARC2	training	009d5c81	complete	false	false	0	1	NA	id	
ARC2	training	009d5c81	grid_d2	false	false	0	1	false		
ARC2	training	009d5c81	objects	false	false	0	1	false		
ARC2	training	009d5c81	grid_objects	false	false	0	1	false		
ARC2	training	264363fd	complete	false	false	0	1	NA	id	
ARC2	training	264363fd	grid_d2	false	false	0	1	false		
ARC2	training	264363fd	objects	false	false	0	1	false		
ARC2	training	264363fd	grid_objects	false	false	0	1	false		
ARC2	training	ac605cbb	complete	false	false	0	1	NA	id	
ARC2	training	ac605cbb	grid_d2	false	false	0	1	false		
ARC2	training	ac605cbb	objects	false	false	0	1	false		
ARC2	training	ac605cbb	grid_objects	false	false	0	1	false		
ARC2	training	f1cefba8	complete	false	false	0	1	NA	id	
ARC2	training	f1cefba8	grid_d2	false	false	0	1	false		
ARC2	training	f1cefba8	objects	false	false	0	1	false		
ARC2	training	f1cefba8	grid_objects	false	false	0	1	false		
ARC2	training	2b9ef948	complete	false	false	0	2	NA	id	
ARC2	training	2b9ef948	grid_d2	false	false	0	2	false		
ARC2	training	2b9ef948	objects	false	false	0	2	false		
ARC2	training	2b9ef948	grid_objects	false	false	0	2	false		
ARC2	training	15660dd6	complete	false	false	0	1	NA	id	
ARC2	training	15660dd6	grid_d2	false	false	0	1	false		
ARC2	training	15660dd6	objects	false	false	0	1	false		
ARC2	training	15660dd6	grid_objects	false	false	0	1	false		
ARC2	training	68b67ca3	complete	false	false	0	1	NA	id	
ARC2	training	68b67ca3	grid_d2	false	false	0	1	false		
ARC2	training	68b67ca3	objects	false	false	0	1	false		
ARC2	training	68b67ca3	grid_objects	false	false	0	1	false		
ARC2	training	e9afcf9a	complete	false	false	0	1	NA	id	
ARC2	training	e9afcf9a	grid_d2	false	false	0	1	false		
ARC2	training	e9afcf9a	objects	false	false	0	1	false		
ARC2	training	e9afcf9a	grid_objects	false	false	0	1	false		
ARC2	training	516b51b7	complete	false	false	0	1	NA	id	
ARC2	training	516b51b7	grid_d2	false	false	0	1	false		
ARC2	training	516b51b7	objects	false	false	0	1	false		
ARC2	training	516b51b7	grid_objects	false	false	0	1	false		
ARC2	training	351d6448	complete	false	false	0	1	NA	id	
ARC2	training	351d6448	grid_d2	false	false	0	1	false		
ARC2	training	351d6448	objects	false	false	0	1	false		
ARC2	training	351d6448	grid_objects	false	false	0	1	false		
ARC2	training	a5f85a15	complete	false	false	0	1	NA	id	
ARC2	training	a5f85a15	grid_d2	false	false	0	1	false		
ARC2	training	a5f85a15	objects	false	false	0	1	false		
ARC2	training	a5f85a15	grid_objects	false	false	0	1	false		
ARC2	training	9aec4887	complete	false	false	0	1	NA	id	
ARC2	training	9aec4887	grid_d2	false	false	0	1	false		
ARC2	training	9aec4887	objects	false	false	0	1	false		
ARC2	training	9aec4887	grid_objects	false	false	0	1	false		
ARC2	evaluation	35ab12c3	complete	false	false	0	1	NA	id	
ARC2	evaluation	35ab12c3	grid_d2	false	false	0	1	false		
ARC2	evaluation	35ab12c3	objects	false	false	0	1	false		
ARC2	evaluation	35ab12c3	grid_objects	false	false	0	1	false		
ARC2	training	414297c0	complete	false	false	0	1	NA	id	
ARC2	training	414297c0	grid_d2	false	false	0	1	false		
ARC2	training	414297c0	objects	false	false	0	1	false		
ARC2	training	414297c0	grid_objects	false	false	0	1	false		
ARC2	training	e7b06bea	complete	false	false	0	1	NA	id	
ARC2	training	e7b06bea	grid_d2	false	false	0	1	false		
ARC2	training	e7b06bea	objects	false	false	0	1	false		
ARC2	training	e7b06bea	grid_objects	false	false	0	1	false		
ARC2	training	ae3edfdc	complete	false	false	0	1	NA	id	
ARC2	training	ae3edfdc	grid_d2	false	false	0	1	false		
ARC2	training	ae3edfdc	objects	false	false	0	1	false		
ARC2	training	ae3edfdc	grid_objects	false	false	0	1	false		
ARC2	evaluation	a32d8b75	complete	false	false	0	2	NA	id	
ARC2	evaluation	a32d8b75	grid_d2	false	false	0	2	false		
ARC2	evaluation	a32d8b75	objects	false	false	0	2	false		
ARC2	evaluation	a32d8b75	grid_objects	false	false	0	2	false		
ARC2	training	34cfa167	complete	false	false	0	2	NA	id	
ARC2	training	34cfa167	grid_d2	false	false	0	2	false		
ARC2	training	34cfa167	objects	false	false	0	2	false		
ARC2	training	34cfa167	grid_objects	false	false	0	2	false		
ARC2	evaluation	247ef758	complete	false	false	0	2	NA	id	
ARC2	evaluation	247ef758	grid_d2	false	false	0	2	false		
ARC2	evaluation	247ef758	objects	false	false	0	2	false		
ARC2	evaluation	247ef758	grid_objects	false	false	0	2	false		
ARC2	evaluation	fc7cae8d	complete	false	false	0	1	NA	id	
ARC2	evaluation	fc7cae8d	grid_d2	false	false	0	1	false		
ARC2	evaluation	fc7cae8d	objects	false	false	0	1	false		
ARC2	evaluation	fc7cae8d	grid_objects	false	false	0	1	false		
ARC2	training	2a5f8217	complete	false	false	0	1	NA	recolourNonzero 8	
ARC2	training	2a5f8217	grid_d2	false	false	0	1	false		
ARC2	training	2a5f8217	objects	false	false	0	1	false		
ARC2	training	2a5f8217	grid_objects	false	false	0	1	false		
ARC2	training	195ba7dc	complete	true	true	1	1	NA	splitH or 1	
ARC2	training	195ba7dc	grid_d2	true	true	1	1	true	splitH or 1	splitH or 1
ARC2	training	195ba7dc	objects	false	false	0	1	false		
ARC2	training	195ba7dc	grid_objects	true	true	1	1	true	splitH or 1	splitH or 1
ARC2	training	c909285e	complete	false	false	0	1	NA	id	
ARC2	training	c909285e	grid_d2	false	false	0	1	false		
ARC2	training	c909285e	objects	false	false	0	1	false		
ARC2	training	c909285e	grid_objects	false	false	0	1	false		
ARC2	training	a644e277	complete	false	false	0	1	NA	id	
ARC2	training	a644e277	grid_d2	false	false	0	1	false		
ARC2	training	a644e277	objects	false	false	0	1	false		
ARC2	training	a644e277	grid_objects	false	false	0	1	false		
ARC2	training	7ee1c6ea	complete	false	false	0	1	NA	id	
ARC2	training	7ee1c6ea	grid_d2	false	false	0	1	false		
ARC2	training	7ee1c6ea	objects	false	false	0	1	false		
ARC2	training	7ee1c6ea	grid_objects	false	false	0	1	false		
ARC2	training	8e2edd66	complete	false	false	0	1	NA	id	
ARC2	training	8e2edd66	grid_d2	false	false	0	1	false		
ARC2	training	8e2edd66	objects	false	false	0	1	false		
ARC2	training	8e2edd66	grid_objects	false	false	0	1	false		
ARC2	training	15113be4	complete	false	false	0	1	NA	id	
ARC2	training	15113be4	grid_d2	false	false	0	1	false		
ARC2	training	15113be4	objects	false	false	0	1	false		
ARC2	training	15113be4	grid_objects	false	false	0	1	false		
ARC2	training	3cd86f4f	complete	false	false	0	3	NA	id	
ARC2	training	3cd86f4f	grid_d2	false	false	0	3	false		
ARC2	training	3cd86f4f	objects	false	false	0	3	false		
ARC2	training	3cd86f4f	grid_objects	false	false	0	3	false		
ARC2	training	c3202e5a	complete	false	false	0	1	NA	id	
ARC2	training	c3202e5a	grid_d2	false	false	0	1	false		
ARC2	training	c3202e5a	objects	false	false	0	1	false		
ARC2	training	c3202e5a	grid_objects	false	false	0	1	false		
ARC2	training	445eab21	complete	false	false	0	1	NA	id	
ARC2	training	445eab21	grid_d2	false	false	0	1	false		
ARC2	training	445eab21	objects	false	false	0	1	false		
ARC2	training	445eab21	grid_objects	false	false	0	1	false		
ARC2	training	f2829549	complete	true	true	1	1	NA	splitH nor 3	
ARC2	training	f2829549	grid_d2	true	true	1	1	true	splitH nor 3	splitH nor 3
ARC2	training	f2829549	objects	false	false	0	1	false		
ARC2	training	f2829549	grid_objects	true	true	1	1	true	splitH nor 3	splitH nor 3
ARC2	training	e345f17b	complete	true	true	2	2	NA	splitH nor 4	
ARC2	training	e345f17b	grid_d2	true	true	2	2	true	splitH nor 4	splitH nor 4
ARC2	training	e345f17b	objects	false	false	0	2	false		
ARC2	training	e345f17b	grid_objects	true	true	2	2	true	splitH nor 4	splitH nor 4
ARC2	training	2753e76c	complete	false	false	0	1	NA	id	
ARC2	training	2753e76c	grid_d2	false	false	0	1	false		
ARC2	training	2753e76c	objects	false	false	0	1	false		
ARC2	training	2753e76c	grid_objects	false	false	0	1	false		
ARC2	training	626c0bcc	complete	false	false	0	1	NA	id	
ARC2	training	626c0bcc	grid_d2	false	false	0	1	false		
ARC2	training	626c0bcc	objects	false	false	0	1	false		
ARC2	training	626c0bcc	grid_objects	false	false	0	1	false		
ARC2	training	494ef9d7	complete	false	false	0	1	NA	id	
ARC2	training	494ef9d7	grid_d2	false	false	0	1	false		
ARC2	training	494ef9d7	objects	false	false	0	1	false		
ARC2	training	494ef9d7	grid_objects	false	false	0	1	false		
ARC2	training	6a11f6da	complete	false	false	0	1	NA	id	
ARC2	training	6a11f6da	grid_d2	false	false	0	1	false		
ARC2	training	6a11f6da	objects	false	false	0	1	false		
ARC2	training	6a11f6da	grid_objects	false	false	0	1	false		
ARC2	training	ecdecbb3	complete	false	false	0	1	NA	id	
ARC2	training	ecdecbb3	grid_d2	false	false	0	1	false		
ARC2	training	ecdecbb3	objects	false	false	0	1	false		
ARC2	training	ecdecbb3	grid_objects	false	false	0	1	false		
ARC2	evaluation	7b0280bc	complete	false	false	0	1	NA	id	
ARC2	evaluation	7b0280bc	grid_d2	false	false	0	1	false		
ARC2	evaluation	7b0280bc	objects	false	false	0	1	false		
ARC2	evaluation	7b0280bc	grid_objects	false	false	0	1	false		
ARC2	training	a59b95c0	complete	false	false	0	1	NA	tile 3 3	
ARC2	training	a59b95c0	grid_d2	false	false	0	1	false		
ARC2	training	a59b95c0	objects	false	false	0	1	false		
ARC2	training	a59b95c0	grid_objects	false	false	0	1	false		
ARC2	training	9c56f360	complete	false	false	0	1	NA	id	
ARC2	training	9c56f360	grid_d2	false	false	0	1	false		
ARC2	training	9c56f360	objects	false	false	0	1	false		
ARC2	training	9c56f360	grid_objects	false	false	0	1	false		
ARC2	training	4e469f39	complete	false	false	0	1	NA	id	
ARC2	training	4e469f39	grid_d2	false	false	0	1	false		
ARC2	training	4e469f39	objects	false	false	0	1	false		
ARC2	training	4e469f39	grid_objects	false	false	0	1	false		
ARC2	training	4e7e0eb9	complete	false	false	0	2	NA	recolour 1 8	
ARC2	training	4e7e0eb9	grid_d2	false	false	0	2	false		
ARC2	training	4e7e0eb9	objects	false	false	0	2	false		
ARC2	training	4e7e0eb9	grid_objects	false	false	0	2	false		
ARC2	training	95a58926	complete	false	false	0	1	NA	id	
ARC2	training	95a58926	grid_d2	false	false	0	1	false		
ARC2	training	95a58926	objects	false	false	0	1	false		
ARC2	training	95a58926	grid_objects	false	false	0	1	false		
ARC2	evaluation	a47bf94d	complete	false	false	0	1	NA	id	
ARC2	evaluation	a47bf94d	grid_d2	false	false	0	1	false		
ARC2	evaluation	a47bf94d	objects	false	false	0	1	false		
ARC2	evaluation	a47bf94d	grid_objects	false	false	0	1	false		
ARC2	training	22208ba4	complete	false	false	0	1	NA	id	
ARC2	training	22208ba4	grid_d2	false	false	0	1	false		
ARC2	training	22208ba4	objects	false	false	0	1	false		
ARC2	training	22208ba4	grid_objects	false	false	0	1	false		
ARC2	training	97999447	complete	false	false	0	1	NA	id	
ARC2	training	97999447	grid_d2	false	false	0	1	false		
ARC2	training	97999447	objects	false	false	0	1	false		
ARC2	training	97999447	grid_objects	false	false	0	1	false		
ARC2	training	776ffc46	complete	false	false	0	1	NA	id	
ARC2	training	776ffc46	grid_d2	false	false	0	1	false		
ARC2	training	776ffc46	objects	false	false	0	1	false		
ARC2	training	776ffc46	grid_objects	false	false	0	1	false		
ARC2	training	4acc7107	complete	false	false	0	1	NA	id	
ARC2	training	4acc7107	grid_d2	false	false	0	1	false		
ARC2	training	4acc7107	objects	false	false	0	1	false		
ARC2	training	4acc7107	grid_objects	false	false	0	1	false		
ARC2	training	239be575	complete	false	false	1	2	NA	cropSmallest	
ARC2	training	239be575	grid_d2	false	false	0	2	false		
ARC2	training	239be575	objects	false	false	0	2	false		
ARC2	training	239be575	grid_objects	false	false	0	2	false		
ARC2	training	d282b262	complete	false	false	0	1	NA	id	
ARC2	training	d282b262	grid_d2	false	false	0	1	false		
ARC2	training	d282b262	objects	false	false	0	1	false		
ARC2	training	d282b262	grid_objects	false	false	0	1	false		
ARC2	training	97239e3d	complete	false	false	0	1	NA	id	
ARC2	training	97239e3d	grid_d2	false	false	0	1	false		
ARC2	training	97239e3d	objects	false	false	0	1	false		
ARC2	training	97239e3d	grid_objects	false	false	0	1	false		
ARC2	training	5751f35e	complete	true	true	1	1	NA	symmetrizeH ; symmetrize4	
ARC2	training	5751f35e	grid_d2	true	true	1	1	true	symmetrizeH ; symmetrize4	symmetrizeH ; symmetrize4
ARC2	training	5751f35e	objects	false	false	0	1	false		
ARC2	training	5751f35e	grid_objects	true	true	1	1	true	symmetrizeH ; symmetrize4	symmetrizeH ; symmetrize4
ARC2	training	9def23fe	complete	false	false	0	1	NA	id	
ARC2	training	9def23fe	grid_d2	false	false	0	1	false		
ARC2	training	9def23fe	objects	false	false	0	1	false		
ARC2	training	9def23fe	grid_objects	false	false	0	1	false		
ARC2	training	15696249	complete	false	false	0	1	NA	id	
ARC2	training	15696249	grid_d2	false	false	0	1	false		
ARC2	training	15696249	objects	false	false	0	1	false		
ARC2	training	15696249	grid_objects	false	false	0	1	false		
ARC2	evaluation	e87109e9	complete	false	false	0	1	NA	id	
ARC2	evaluation	e87109e9	grid_d2	false	false	0	1	false		
ARC2	evaluation	e87109e9	objects	false	false	0	1	false		
ARC2	evaluation	e87109e9	grid_objects	false	false	0	1	false		
ARC2	training	8be77c9e	complete	true	true	1	1	NA	vconcatFlip	
ARC2	training	8be77c9e	grid_d2	true	true	1	1	true	vconcatFlip	vconcatFlip
ARC2	training	8be77c9e	objects	false	false	0	1	false		
ARC2	training	8be77c9e	grid_objects	true	true	1	1	true	vconcatFlip	vconcatFlip
ARC2	training	f823c43c	complete	false	false	0	1	NA	id	
ARC2	training	f823c43c	grid_d2	false	false	0	1	false		
ARC2	training	f823c43c	objects	false	false	0	1	false		
ARC2	training	f823c43c	grid_objects	false	false	0	1	false		
ARC2	training	4938f0c2	complete	false	false	0	1	NA	id	
ARC2	training	4938f0c2	grid_d2	false	false	0	1	false		
ARC2	training	4938f0c2	objects	false	false	0	1	false		
ARC2	training	4938f0c2	grid_objects	false	false	0	1	false		
ARC2	training	321b1fc6	complete	false	false	0	1	NA	id	
ARC2	training	321b1fc6	grid_d2	false	false	0	1	false		
ARC2	training	321b1fc6	objects	false	false	0	1	false		
ARC2	training	321b1fc6	grid_objects	false	false	0	1	false		
ARC2	training	0962bcdd	complete	false	false	0	1	NA	id	
ARC2	training	0962bcdd	grid_d2	false	false	0	1	false		
ARC2	training	0962bcdd	objects	false	false	0	1	false		
ARC2	training	0962bcdd	grid_objects	false	false	0	1	false		
ARC2	training	e5062a87	complete	false	false	0	1	NA	id	
ARC2	training	e5062a87	grid_d2	false	false	0	1	false		
ARC2	training	e5062a87	objects	false	false	0	1	false		
ARC2	training	e5062a87	grid_objects	false	false	0	1	false		
ARC2	evaluation	1818057f	complete	false	false	0	1	NA	id	
ARC2	evaluation	1818057f	grid_d2	false	false	0	1	false		
ARC2	evaluation	1818057f	objects	false	false	0	1	false		
ARC2	evaluation	1818057f	grid_objects	false	false	0	1	false		
ARC2	training	50cb2852	complete	false	false	0	1	NA	id	
ARC2	training	50cb2852	grid_d2	false	false	0	1	false		
ARC2	training	50cb2852	objects	false	false	0	1	false		
ARC2	training	50cb2852	grid_objects	false	false	0	1	false		
ARC2	evaluation	16de56c4	complete	false	false	0	2	NA	id	
ARC2	evaluation	16de56c4	grid_d2	false	false	0	2	false		
ARC2	evaluation	16de56c4	objects	false	false	0	2	false		
ARC2	evaluation	16de56c4	grid_objects	false	false	0	2	false		
ARC2	training	825aa9e9	complete	false	false	0	1	NA	id	
ARC2	training	825aa9e9	grid_d2	false	false	0	1	false		
ARC2	training	825aa9e9	objects	false	false	0	1	false		
ARC2	training	825aa9e9	grid_objects	false	false	0	1	false		
ARC2	training	639f5a19	complete	false	false	0	1	NA	id	
ARC2	training	639f5a19	grid_d2	false	false	0	1	false		
ARC2	training	639f5a19	objects	false	false	0	1	false		
ARC2	training	639f5a19	grid_objects	false	false	0	1	false		
ARC2	training	5b526a93	complete	false	false	0	1	NA	id	
ARC2	training	5b526a93	grid_d2	false	false	0	1	false		
ARC2	training	5b526a93	objects	false	false	0	1	false		
ARC2	training	5b526a93	grid_objects	false	false	0	1	false		
ARC2	training	f8cc533f	complete	false	false	0	2	NA	id	
ARC2	training	f8cc533f	grid_d2	false	false	0	2	false		
ARC2	training	f8cc533f	objects	false	false	0	2	false		
ARC2	training	f8cc533f	grid_objects	false	false	0	2	false		
ARC2	training	973e499e	complete	false	false	0	2	NA	id	
ARC2	training	973e499e	grid_d2	false	false	0	2	false		
ARC2	training	973e499e	objects	false	false	0	2	false		
ARC2	training	973e499e	grid_objects	false	false	0	2	false		
ARC2	training	1f85a75f	complete	true	true	1	1	NA	cropLargest	
ARC2	training	1f85a75f	grid_d2	true	true	1	1	true	cropLargest	cropLargest
ARC2	training	1f85a75f	objects	true	true	1	1	true	zero-4-mono / Largest / Identity / Crop	zero-4-mono / Largest / Identity / Crop
ARC2	training	1f85a75f	grid_objects	true	true	1	1	true	cropLargest	cropLargest
ARC2	evaluation	a25697e4	complete	false	false	0	2	NA	id	
ARC2	evaluation	a25697e4	grid_d2	false	false	0	2	false		
ARC2	evaluation	a25697e4	objects	false	false	0	2	false		
ARC2	evaluation	a25697e4	grid_objects	false	false	0	2	false		
ARC2	training	00d62c1b	complete	true	true	1	1	NA	fillEnclosed 4	
ARC2	training	00d62c1b	grid_d2	true	true	1	1	true	fillEnclosed 4	fillEnclosed 4
ARC2	training	00d62c1b	objects	false	false	0	1	false		
ARC2	training	00d62c1b	grid_objects	true	true	1	1	true	fillEnclosed 4	fillEnclosed 4
ARC2	training	310f3251	complete	false	false	0	1	NA	id	
ARC2	training	310f3251	grid_d2	false	false	0	1	false		
ARC2	training	310f3251	objects	false	false	0	1	false		
ARC2	training	310f3251	grid_objects	false	false	0	1	false		
ARC2	training	27f8ce4f	complete	false	false	0	1	NA	id	
ARC2	training	27f8ce4f	grid_d2	false	false	0	1	false		
ARC2	training	27f8ce4f	objects	false	false	0	1	false		
ARC2	training	27f8ce4f	grid_objects	false	false	0	1	false		
ARC2	training	137eaa0f	complete	false	false	0	1	NA	id	
ARC2	training	137eaa0f	grid_d2	false	false	0	1	false		
ARC2	training	137eaa0f	objects	false	false	0	1	false		
ARC2	training	137eaa0f	grid_objects	false	false	0	1	false		
ARC2	training	543a7ed5	complete	false	false	0	1	NA	id	
ARC2	training	543a7ed5	grid_d2	false	false	0	1	false		
ARC2	training	543a7ed5	objects	false	false	0	1	false		
ARC2	training	543a7ed5	grid_objects	false	false	0	1	false		
ARC2	training	5614dbcf	complete	false	false	0	1	NA	id	
ARC2	training	5614dbcf	grid_d2	false	false	0	1	false		
ARC2	training	5614dbcf	objects	false	false	0	1	false		
ARC2	training	5614dbcf	grid_objects	false	false	0	1	false		
ARC2	training	37d3e8b2	complete	false	false	0	1	NA	id	
ARC2	training	37d3e8b2	grid_d2	false	false	0	1	false		
ARC2	training	37d3e8b2	objects	false	false	0	1	false		
ARC2	training	37d3e8b2	grid_objects	false	false	0	1	false		
ARC2	evaluation	65b59efc	complete	false	false	0	2	NA	id	
ARC2	evaluation	65b59efc	grid_d2	false	false	0	2	false		
ARC2	evaluation	65b59efc	objects	false	false	0	2	false		
ARC2	evaluation	65b59efc	grid_objects	false	false	0	2	false		
ARC2	training	97c75046	complete	false	false	0	1	NA	id	
ARC2	training	97c75046	grid_d2	false	false	0	1	false		
ARC2	training	97c75046	objects	false	false	0	1	false		
ARC2	training	97c75046	grid_objects	false	false	0	1	false		
ARC2	training	56dc2b01	complete	false	false	0	1	NA	id	
ARC2	training	56dc2b01	grid_d2	false	false	0	1	false		
ARC2	training	56dc2b01	objects	false	false	0	1	false		
ARC2	training	56dc2b01	grid_objects	false	false	0	1	false		
ARC2	training	281123b4	complete	false	false	0	1	NA	id	
ARC2	training	281123b4	grid_d2	false	false	0	1	false		
ARC2	training	281123b4	objects	false	false	0	1	false		
ARC2	training	281123b4	grid_objects	false	false	0	1	false		
ARC2	training	506d28a5	complete	true	true	1	1	NA	splitV or 3	
ARC2	training	506d28a5	grid_d2	true	true	1	1	true	splitV or 3	splitV or 3
ARC2	training	506d28a5	objects	false	false	0	1	false		
ARC2	training	506d28a5	grid_objects	true	true	1	1	true	splitV or 3	splitV or 3
ARC2	training	3eda0437	complete	false	false	0	1	NA	id	
ARC2	training	3eda0437	grid_d2	false	false	0	1	false		
ARC2	training	3eda0437	objects	false	false	0	1	false		
ARC2	training	3eda0437	grid_objects	false	false	0	1	false		
ARC2	evaluation	8b9c3697	complete	false	false	0	1	NA	id	
ARC2	evaluation	8b9c3697	grid_d2	false	false	0	1	false		
ARC2	evaluation	8b9c3697	objects	false	false	0	1	false		
ARC2	evaluation	8b9c3697	grid_objects	false	false	0	1	false		
ARC2	training	49d1d64f	complete	false	false	0	1	NA	id	
ARC2	training	49d1d64f	grid_d2	false	false	0	1	false		
ARC2	training	49d1d64f	objects	false	false	0	1	false		
ARC2	training	49d1d64f	grid_objects	false	false	0	1	false		
ARC2	training	bda2d7a6	complete	false	false	0	2	NA	id	
ARC2	training	bda2d7a6	grid_d2	false	false	0	2	false		
ARC2	training	bda2d7a6	objects	false	false	0	2	false		
ARC2	training	bda2d7a6	grid_objects	false	false	0	2	false		
ARC2	training	5d2a5c43	complete	true	true	2	2	NA	splitH or 8	
ARC2	training	5d2a5c43	grid_d2	true	true	2	2	true	splitH or 8	splitH or 8
ARC2	training	5d2a5c43	objects	false	false	0	2	false		
ARC2	training	5d2a5c43	grid_objects	true	true	2	2	true	splitH or 8	splitH or 8
ARC2	training	f76d97a5	complete	false	false	0	1	NA	id	
ARC2	training	f76d97a5	grid_d2	false	false	0	1	false		
ARC2	training	f76d97a5	objects	false	false	0	1	false		
ARC2	training	f76d97a5	grid_objects	false	false	0	1	false		
ARC2	training	a2fd1cf0	complete	false	false	0	1	NA	id	
ARC2	training	a2fd1cf0	grid_d2	false	false	0	1	false		
ARC2	training	a2fd1cf0	objects	false	false	0	1	false		
ARC2	training	a2fd1cf0	grid_objects	false	false	0	1	false		
ARC2	training	3194b014	complete	false	false	0	1	NA	id	
ARC2	training	3194b014	grid_d2	false	false	0	1	false		
ARC2	training	3194b014	objects	false	false	0	1	false		
ARC2	training	3194b014	grid_objects	false	false	0	1	false		
ARC2	training	94414823	complete	false	false	0	1	NA	id	
ARC2	training	94414823	grid_d2	false	false	0	1	false		
ARC2	training	94414823	objects	false	false	0	1	false		
ARC2	training	94414823	grid_objects	false	false	0	1	false		
ARC2	training	db93a21d	complete	false	false	0	1	NA	id	
ARC2	training	db93a21d	grid_d2	false	false	0	1	false		
ARC2	training	db93a21d	objects	false	false	0	1	false		
ARC2	training	db93a21d	grid_objects	false	false	0	1	false		
ARC2	training	aabf363d	complete	false	false	0	1	NA	id	
ARC2	training	aabf363d	grid_d2	false	false	0	1	false		
ARC2	training	aabf363d	objects	false	false	0	1	false		
ARC2	training	aabf363d	grid_objects	false	false	0	1	false		
ARC2	training	e7dd8335	complete	false	false	0	1	NA	id	
ARC2	training	e7dd8335	grid_d2	false	false	0	1	false		
ARC2	training	e7dd8335	objects	false	false	0	1	false		
ARC2	training	e7dd8335	grid_objects	false	false	0	1	false		
ARC2	training	c8b7cc0f	complete	false	false	0	1	NA	id	
ARC2	training	c8b7cc0f	grid_d2	false	false	0	1	false		
ARC2	training	c8b7cc0f	objects	false	false	0	1	false		
ARC2	training	c8b7cc0f	grid_objects	false	false	0	1	false		
ARC2	training	6aa20dc0	complete	false	false	0	1	NA	id	
ARC2	training	6aa20dc0	grid_d2	false	false	0	1	false		
ARC2	training	6aa20dc0	objects	false	false	0	1	false		
ARC2	training	6aa20dc0	grid_objects	false	false	0	1	false		
ARC2	training	a61ba2ce	complete	false	false	0	1	NA	id	
ARC2	training	a61ba2ce	grid_d2	false	false	0	1	false		
ARC2	training	a61ba2ce	objects	false	false	0	1	false		
ARC2	training	a61ba2ce	grid_objects	false	false	0	1	false		
ARC2	training	e179c5f4	complete	false	false	0	1	NA	id	
ARC2	training	e179c5f4	grid_d2	false	false	0	1	false		
ARC2	training	e179c5f4	objects	false	false	0	1	false		
ARC2	training	e179c5f4	grid_objects	false	false	0	1	false		
ARC2	training	a9f96cdd	complete	false	false	0	1	NA	id	
ARC2	training	a9f96cdd	grid_d2	false	false	0	1	false		
ARC2	training	a9f96cdd	objects	false	false	0	1	false		
ARC2	training	a9f96cdd	grid_objects	false	false	0	1	false		
ARC2	evaluation	b99e7126	complete	false	false	0	1	NA	id	
ARC2	evaluation	b99e7126	grid_d2	false	false	0	1	false		
ARC2	evaluation	b99e7126	objects	false	false	0	1	false		
ARC2	evaluation	b99e7126	grid_objects	false	false	0	1	false		
ARC2	training	1e81d6f9	complete	false	false	0	1	NA	id	
ARC2	training	1e81d6f9	grid_d2	false	false	0	1	false		
ARC2	training	1e81d6f9	objects	false	false	0	1	false		
ARC2	training	1e81d6f9	grid_objects	false	false	0	1	false		
ARC2	training	0a2355a6	complete	false	false	0	1	NA	id	
ARC2	training	0a2355a6	grid_d2	false	false	0	1	false		
ARC2	training	0a2355a6	objects	false	false	0	1	false		
ARC2	training	0a2355a6	grid_objects	false	false	0	1	false		
ARC2	training	4612dd53	complete	false	false	0	1	NA	id	
ARC2	training	4612dd53	grid_d2	false	false	0	1	false		
ARC2	training	4612dd53	objects	false	false	0	1	false		
ARC2	training	4612dd53	grid_objects	false	false	0	1	false		
ARC2	training	e7a25a18	complete	false	false	0	1	NA	id	
ARC2	training	e7a25a18	grid_d2	false	false	0	1	false		
ARC2	training	e7a25a18	objects	false	false	0	1	false		
ARC2	training	e7a25a18	grid_objects	false	false	0	1	false		
ARC2	training	d511f180	complete	false	false	0	1	NA	id	
ARC2	training	d511f180	grid_d2	false	false	0	1	false		
ARC2	training	d511f180	objects	false	false	0	1	false		
ARC2	training	d511f180	grid_objects	false	false	0	1	false		
ARC2	evaluation	aa4ec2a5	complete	false	false	0	1	NA	id	
ARC2	evaluation	aa4ec2a5	grid_d2	false	false	0	1	false		
ARC2	evaluation	aa4ec2a5	objects	false	false	0	1	false		
ARC2	evaluation	aa4ec2a5	grid_objects	false	false	0	1	false		
ARC2	training	2f767503	complete	false	false	0	1	NA	id	
ARC2	training	2f767503	grid_d2	false	false	0	1	false		
ARC2	training	2f767503	objects	false	false	0	1	false		
ARC2	training	2f767503	grid_objects	false	false	0	1	false		
ARC2	training	963e52fc	complete	false	true	1	1	NA	tile 1 2	
ARC2	training	963e52fc	grid_d2	false	false	0	1	false		
ARC2	training	963e52fc	objects	false	false	0	1	false		
ARC2	training	963e52fc	grid_objects	false	false	0	1	false		
ARC2	training	522fdd07	complete	false	false	0	1	NA	id	
ARC2	training	522fdd07	grid_d2	false	false	0	1	false		
ARC2	training	522fdd07	objects	false	false	0	1	false		
ARC2	training	522fdd07	grid_objects	false	false	0	1	false		
ARC2	training	e633a9e5	complete	false	false	0	1	NA	id	
ARC2	training	e633a9e5	grid_d2	false	false	0	1	false		
ARC2	training	e633a9e5	objects	false	false	0	1	false		
ARC2	training	e633a9e5	grid_objects	false	false	0	1	false		
ARC2	training	8a004b2b	complete	false	false	0	1	NA	id	
ARC2	training	8a004b2b	grid_d2	false	false	0	1	false		
ARC2	training	8a004b2b	objects	false	false	0	1	false		
ARC2	training	8a004b2b	grid_objects	false	false	0	1	false		
ARC2	training	66f2d22f	complete	true	true	1	1	NA	splitH nor 5	
ARC2	training	66f2d22f	grid_d2	true	true	1	1	true	splitH nor 5	splitH nor 5
ARC2	training	66f2d22f	objects	false	false	0	1	false		
ARC2	training	66f2d22f	grid_objects	true	true	1	1	true	splitH nor 5	splitH nor 5
ARC2	training	90c28cc7	complete	false	false	0	1	NA	id	
ARC2	training	90c28cc7	grid_d2	false	false	0	1	false		
ARC2	training	90c28cc7	objects	false	false	0	1	false		
ARC2	training	90c28cc7	grid_objects	false	false	0	1	false		
ARC2	training	d6e50e54	complete	false	false	0	1	NA	id	
ARC2	training	d6e50e54	grid_d2	false	false	0	1	false		
ARC2	training	d6e50e54	objects	false	false	0	1	false		
ARC2	training	d6e50e54	grid_objects	false	false	0	1	false		
ARC2	training	fea12743	complete	false	false	0	1	NA	id	
ARC2	training	fea12743	grid_d2	false	false	0	1	false		
ARC2	training	fea12743	objects	false	false	0	1	false		
ARC2	training	fea12743	grid_objects	false	false	0	1	false		
ARC2	training	05f2a901	complete	false	false	0	1	NA	id	
ARC2	training	05f2a901	grid_d2	false	false	0	1	false		
ARC2	training	05f2a901	objects	false	false	0	1	false		
ARC2	training	05f2a901	grid_objects	false	false	0	1	false		
ARC2	training	6f473927	complete	false	false	0	1	NA	id	
ARC2	training	6f473927	grid_d2	false	false	0	1	false		
ARC2	training	6f473927	objects	false	false	0	1	false		
ARC2	training	6f473927	grid_objects	false	false	0	1	false		
ARC2	training	3bd67248	complete	false	false	0	1	NA	id	
ARC2	training	3bd67248	grid_d2	false	false	0	1	false		
ARC2	training	3bd67248	objects	false	false	0	1	false		
ARC2	training	3bd67248	grid_objects	false	false	0	1	false		
ARC2	training	e21d9049	complete	false	false	0	1	NA	id	
ARC2	training	e21d9049	grid_d2	false	false	0	1	false		
ARC2	training	e21d9049	objects	false	false	0	1	false		
ARC2	training	e21d9049	grid_objects	false	false	0	1	false		
ARC2	training	74dd1130	complete	true	true	1	1	NA	transpose	
ARC2	training	74dd1130	grid_d2	true	true	1	1	true	transpose	transpose
ARC2	training	74dd1130	objects	false	false	0	1	false		
ARC2	training	74dd1130	grid_objects	true	true	1	1	true	transpose	transpose
ARC2	training	8a6d367c	complete	false	false	0	1	NA	id	
ARC2	training	8a6d367c	grid_d2	false	false	0	1	false		
ARC2	training	8a6d367c	objects	false	false	0	1	false		
ARC2	training	8a6d367c	grid_objects	false	false	0	1	false		
ARC2	training	75b8110e	complete	false	false	0	1	NA	id	
ARC2	training	75b8110e	grid_d2	false	false	0	1	false		
ARC2	training	75b8110e	objects	false	false	0	1	false		
ARC2	training	75b8110e	grid_objects	false	false	0	1	false		
ARC2	training	20fb2937	complete	false	false	0	1	NA	id	
ARC2	training	20fb2937	grid_d2	false	false	0	1	false		
ARC2	training	20fb2937	objects	false	false	0	1	false		
ARC2	training	20fb2937	grid_objects	false	false	0	1	false		
ARC2	training	4e45f183	complete	false	false	0	1	NA	id	
ARC2	training	4e45f183	grid_d2	false	false	0	1	false		
ARC2	training	4e45f183	objects	false	false	0	1	false		
ARC2	training	4e45f183	grid_objects	false	false	0	1	false		
ARC2	training	e2092e0c	complete	false	false	0	1	NA	id	
ARC2	training	e2092e0c	grid_d2	false	false	0	1	false		
ARC2	training	e2092e0c	objects	false	false	0	1	false		
ARC2	training	e2092e0c	grid_objects	false	false	0	1	false		
ARC2	training	c62e2108	complete	false	false	0	1	NA	id	
ARC2	training	c62e2108	grid_d2	false	false	0	1	false		
ARC2	training	c62e2108	objects	false	false	0	1	false		
ARC2	training	c62e2108	grid_objects	false	false	0	1	false		
ARC2	training	94be5b80	complete	false	false	0	1	NA	id	
ARC2	training	94be5b80	grid_d2	false	false	0	1	false		
ARC2	training	94be5b80	objects	false	false	0	1	false		
ARC2	training	94be5b80	grid_objects	false	false	0	1	false		
ARC2	training	bc1d5164	complete	false	false	0	1	NA	id	
ARC2	training	bc1d5164	grid_d2	false	false	0	1	false		
ARC2	training	bc1d5164	objects	false	false	0	1	false		
ARC2	training	bc1d5164	grid_objects	false	false	0	1	false		
ARC2	training	bdad9b1f	complete	false	false	0	1	NA	id	
ARC2	training	bdad9b1f	grid_d2	false	false	0	1	false		
ARC2	training	bdad9b1f	objects	false	false	0	1	false		
ARC2	training	bdad9b1f	grid_objects	false	false	0	1	false		
ARC2	evaluation	38007db0	complete	false	false	0	2	NA	id	
ARC2	evaluation	38007db0	grid_d2	false	false	0	2	false		
ARC2	evaluation	38007db0	objects	false	false	0	2	false		
ARC2	evaluation	38007db0	grid_objects	false	false	0	2	false		
ARC2	training	9d9215db	complete	false	false	0	1	NA	id	
ARC2	training	9d9215db	grid_d2	false	false	0	1	false		
ARC2	training	9d9215db	objects	false	false	0	1	false		
ARC2	training	9d9215db	grid_objects	false	false	0	1	false		
ARC2	training	845d6e51	complete	false	false	0	1	NA	id	
ARC2	training	845d6e51	grid_d2	false	false	0	1	false		
ARC2	training	845d6e51	objects	false	false	0	1	false		
ARC2	training	845d6e51	grid_objects	false	false	0	1	false		
ARC2	training	b9630600	complete	false	false	0	1	NA	id	
ARC2	training	b9630600	grid_d2	false	false	0	1	false		
ARC2	training	b9630600	objects	false	false	0	1	false		
ARC2	training	b9630600	grid_objects	false	false	0	1	false		
ARC2	training	a740d043	complete	true	true	1	1	NA	recolour 1 0 ; cropBBox	
ARC2	training	a740d043	grid_d2	true	true	1	1	true	recolour 1 0 ; cropBBox	recolour 1 0 ; cropBBox
ARC2	training	a740d043	objects	false	false	0	1	false		
ARC2	training	a740d043	grid_objects	true	true	1	1	true	recolour 1 0 ; cropBBox	recolour 1 0 ; cropBBox
ARC2	training	ddf7fa4f	complete	false	false	0	1	NA	id	
ARC2	training	ddf7fa4f	grid_d2	false	false	0	1	false		
ARC2	training	ddf7fa4f	objects	false	false	0	1	false		
ARC2	training	ddf7fa4f	grid_objects	false	false	0	1	false		
ARC2	training	52fd389e	complete	false	false	0	1	NA	id	
ARC2	training	52fd389e	grid_d2	false	false	0	1	false		
ARC2	training	52fd389e	objects	false	false	0	1	false		
ARC2	training	52fd389e	grid_objects	false	false	0	1	false		
ARC2	evaluation	cbebaa4b	complete	false	false	0	2	NA	id	
ARC2	evaluation	cbebaa4b	grid_d2	false	false	0	2	false		
ARC2	evaluation	cbebaa4b	objects	false	false	0	2	false		
ARC2	evaluation	cbebaa4b	grid_objects	false	false	0	2	false		
ARC2	training	f21745ec	complete	false	false	0	1	NA	id	
ARC2	training	f21745ec	grid_d2	false	false	0	1	false		
ARC2	training	f21745ec	objects	false	false	0	1	false		
ARC2	training	f21745ec	grid_objects	false	false	0	1	false		
ARC2	training	6165ea8f	complete	false	false	0	2	NA	id	
ARC2	training	6165ea8f	grid_d2	false	false	0	2	false		
ARC2	training	6165ea8f	objects	false	false	0	2	false		
ARC2	training	6165ea8f	grid_objects	false	false	0	2	false		
ARC2	training	137f0df0	complete	false	false	0	1	NA	id	
ARC2	training	137f0df0	grid_d2	false	false	0	1	false		
ARC2	training	137f0df0	objects	false	false	0	1	false		
ARC2	training	137f0df0	grid_objects	false	false	0	1	false		
ARC2	evaluation	981571dc	complete	false	false	0	1	NA	id	
ARC2	evaluation	981571dc	grid_d2	false	false	0	1	false		
ARC2	evaluation	981571dc	objects	false	false	0	1	false		
ARC2	evaluation	981571dc	grid_objects	false	false	0	1	false		
ARC2	training	bbb1b8b6	complete	false	false	1	2	NA	leftHalf	
ARC2	training	bbb1b8b6	grid_d2	false	false	0	2	false		
ARC2	training	bbb1b8b6	objects	false	false	0	2	false		
ARC2	training	bbb1b8b6	grid_objects	false	false	0	2	false		
ARC2	training	0e671a1a	complete	false	false	0	1	NA	id	
ARC2	training	0e671a1a	grid_d2	false	false	0	1	false		
ARC2	training	0e671a1a	objects	false	false	0	1	false		
ARC2	training	0e671a1a	grid_objects	false	false	0	1	false		
ARC2	training	9ba4a9aa	complete	false	false	0	1	NA	id	
ARC2	training	9ba4a9aa	grid_d2	false	false	0	1	false		
ARC2	training	9ba4a9aa	objects	false	false	0	1	false		
ARC2	training	9ba4a9aa	grid_objects	false	false	0	1	false		
ARC2	training	760b3cac	complete	false	false	0	1	NA	id	
ARC2	training	760b3cac	grid_d2	false	false	0	1	false		
ARC2	training	760b3cac	objects	false	false	0	1	false		
ARC2	training	760b3cac	grid_objects	false	false	0	1	false		
ARC2	training	23581191	complete	false	false	0	1	NA	id	
ARC2	training	23581191	grid_d2	false	false	0	1	false		
ARC2	training	23581191	objects	false	false	0	1	false		
ARC2	training	23581191	grid_objects	false	false	0	1	false		
ARC2	training	d4f3cd78	complete	false	false	0	1	NA	id	
ARC2	training	d4f3cd78	grid_d2	false	false	0	1	false		
ARC2	training	d4f3cd78	objects	false	false	0	1	false		
ARC2	training	d4f3cd78	grid_objects	false	false	0	1	false		
ARC2	training	fb791726	complete	false	false	0	1	NA	id	
ARC2	training	fb791726	grid_d2	false	false	0	1	false		
ARC2	training	fb791726	objects	false	false	0	1	false		
ARC2	training	fb791726	grid_objects	false	false	0	1	false		
ARC2	training	e3fe1151	complete	false	false	0	1	NA	id	
ARC2	training	e3fe1151	grid_d2	false	false	0	1	false		
ARC2	training	e3fe1151	objects	false	false	0	1	false		
ARC2	training	e3fe1151	grid_objects	false	false	0	1	false		
ARC2	evaluation	446ef5d2	complete	false	false	0	2	NA	id	
ARC2	evaluation	446ef5d2	grid_d2	false	false	0	2	false		
ARC2	evaluation	446ef5d2	objects	false	false	0	2	false		
ARC2	evaluation	446ef5d2	grid_objects	false	false	0	2	false		
ARC2	training	f341894c	complete	false	false	0	1	NA	id	
ARC2	training	f341894c	grid_d2	false	false	0	1	false		
ARC2	training	f341894c	objects	false	false	0	1	false		
ARC2	training	f341894c	grid_objects	false	false	0	1	false		
ARC2	training	7e4d4f7c	complete	false	false	0	1	NA	id	
ARC2	training	7e4d4f7c	grid_d2	false	false	0	1	false		
ARC2	training	7e4d4f7c	objects	false	false	0	1	false		
ARC2	training	7e4d4f7c	grid_objects	false	false	0	1	false		
ARC2	training	7c008303	complete	false	false	0	1	NA	id	
ARC2	training	7c008303	grid_d2	false	false	0	1	false		
ARC2	training	7c008303	objects	false	false	0	1	false		
ARC2	training	7c008303	grid_objects	false	false	0	1	false		
ARC2	training	f3e14006	complete	false	false	0	2	NA	id	
ARC2	training	f3e14006	grid_d2	false	false	0	2	false		
ARC2	training	f3e14006	objects	false	false	0	2	false		
ARC2	training	f3e14006	grid_objects	false	false	0	2	false		
ARC2	evaluation	88e364bc	complete	false	false	0	2	NA	id	
ARC2	evaluation	88e364bc	grid_d2	false	false	0	2	false		
ARC2	evaluation	88e364bc	objects	false	false	0	2	false		
ARC2	evaluation	88e364bc	grid_objects	false	false	0	2	false		
ARC2	training	b5bb5719	complete	false	false	0	1	NA	id	
ARC2	training	b5bb5719	grid_d2	false	false	0	1	false		
ARC2	training	b5bb5719	objects	false	false	0	1	false		
ARC2	training	b5bb5719	grid_objects	false	false	0	1	false		
ARC2	training	1b2d62fb	complete	true	true	1	1	NA	splitH nor 8	
ARC2	training	1b2d62fb	grid_d2	true	true	1	1	true	splitH nor 8	splitH nor 8
ARC2	training	1b2d62fb	objects	false	false	0	1	false		
ARC2	training	1b2d62fb	grid_objects	true	true	1	1	true	splitH nor 8	splitH nor 8
ARC2	training	9af7a82c	complete	false	false	0	1	NA	id	
ARC2	training	9af7a82c	grid_d2	false	false	0	1	false		
ARC2	training	9af7a82c	objects	false	false	0	1	false		
ARC2	training	9af7a82c	grid_objects	false	false	0	1	false		
ARC2	training	668eec9a	complete	false	false	0	1	NA	id	
ARC2	training	668eec9a	grid_d2	false	false	0	1	false		
ARC2	training	668eec9a	objects	false	false	0	1	false		
ARC2	training	668eec9a	grid_objects	false	false	0	1	false		
ARC2	training	1a2e2828	complete	false	false	0	1	NA	id	
ARC2	training	1a2e2828	grid_d2	false	false	0	1	false		
ARC2	training	1a2e2828	objects	false	false	0	1	false		
ARC2	training	1a2e2828	grid_objects	false	false	0	1	false		
ARC2	training	b15fca0b	complete	false	false	0	1	NA	id	
ARC2	training	b15fca0b	grid_d2	false	false	0	1	false		
ARC2	training	b15fca0b	objects	false	false	0	1	false		
ARC2	training	b15fca0b	grid_objects	false	false	0	1	false		
ARC2	training	8731374e	complete	false	false	0	1	NA	id	
ARC2	training	8731374e	grid_d2	false	false	0	1	false		
ARC2	training	8731374e	objects	false	false	0	1	false		
ARC2	training	8731374e	grid_objects	false	false	0	1	false		
ARC2	training	332efdb3	complete	false	false	0	1	NA	id	
ARC2	training	332efdb3	grid_d2	false	false	0	1	false		
ARC2	training	332efdb3	objects	false	false	0	1	false		
ARC2	training	332efdb3	grid_objects	false	false	0	1	false		
ARC2	training	1b59e163	complete	false	false	0	1	NA	id	
ARC2	training	1b59e163	grid_d2	false	false	0	1	false		
ARC2	training	1b59e163	objects	false	false	0	1	false		
ARC2	training	1b59e163	grid_objects	false	false	0	1	false		
ARC2	training	b527c5c6	complete	false	false	0	1	NA	id	
ARC2	training	b527c5c6	grid_d2	false	false	0	1	false		
ARC2	training	b527c5c6	objects	false	false	0	1	false		
ARC2	training	b527c5c6	grid_objects	false	false	0	1	false		
ARC2	training	6d0160f0	complete	false	false	0	1	NA	id	
ARC2	training	6d0160f0	grid_d2	false	false	0	1	false		
ARC2	training	6d0160f0	objects	false	false	0	1	false		
ARC2	training	6d0160f0	grid_objects	false	false	0	1	false		
ARC2	training	f9a67cb5	complete	false	false	0	1	NA	id	
ARC2	training	f9a67cb5	grid_d2	false	false	0	1	false		
ARC2	training	f9a67cb5	objects	false	false	0	1	false		
ARC2	training	f9a67cb5	grid_objects	false	false	0	1	false		
ARC2	training	2546ccf6	complete	false	false	0	1	NA	symmetrizeH	
ARC2	training	2546ccf6	grid_d2	false	false	0	1	false		
ARC2	training	2546ccf6	objects	false	false	0	1	false		
ARC2	training	2546ccf6	grid_objects	false	false	0	1	false		
ARC2	training	1990f7a8	complete	false	false	0	1	NA	id	
ARC2	training	1990f7a8	grid_d2	false	false	0	1	false		
ARC2	training	1990f7a8	objects	false	false	0	1	false		
ARC2	training	1990f7a8	grid_objects	false	false	0	1	false		
ARC2	training	913fb3ed	complete	false	false	0	1	NA	box 6	
ARC2	training	913fb3ed	grid_d2	false	false	0	1	false		
ARC2	training	913fb3ed	objects	false	false	0	1	false		
ARC2	training	913fb3ed	grid_objects	false	false	0	1	false		
ARC2	training	e509e548	complete	false	false	0	1	NA	id	
ARC2	training	e509e548	grid_d2	false	false	0	1	false		
ARC2	training	e509e548	objects	false	false	0	1	false		
ARC2	training	e509e548	grid_objects	false	false	0	1	false		
ARC2	training	feca6190	complete	false	false	0	1	NA	id	
ARC2	training	feca6190	grid_d2	false	false	0	1	false		
ARC2	training	feca6190	objects	false	false	0	1	false		
ARC2	training	feca6190	grid_objects	false	false	0	1	false		
ARC2	training	0c786b71	complete	true	true	1	1	NA	rot180 ; mirror4	
ARC2	training	0c786b71	grid_d2	true	true	1	1	true	rot180 ; mirror4	rot180 ; mirror4
ARC2	training	0c786b71	objects	false	false	0	1	false		
ARC2	training	0c786b71	grid_objects	true	true	1	1	true	rot180 ; mirror4	rot180 ; mirror4
ARC2	training	d89b689b	complete	false	false	0	1	NA	id	
ARC2	training	d89b689b	grid_d2	false	false	0	1	false		
ARC2	training	d89b689b	objects	false	false	0	1	false		
ARC2	training	d89b689b	grid_objects	false	false	0	1	false		
ARC2	training	9b365c51	complete	false	false	0	1	NA	id	
ARC2	training	9b365c51	grid_d2	false	false	0	1	false		
ARC2	training	9b365c51	objects	false	false	0	1	false		
ARC2	training	9b365c51	grid_objects	false	false	0	1	false		
ARC2	training	54d9e175	complete	false	false	0	1	NA	id	
ARC2	training	54d9e175	grid_d2	false	false	0	1	false		
ARC2	training	54d9e175	objects	false	false	0	1	false		
ARC2	training	54d9e175	grid_objects	false	false	0	1	false		
ARC2	evaluation	4a21e3da	complete	false	false	0	1	NA	id	
ARC2	evaluation	4a21e3da	grid_d2	false	false	0	1	false		
ARC2	evaluation	4a21e3da	objects	false	false	0	1	false		
ARC2	evaluation	4a21e3da	grid_objects	false	false	0	1	false		
ARC2	training	642248e4	complete	false	false	0	1	NA	id	
ARC2	training	642248e4	grid_d2	false	false	0	1	false		
ARC2	training	642248e4	objects	false	false	0	1	false		
ARC2	training	642248e4	grid_objects	false	false	0	1	false		
ARC2	training	1da012fc	complete	false	false	0	1	NA	id	
ARC2	training	1da012fc	grid_d2	false	false	0	1	false		
ARC2	training	1da012fc	objects	false	false	0	1	false		
ARC2	training	1da012fc	grid_objects	false	false	0	1	false		
ARC2	training	f9d67f8b	complete	false	false	0	1	NA	id	
ARC2	training	f9d67f8b	grid_d2	false	false	0	1	false		
ARC2	training	f9d67f8b	objects	false	false	0	1	false		
ARC2	training	f9d67f8b	grid_objects	false	false	0	1	false		
ARC2	training	6773b310	complete	false	false	0	1	NA	id	
ARC2	training	6773b310	grid_d2	false	false	0	1	false		
ARC2	training	6773b310	objects	false	false	0	1	false		
ARC2	training	6773b310	grid_objects	false	false	0	1	false		
ARC2	evaluation	195c6913	complete	false	false	0	2	NA	id	
ARC2	evaluation	195c6913	grid_d2	false	false	0	2	false		
ARC2	evaluation	195c6913	objects	false	false	0	2	false		
ARC2	evaluation	195c6913	grid_objects	false	false	0	2	false		
ARC2	training	cad67732	complete	false	false	0	1	NA	id	
ARC2	training	cad67732	grid_d2	false	false	0	1	false		
ARC2	training	cad67732	objects	false	false	0	1	false		
ARC2	training	cad67732	grid_objects	false	false	0	1	false		
ARC2	training	6c434453	complete	false	false	0	1	NA	id	
ARC2	training	6c434453	grid_d2	false	false	0	1	false		
ARC2	training	6c434453	objects	false	false	0	1	false		
ARC2	training	6c434453	grid_objects	false	false	0	1	false		
ARC2	training	ec883f72	complete	false	false	0	1	NA	id	
ARC2	training	ec883f72	grid_d2	false	false	0	1	false		
ARC2	training	ec883f72	objects	false	false	0	1	false		
ARC2	training	ec883f72	grid_objects	false	false	0	1	false		
ARC2	training	18447a8d	complete	false	false	0	1	NA	id	
ARC2	training	18447a8d	grid_d2	false	false	0	1	false		
ARC2	training	18447a8d	objects	false	false	0	1	false		
ARC2	training	18447a8d	grid_objects	false	false	0	1	false		
ARC2	training	8dae5dfc	complete	false	false	0	1	NA	id	
ARC2	training	8dae5dfc	grid_d2	false	false	0	1	false		
ARC2	training	8dae5dfc	objects	false	false	0	1	false		
ARC2	training	8dae5dfc	grid_objects	false	false	0	1	false		
ARC2	training	d93c6891	complete	false	false	0	1	NA	id	
ARC2	training	d93c6891	grid_d2	false	false	0	1	false		
ARC2	training	d93c6891	objects	false	false	0	1	false		
ARC2	training	d93c6891	grid_objects	false	false	0	1	false		
ARC2	evaluation	8698868d	complete	false	false	0	1	NA	id	
ARC2	evaluation	8698868d	grid_d2	false	false	0	1	false		
ARC2	evaluation	8698868d	objects	false	false	0	1	false		
ARC2	evaluation	8698868d	grid_objects	false	false	0	1	false		
ARC2	training	d56f2372	complete	false	false	0	1	NA	id	
ARC2	training	d56f2372	grid_d2	false	false	0	1	false		
ARC2	training	d56f2372	objects	false	false	0	1	false		
ARC2	training	d56f2372	grid_objects	false	false	0	1	false		
ARC2	evaluation	8f215267	complete	false	false	0	1	NA	id	
ARC2	evaluation	8f215267	grid_d2	false	false	0	1	false		
ARC2	evaluation	8f215267	objects	false	false	0	1	false		
ARC2	evaluation	8f215267	grid_objects	false	false	0	1	false		
ARC2	training	9b5080bb	complete	false	false	0	1	NA	id	
ARC2	training	9b5080bb	grid_d2	false	false	0	1	false		
ARC2	training	9b5080bb	objects	false	false	0	1	false		
ARC2	training	9b5080bb	grid_objects	false	false	0	1	false		
ARC2	training	a8c38be5	complete	false	false	0	1	NA	id	
ARC2	training	a8c38be5	grid_d2	false	false	0	1	false		
ARC2	training	a8c38be5	objects	false	false	0	1	false		
ARC2	training	a8c38be5	grid_objects	false	false	0	1	false		
ARC2	evaluation	faa9f03d	complete	false	false	0	1	NA	id	
ARC2	evaluation	faa9f03d	grid_d2	false	false	0	1	false		
ARC2	evaluation	faa9f03d	objects	false	false	0	1	false		
ARC2	evaluation	faa9f03d	grid_objects	false	false	0	1	false		
ARC2	training	17b80ad2	complete	false	false	0	1	NA	id	
ARC2	training	17b80ad2	grid_d2	false	false	0	1	false		
ARC2	training	17b80ad2	objects	false	false	0	1	false		
ARC2	training	17b80ad2	grid_objects	false	false	0	1	false		
ARC2	training	1f0c79e5	complete	false	false	0	1	NA	id	
ARC2	training	1f0c79e5	grid_d2	false	false	0	1	false		
ARC2	training	1f0c79e5	objects	false	false	0	1	false		
ARC2	training	1f0c79e5	grid_objects	false	false	0	1	false		
ARC2	training	b20f7c8b	complete	false	false	0	1	NA	id	
ARC2	training	b20f7c8b	grid_d2	false	false	0	1	false		
ARC2	training	b20f7c8b	objects	false	false	0	1	false		
ARC2	training	b20f7c8b	grid_objects	false	false	0	1	false		
ARC2	training	73182012	complete	false	false	0	1	NA	id	
ARC2	training	73182012	grid_d2	false	false	0	1	false		
ARC2	training	73182012	objects	false	false	0	1	false		
ARC2	training	73182012	grid_objects	false	false	0	1	false		
ARC2	training	6a1e5592	complete	false	false	0	1	NA	id	
ARC2	training	6a1e5592	grid_d2	false	false	0	1	false		
ARC2	training	6a1e5592	objects	false	false	0	1	false		
ARC2	training	6a1e5592	grid_objects	false	false	0	1	false		
ARC2	training	23b5c85d	complete	false	false	0	1	NA	cropSmallest	
ARC2	training	23b5c85d	grid_d2	false	false	0	1	false		
ARC2	training	23b5c85d	objects	true	true	1	1	true	zero-4-mono / Smallest / Identity / Crop	zero-4-mono / Smallest / Identity / Crop
ARC2	training	23b5c85d	grid_objects	true	true	1	1	true	zero-4-mono / Smallest / Identity / Crop	zero-4-mono / Smallest / Identity / Crop
ARC2	training	a3f84088	complete	false	false	0	1	NA	id	
ARC2	training	a3f84088	grid_d2	false	false	0	1	false		
ARC2	training	a3f84088	objects	false	false	0	1	false		
ARC2	training	a3f84088	grid_objects	false	false	0	1	false		
ARC2	training	7e0986d6	complete	false	false	0	1	NA	id	
ARC2	training	7e0986d6	grid_d2	false	false	0	1	false		
ARC2	training	7e0986d6	objects	false	false	0	1	false		
ARC2	training	7e0986d6	grid_objects	false	false	0	1	false		
ARC2	training	79cce52d	complete	false	false	0	1	NA	id	
ARC2	training	79cce52d	grid_d2	false	false	0	1	false		
ARC2	training	79cce52d	objects	false	false	0	1	false		
ARC2	training	79cce52d	grid_objects	false	false	0	1	false		
ARC2	training	3d31c5b3	complete	false	false	0	1	NA	id	
ARC2	training	3d31c5b3	grid_d2	false	false	0	1	false		
ARC2	training	3d31c5b3	objects	false	false	0	1	false		
ARC2	training	3d31c5b3	grid_objects	false	false	0	1	false		
ARC2	training	fe45cba4	complete	false	false	0	1	NA	id	
ARC2	training	fe45cba4	grid_d2	false	false	0	1	false		
ARC2	training	fe45cba4	objects	false	false	0	1	false		
ARC2	training	fe45cba4	grid_objects	false	false	0	1	false		
ARC2	training	66ac4c3b	complete	false	false	0	1	NA	id	
ARC2	training	66ac4c3b	grid_d2	false	false	0	1	false		
ARC2	training	66ac4c3b	objects	false	false	0	1	false		
ARC2	training	66ac4c3b	grid_objects	false	false	0	1	false		
ARC2	training	3a301edc	complete	false	false	0	1	NA	box 1	
ARC2	training	3a301edc	grid_d2	false	false	0	1	false		
ARC2	training	3a301edc	objects	false	false	0	1	false		
ARC2	training	3a301edc	grid_objects	false	false	0	1	false		
ARC2	training	5117e062	complete	false	false	0	1	NA	id	
ARC2	training	5117e062	grid_d2	false	false	0	1	false		
ARC2	training	5117e062	objects	false	false	0	1	false		
ARC2	training	5117e062	grid_objects	false	false	0	1	false		
ARC2	training	0b148d64	complete	false	true	1	1	NA	leftHalf ; cropLargest	
ARC2	training	0b148d64	grid_d2	false	false	0	1	false		
ARC2	training	0b148d64	objects	false	false	0	1	false		
ARC2	training	0b148d64	grid_objects	false	false	0	1	false		
ARC2	training	83302e8f	complete	false	false	0	1	NA	id	
ARC2	training	83302e8f	grid_d2	false	false	0	1	false		
ARC2	training	83302e8f	objects	false	false	0	1	false		
ARC2	training	83302e8f	grid_objects	false	false	0	1	false		
ARC2	training	fe9372f3	complete	false	false	0	1	NA	id	
ARC2	training	fe9372f3	grid_d2	false	false	0	1	false		
ARC2	training	fe9372f3	objects	false	false	0	1	false		
ARC2	training	fe9372f3	grid_objects	false	false	0	1	false		
ARC2	training	e6721834	complete	false	false	0	1	NA	id	
ARC2	training	e6721834	grid_d2	false	false	0	1	false		
ARC2	training	e6721834	objects	false	false	0	1	false		
ARC2	training	e6721834	grid_objects	false	false	0	1	false		
ARC2	training	1d61978c	complete	false	false	0	1	NA	id	
ARC2	training	1d61978c	grid_d2	false	false	0	1	false		
ARC2	training	1d61978c	objects	false	false	0	1	false		
ARC2	training	1d61978c	grid_objects	false	false	0	1	false		
ARC2	training	bf89d739	complete	false	false	0	1	NA	id	
ARC2	training	bf89d739	grid_d2	false	false	0	1	false		
ARC2	training	bf89d739	objects	false	false	0	1	false		
ARC2	training	bf89d739	grid_objects	false	false	0	1	false		
ARC2	training	5792cb4d	complete	false	false	0	1	NA	id	
ARC2	training	5792cb4d	grid_d2	false	false	0	1	false		
ARC2	training	5792cb4d	objects	false	false	0	1	false		
ARC2	training	5792cb4d	grid_objects	false	false	0	1	false		
ARC2	training	e4941b18	complete	false	false	0	1	NA	id	
ARC2	training	e4941b18	grid_d2	false	false	0	1	false		
ARC2	training	e4941b18	objects	false	false	0	1	false		
ARC2	training	e4941b18	grid_objects	false	false	0	1	false		
ARC2	training	de493100	complete	false	false	0	1	NA	id	
ARC2	training	de493100	grid_d2	false	false	0	1	false		
ARC2	training	de493100	objects	false	false	0	1	false		
ARC2	training	de493100	grid_objects	false	false	0	1	false		
ARC2	training	8abad3cf	complete	false	false	0	1	NA	id	
ARC2	training	8abad3cf	grid_d2	false	false	0	1	false		
ARC2	training	8abad3cf	objects	false	false	0	1	false		
ARC2	training	8abad3cf	grid_objects	false	false	0	1	false		
ARC2	training	681b3aeb	complete	false	false	0	1	NA	id	
ARC2	training	681b3aeb	grid_d2	false	false	0	1	false		
ARC2	training	681b3aeb	objects	false	false	0	1	false		
ARC2	training	681b3aeb	grid_objects	false	false	0	1	false		
ARC2	training	cc9053aa	complete	false	false	0	1	NA	id	
ARC2	training	cc9053aa	grid_d2	false	false	0	1	false		
ARC2	training	cc9053aa	objects	false	false	0	1	false		
ARC2	training	cc9053aa	grid_objects	false	false	0	1	false		
ARC2	training	9a4bb226	complete	false	false	0	1	NA	id	
ARC2	training	9a4bb226	grid_d2	false	false	0	1	false		
ARC2	training	9a4bb226	objects	false	false	0	1	false		
ARC2	training	9a4bb226	grid_objects	false	false	0	1	false		
ARC2	training	80af3007	complete	false	false	0	1	NA	id	
ARC2	training	80af3007	grid_d2	false	false	0	1	false		
ARC2	training	80af3007	objects	false	false	0	1	false		
ARC2	training	80af3007	grid_objects	false	false	0	1	false		
ARC2	training	538b439f	complete	false	false	0	1	NA	id	
ARC2	training	538b439f	grid_d2	false	false	0	1	false		
ARC2	training	538b439f	objects	false	false	0	1	false		
ARC2	training	538b439f	grid_objects	false	false	0	1	false		
ARC2	training	e734a0e8	complete	false	false	0	1	NA	id	
ARC2	training	e734a0e8	grid_d2	false	false	0	1	false		
ARC2	training	e734a0e8	objects	false	false	0	1	false		
ARC2	training	e734a0e8	grid_objects	false	false	0	1	false		
ARC2	evaluation	e3721c99	complete	false	false	0	2	NA	id	
ARC2	evaluation	e3721c99	grid_d2	false	false	0	2	false		
ARC2	evaluation	e3721c99	objects	false	false	0	2	false		
ARC2	evaluation	e3721c99	grid_objects	false	false	0	2	false		
ARC2	evaluation	332f06d7	complete	false	false	0	1	NA	id	
ARC2	evaluation	332f06d7	grid_d2	false	false	0	1	false		
ARC2	evaluation	332f06d7	objects	false	false	0	1	false		
ARC2	evaluation	332f06d7	grid_objects	false	false	0	1	false		
ARC2	training	ba1aa698	complete	false	false	0	1	NA	id	
ARC2	training	ba1aa698	grid_d2	false	false	0	1	false		
ARC2	training	ba1aa698	objects	false	false	0	1	false		
ARC2	training	ba1aa698	grid_objects	false	false	0	1	false		
ARC2	training	4522001f	complete	false	false	0	1	NA	id	
ARC2	training	4522001f	grid_d2	false	false	0	1	false		
ARC2	training	4522001f	objects	false	false	0	1	false		
ARC2	training	4522001f	grid_objects	false	false	0	1	false		
ARC2	training	292dd178	complete	false	false	0	1	NA	id	
ARC2	training	292dd178	grid_d2	false	false	0	1	false		
ARC2	training	292dd178	objects	false	false	0	1	false		
ARC2	training	292dd178	grid_objects	false	false	0	1	false		
ARC2	training	d931c21c	complete	false	false	0	1	NA	id	
ARC2	training	d931c21c	grid_d2	false	false	0	1	false		
ARC2	training	d931c21c	objects	false	false	0	1	false		
ARC2	training	d931c21c	grid_objects	false	false	0	1	false		
ARC2	evaluation	8f3a5a89	complete	false	false	0	1	NA	id	
ARC2	evaluation	8f3a5a89	grid_d2	false	false	0	1	false		
ARC2	evaluation	8f3a5a89	objects	false	false	0	1	false		
ARC2	evaluation	8f3a5a89	grid_objects	false	false	0	1	false		
ARC2	training	363442ee	complete	false	false	0	1	NA	id	
ARC2	training	363442ee	grid_d2	false	false	0	1	false		
ARC2	training	363442ee	objects	false	false	0	1	false		
ARC2	training	363442ee	grid_objects	false	false	0	1	false		
ARC2	training	0bb8deee	complete	false	false	0	1	NA	id	
ARC2	training	0bb8deee	grid_d2	false	false	0	1	false		
ARC2	training	0bb8deee	objects	false	false	0	1	false		
ARC2	training	0bb8deee	grid_objects	false	false	0	1	false		
ARC2	training	746b3537	complete	true	true	1	1	NA	dedupRows ; dedupCols	
ARC2	training	746b3537	grid_d2	true	true	1	1	true	dedupRows ; dedupCols	dedupRows ; dedupCols
ARC2	training	746b3537	objects	false	false	0	1	false		
ARC2	training	746b3537	grid_objects	true	true	1	1	true	dedupRows ; dedupCols	dedupRows ; dedupCols
ARC2	training	5e6bbc0b	complete	false	false	0	1	NA	id	
ARC2	training	5e6bbc0b	grid_d2	false	false	0	1	false		
ARC2	training	5e6bbc0b	objects	false	false	0	1	false		
ARC2	training	5e6bbc0b	grid_objects	false	false	0	1	false		
ARC2	training	342ae2ed	complete	false	false	0	1	NA	id	
ARC2	training	342ae2ed	grid_d2	false	false	0	1	false		
ARC2	training	342ae2ed	objects	false	false	0	1	false		
ARC2	training	342ae2ed	grid_objects	false	false	0	1	false		
ARC2	training	29c11459	complete	false	false	0	1	NA	id	
ARC2	training	29c11459	grid_d2	false	false	0	1	false		
ARC2	training	29c11459	objects	false	false	0	1	false		
ARC2	training	29c11459	grid_objects	false	false	0	1	false		
ARC2	training	1a244afd	complete	false	false	0	1	NA	id	
ARC2	training	1a244afd	grid_d2	false	false	0	1	false		
ARC2	training	1a244afd	objects	false	false	0	1	false		
ARC2	training	1a244afd	grid_objects	false	false	0	1	false		
ARC2	evaluation	97d7923e	complete	false	false	0	1	NA	id	
ARC2	evaluation	97d7923e	grid_d2	false	false	0	1	false		
ARC2	evaluation	97d7923e	objects	false	false	0	1	false		
ARC2	evaluation	97d7923e	grid_objects	false	false	0	1	false		
ARC2	training	fafd9572	complete	false	false	0	1	NA	id	
ARC2	training	fafd9572	grid_d2	false	false	0	1	false		
ARC2	training	fafd9572	objects	false	false	0	1	false		
ARC2	training	fafd9572	grid_objects	false	false	0	1	false		
ARC2	training	93b581b8	complete	false	false	0	1	NA	id	
ARC2	training	93b581b8	grid_d2	false	false	0	1	false		
ARC2	training	93b581b8	objects	false	false	0	1	false		
ARC2	training	93b581b8	grid_objects	false	false	0	1	false		
ARC2	training	f1bcbc2c	complete	false	false	0	1	NA	id	
ARC2	training	f1bcbc2c	grid_d2	false	false	0	1	false		
ARC2	training	f1bcbc2c	objects	false	false	0	1	false		
ARC2	training	f1bcbc2c	grid_objects	false	false	0	1	false		
ARC2	training	42a15761	complete	false	false	0	1	NA	id	
ARC2	training	42a15761	grid_d2	false	false	0	1	false		
ARC2	training	42a15761	objects	false	false	0	1	false		
ARC2	training	42a15761	grid_objects	false	false	0	1	false		
ARC2	training	692cd3b6	complete	false	false	0	1	NA	id	
ARC2	training	692cd3b6	grid_d2	false	false	0	1	false		
ARC2	training	692cd3b6	objects	false	false	0	1	false		
ARC2	training	692cd3b6	grid_objects	false	false	0	1	false		
ARC2	training	c1990cce	complete	false	false	0	1	NA	id	
ARC2	training	c1990cce	grid_d2	false	false	0	1	false		
ARC2	training	c1990cce	objects	false	false	0	1	false		
ARC2	training	c1990cce	grid_objects	false	false	0	1	false		
ARC2	training	9f236235	complete	false	false	0	1	NA	id	
ARC2	training	9f236235	grid_d2	false	false	0	1	false		
ARC2	training	9f236235	objects	false	false	0	1	false		
ARC2	training	9f236235	grid_objects	false	false	0	1	false		
ARC2	training	8dab14c2	complete	false	false	0	4	NA	id	
ARC2	training	8dab14c2	grid_d2	false	false	0	4	false		
ARC2	training	8dab14c2	objects	false	false	0	4	false		
ARC2	training	8dab14c2	grid_objects	false	false	0	4	false		
ARC2	training	11852cab	complete	false	false	0	1	NA	id	
ARC2	training	11852cab	grid_d2	false	false	0	1	false		
ARC2	training	11852cab	objects	false	false	0	1	false		
ARC2	training	11852cab	grid_objects	false	false	0	1	false		
ARC2	evaluation	dbff022c	complete	false	false	0	1	NA	id	
ARC2	evaluation	dbff022c	grid_d2	false	false	0	1	false		
ARC2	evaluation	dbff022c	objects	false	false	0	1	false		
ARC2	evaluation	dbff022c	grid_objects	false	false	0	1	false		
ARC2	training	3490cc26	complete	false	false	0	1	NA	id	
ARC2	training	3490cc26	grid_d2	false	false	0	1	false		
ARC2	training	3490cc26	objects	false	false	0	1	false		
ARC2	training	3490cc26	grid_objects	false	false	0	1	false		
ARC2	training	99306f82	complete	false	false	0	1	NA	id	
ARC2	training	99306f82	grid_d2	false	false	0	1	false		
ARC2	training	99306f82	objects	false	false	0	1	false		
ARC2	training	99306f82	grid_objects	false	false	0	1	false		
ARC2	training	2697da3f	complete	false	false	0	1	NA	id	
ARC2	training	2697da3f	grid_d2	false	false	0	1	false		
ARC2	training	2697da3f	objects	false	false	0	1	false		
ARC2	training	2697da3f	grid_objects	false	false	0	1	false		
ARC2	training	58e15b12	complete	false	false	0	1	NA	id	
ARC2	training	58e15b12	grid_d2	false	false	0	1	false		
ARC2	training	58e15b12	objects	false	false	0	1	false		
ARC2	training	58e15b12	grid_objects	false	false	0	1	false		
ARC2	training	7acdf6d3	complete	false	false	0	1	NA	id	
ARC2	training	7acdf6d3	grid_d2	false	false	0	1	false		
ARC2	training	7acdf6d3	objects	false	false	0	1	false		
ARC2	training	7acdf6d3	grid_objects	false	false	0	1	false		
ARC2	training	c9680e90	complete	false	false	0	1	NA	id	
ARC2	training	c9680e90	grid_d2	false	false	0	1	false		
ARC2	training	c9680e90	objects	false	false	0	1	false		
ARC2	training	c9680e90	grid_objects	false	false	0	1	false		
ARC2	training	e681b708	complete	false	false	0	1	NA	id	
ARC2	training	e681b708	grid_d2	false	false	0	1	false		
ARC2	training	e681b708	objects	false	false	0	1	false		
ARC2	training	e681b708	grid_objects	false	false	0	1	false		
ARC2	training	6455b5f5	complete	false	false	0	1	NA	id	
ARC2	training	6455b5f5	grid_d2	false	false	0	1	false		
ARC2	training	6455b5f5	objects	false	false	0	1	false		
ARC2	training	6455b5f5	grid_objects	false	false	0	1	false		
ARC2	training	54db823b	complete	false	false	0	1	NA	id	
ARC2	training	54db823b	grid_d2	false	false	0	1	false		
ARC2	training	54db823b	objects	false	false	0	1	false		
ARC2	training	54db823b	grid_objects	false	false	0	1	false		
ARC2	training	c59eb873	complete	true	false	0	1	NA	scale 2 ; cropSmallest	
ARC2	training	c59eb873	grid_d2	true	true	1	1	true	scale 2	scale 2
ARC2	training	c59eb873	objects	false	false	0	1	false		
ARC2	training	c59eb873	grid_objects	true	true	1	1	true	scale 2	scale 2
ARC2	training	5d588b4d	complete	false	false	0	2	NA	id	
ARC2	training	5d588b4d	grid_d2	false	false	0	2	false		
ARC2	training	5d588b4d	objects	false	false	0	2	false		
ARC2	training	5d588b4d	grid_objects	false	false	0	2	false		
ARC2	training	8719f442	complete	false	false	0	1	NA	id	
ARC2	training	8719f442	grid_d2	false	false	0	1	false		
ARC2	training	8719f442	objects	false	false	0	1	false		
ARC2	training	8719f442	grid_objects	false	false	0	1	false		
ARC2	training	ed74f2f2	complete	false	false	0	1	NA	id	
ARC2	training	ed74f2f2	grid_d2	false	false	0	1	false		
ARC2	training	ed74f2f2	objects	false	false	0	1	false		
ARC2	training	ed74f2f2	grid_objects	false	false	0	1	false		
ARC2	training	fd096ab6	complete	false	false	0	1	NA	id	
ARC2	training	fd096ab6	grid_d2	false	false	0	1	false		
ARC2	training	fd096ab6	objects	false	false	0	1	false		
ARC2	training	fd096ab6	grid_objects	false	false	0	1	false		
ARC2	training	47c1f68c	complete	false	false	0	1	NA	id	
ARC2	training	47c1f68c	grid_d2	false	false	0	1	false		
ARC2	training	47c1f68c	objects	false	false	0	1	false		
ARC2	training	47c1f68c	grid_objects	false	false	0	1	false		
ARC2	training	f25ffba3	complete	true	true	1	1	NA	symmetrizeV	
ARC2	training	f25ffba3	grid_d2	true	true	1	1	true	symmetrizeV	symmetrizeV
ARC2	training	f25ffba3	objects	false	false	0	1	false		
ARC2	training	f25ffba3	grid_objects	true	true	1	1	true	symmetrizeV	symmetrizeV
ARC2	training	9edfc990	complete	false	false	0	1	NA	id	
ARC2	training	9edfc990	grid_d2	false	false	0	1	false		
ARC2	training	9edfc990	objects	false	false	0	1	false		
ARC2	training	9edfc990	grid_objects	false	false	0	1	false		
ARC2	training	00dbd492	complete	false	false	0	1	NA	fillEnclosed 8	
ARC2	training	00dbd492	grid_d2	false	false	0	1	false		
ARC2	training	00dbd492	objects	false	false	0	1	false		
ARC2	training	00dbd492	grid_objects	false	false	0	1	false		
ARC2	training	60d73be6	complete	false	false	0	1	NA	id	
ARC2	training	60d73be6	grid_d2	false	false	0	1	false		
ARC2	training	60d73be6	objects	false	false	0	1	false		
ARC2	training	60d73be6	grid_objects	false	false	0	1	false		
ARC2	training	db7260a4	complete	false	false	0	1	NA	id	
ARC2	training	db7260a4	grid_d2	false	false	0	1	false		
ARC2	training	db7260a4	objects	false	false	0	1	false		
ARC2	training	db7260a4	grid_objects	false	false	0	1	false		
ARC2	training	b74ca5d1	complete	false	false	0	2	NA	id	
ARC2	training	b74ca5d1	grid_d2	false	false	0	2	false		
ARC2	training	b74ca5d1	objects	false	false	0	2	false		
ARC2	training	b74ca5d1	grid_objects	false	false	0	2	false		
ARC2	training	db3e9e38	complete	false	false	0	1	NA	id	
ARC2	training	db3e9e38	grid_d2	false	false	0	1	false		
ARC2	training	db3e9e38	objects	false	false	0	1	false		
ARC2	training	db3e9e38	grid_objects	false	false	0	1	false		
ARC2	training	d8c310e9	complete	false	false	0	1	NA	id	
ARC2	training	d8c310e9	grid_d2	false	false	0	1	false		
ARC2	training	d8c310e9	objects	false	false	0	1	false		
ARC2	training	d8c310e9	grid_objects	false	false	0	1	false		
ARC2	training	234bbc79	complete	false	false	0	1	NA	id	
ARC2	training	234bbc79	grid_d2	false	false	0	1	false		
ARC2	training	234bbc79	objects	false	false	0	1	false		
ARC2	training	234bbc79	grid_objects	false	false	0	1	false		
ARC2	training	d22278a0	complete	false	false	0	1	NA	id	
ARC2	training	d22278a0	grid_d2	false	false	0	1	false		
ARC2	training	d22278a0	objects	false	false	0	1	false		
ARC2	training	d22278a0	grid_objects	false	false	0	1	false		
ARC2	training	673ef223	complete	false	false	0	1	NA	id	
ARC2	training	673ef223	grid_d2	false	false	0	1	false		
ARC2	training	673ef223	objects	false	false	0	1	false		
ARC2	training	673ef223	grid_objects	false	false	0	1	false		
ARC2	training	11e1fe23	complete	false	false	0	1	NA	id	
ARC2	training	11e1fe23	grid_d2	false	false	0	1	false		
ARC2	training	11e1fe23	objects	false	false	0	1	false		
ARC2	training	11e1fe23	grid_objects	false	false	0	1	false		
ARC2	training	a699fb00	complete	false	false	0	1	NA	id	
ARC2	training	a699fb00	grid_d2	false	false	0	1	false		
ARC2	training	a699fb00	objects	false	false	0	1	false		
ARC2	training	a699fb00	grid_objects	false	false	0	1	false		
ARC2	training	6ea4a07e	complete	false	false	0	2	NA	id	
ARC2	training	6ea4a07e	grid_d2	false	false	0	2	false		
ARC2	training	6ea4a07e	objects	false	false	0	2	false		
ARC2	training	6ea4a07e	grid_objects	false	false	0	2	false		
ARC2	training	cf98881b	complete	false	false	0	1	NA	id	
ARC2	training	cf98881b	grid_d2	false	false	0	1	false		
ARC2	training	cf98881b	objects	false	false	0	1	false		
ARC2	training	cf98881b	grid_objects	false	false	0	1	false		
ARC2	training	78e78cff	complete	false	false	0	1	NA	id	
ARC2	training	78e78cff	grid_d2	false	false	0	1	false		
ARC2	training	78e78cff	objects	false	false	0	1	false		
ARC2	training	78e78cff	grid_objects	false	false	0	1	false		
ARC2	training	85fa5666	complete	false	false	0	1	NA	id	
ARC2	training	85fa5666	grid_d2	false	false	0	1	false		
ARC2	training	85fa5666	objects	false	false	0	1	false		
ARC2	training	85fa5666	grid_objects	false	false	0	1	false		
ARC2	training	58c02a16	complete	false	false	0	1	NA	id	
ARC2	training	58c02a16	grid_d2	false	false	0	1	false		
ARC2	training	58c02a16	objects	false	false	0	1	false		
ARC2	training	58c02a16	grid_objects	false	false	0	1	false		
ARC2	training	cf133acc	complete	false	false	0	1	NA	id	
ARC2	training	cf133acc	grid_d2	false	false	0	1	false		
ARC2	training	cf133acc	objects	false	false	0	1	false		
ARC2	training	cf133acc	grid_objects	false	false	0	1	false		
ARC2	training	36d67576	complete	false	false	0	1	NA	id	
ARC2	training	36d67576	grid_d2	false	false	0	1	false		
ARC2	training	36d67576	objects	false	false	0	1	false		
ARC2	training	36d67576	grid_objects	false	false	0	1	false		
ARC2	training	e48d4e1a	complete	false	false	0	1	NA	id	
ARC2	training	e48d4e1a	grid_d2	false	false	0	1	false		
ARC2	training	e48d4e1a	objects	false	false	0	1	false		
ARC2	training	e48d4e1a	grid_objects	false	false	0	1	false		
ARC2	training	b25e450b	complete	false	false	0	1	NA	id	
ARC2	training	b25e450b	grid_d2	false	false	0	1	false		
ARC2	training	b25e450b	objects	false	false	0	1	false		
ARC2	training	b25e450b	grid_objects	false	false	0	1	false		
ARC2	training	ae4f1146	complete	false	true	1	1	NA	rightHalf ; cropLargest	
ARC2	training	ae4f1146	grid_d2	false	false	0	1	false		
ARC2	training	ae4f1146	objects	false	false	0	1	false		
ARC2	training	ae4f1146	grid_objects	false	false	0	1	false		
ARC2	training	c48954c1	complete	false	false	0	1	NA	id	
ARC2	training	c48954c1	grid_d2	false	false	0	1	false		
ARC2	training	c48954c1	objects	false	false	0	1	false		
ARC2	training	c48954c1	grid_objects	false	false	0	1	false		
ARC2	evaluation	581f7754	complete	false	false	0	2	NA	id	
ARC2	evaluation	581f7754	grid_d2	false	false	0	2	false		
ARC2	evaluation	581f7754	objects	false	false	0	2	false		
ARC2	evaluation	581f7754	grid_objects	false	false	0	2	false		
ARC2	evaluation	a395ee82	complete	false	false	0	1	NA	id	
ARC2	evaluation	a395ee82	grid_d2	false	false	0	1	false		
ARC2	evaluation	a395ee82	objects	false	false	0	1	false		
ARC2	evaluation	a395ee82	grid_objects	false	false	0	1	false		
ARC2	training	68b16354	complete	true	true	1	1	NA	flipV	
ARC2	training	68b16354	grid_d2	true	true	1	1	true	flipV	flipV
ARC2	training	68b16354	objects	true	true	1	1	true	zero-4-multi / All / MirrorV / Original	zero-4-multi / All / MirrorV / Original
ARC2	training	68b16354	grid_objects	true	true	1	1	true	flipV	flipV
ARC2	training	48f8583b	complete	false	false	0	1	NA	id	
ARC2	training	48f8583b	grid_d2	false	false	0	1	false		
ARC2	training	48f8583b	objects	false	false	0	1	false		
ARC2	training	48f8583b	grid_objects	false	false	0	1	false		
ARC2	training	13f06aa5	complete	false	false	0	1	NA	id	
ARC2	training	13f06aa5	grid_d2	false	false	0	1	false		
ARC2	training	13f06aa5	objects	false	false	0	1	false		
ARC2	training	13f06aa5	grid_objects	false	false	0	1	false		
ARC2	training	d0f5fe59	complete	false	false	0	1	NA	id	
ARC2	training	d0f5fe59	grid_d2	false	false	0	1	false		
ARC2	training	d0f5fe59	objects	false	false	0	1	false		
ARC2	training	d0f5fe59	grid_objects	false	false	0	1	false		
ARC2	training	ccd554ac	complete	false	false	0	1	NA	tile 3 3	
ARC2	training	ccd554ac	grid_d2	false	false	0	1	false		
ARC2	training	ccd554ac	objects	false	false	0	1	false		
ARC2	training	ccd554ac	grid_objects	false	false	0	1	false		
ARC2	training	e99362f0	complete	false	false	0	1	NA	id	
ARC2	training	e99362f0	grid_d2	false	false	0	1	false		
ARC2	training	e99362f0	objects	false	false	0	1	false		
ARC2	training	e99362f0	grid_objects	false	false	0	1	false		
ARC2	training	42f14c03	complete	false	false	0	1	NA	id	
ARC2	training	42f14c03	grid_d2	false	false	0	1	false		
ARC2	training	42f14c03	objects	false	false	0	1	false		
ARC2	training	42f14c03	grid_objects	false	false	0	1	false		
ARC2	training	539a4f51	complete	false	false	0	1	NA	id	
ARC2	training	539a4f51	grid_d2	false	false	0	1	false		
ARC2	training	539a4f51	objects	false	false	0	1	false		
ARC2	training	539a4f51	grid_objects	false	false	0	1	false		
ARC2	evaluation	3a25b0d8	complete	false	false	0	2	NA	id	
ARC2	evaluation	3a25b0d8	grid_d2	false	false	0	2	false		
ARC2	evaluation	3a25b0d8	objects	false	false	0	2	false		
ARC2	evaluation	3a25b0d8	grid_objects	false	false	0	2	false		
ARC2	training	b775ac94	complete	false	false	0	1	NA	id	
ARC2	training	b775ac94	grid_d2	false	false	0	1	false		
ARC2	training	b775ac94	objects	false	false	0	1	false		
ARC2	training	b775ac94	grid_objects	false	false	0	1	false		
ARC2	training	5b6cbef5	complete	false	false	0	1	NA	id	
ARC2	training	5b6cbef5	grid_d2	false	false	0	1	false		
ARC2	training	5b6cbef5	objects	false	false	0	1	false		
ARC2	training	5b6cbef5	grid_objects	false	false	0	1	false		
ARC2	training	7039b2d7	complete	false	false	0	1	NA	id	
ARC2	training	7039b2d7	grid_d2	false	false	0	1	false		
ARC2	training	7039b2d7	objects	false	false	0	1	false		
ARC2	training	7039b2d7	grid_objects	false	false	0	1	false		
ARC2	training	3e980e27	complete	false	false	0	1	NA	id	
ARC2	training	3e980e27	grid_d2	false	false	0	1	false		
ARC2	training	3e980e27	objects	false	false	0	1	false		
ARC2	training	3e980e27	grid_objects	false	false	0	1	false		
ARC2	evaluation	9aaea919	complete	false	false	0	1	NA	id	
ARC2	evaluation	9aaea919	grid_d2	false	false	0	1	false		
ARC2	evaluation	9aaea919	objects	false	false	0	1	false		
ARC2	evaluation	9aaea919	grid_objects	false	false	0	1	false		
ARC2	training	46f33fce	complete	false	false	0	1	NA	id	
ARC2	training	46f33fce	grid_d2	false	false	0	1	false		
ARC2	training	46f33fce	objects	false	false	0	1	false		
ARC2	training	46f33fce	grid_objects	false	false	0	1	false		
ARC2	training	e5c44e8f	complete	false	false	0	1	NA	id	
ARC2	training	e5c44e8f	grid_d2	false	false	0	1	false		
ARC2	training	e5c44e8f	objects	false	false	0	1	false		
ARC2	training	e5c44e8f	grid_objects	false	false	0	1	false		
ARC2	training	22233c11	complete	false	false	0	1	NA	id	
ARC2	training	22233c11	grid_d2	false	false	0	1	false		
ARC2	training	22233c11	objects	false	false	0	1	false		
ARC2	training	22233c11	grid_objects	false	false	0	1	false		
ARC2	training	7e576d6e	complete	false	false	0	1	NA	id	
ARC2	training	7e576d6e	grid_d2	false	false	0	1	false		
ARC2	training	7e576d6e	objects	false	false	0	1	false		
ARC2	training	7e576d6e	grid_objects	false	false	0	1	false		
ARC2	training	e39e9282	complete	false	false	0	1	NA	id	
ARC2	training	e39e9282	grid_d2	false	false	0	1	false		
ARC2	training	e39e9282	objects	false	false	0	1	false		
ARC2	training	e39e9282	grid_objects	false	false	0	1	false		
ARC2	training	28e73c20	complete	false	false	0	1	NA	id	
ARC2	training	28e73c20	grid_d2	false	false	0	1	false		
ARC2	training	28e73c20	objects	false	false	0	1	false		
ARC2	training	28e73c20	grid_objects	false	false	0	1	false		
ARC2	training	2dee498d	complete	false	false	0	1	NA	id	
ARC2	training	2dee498d	grid_d2	false	false	0	1	false		
ARC2	training	2dee498d	objects	false	false	0	1	false		
ARC2	training	2dee498d	grid_objects	false	false	0	1	false		
ARC2	training	4290ef0e	complete	false	false	0	1	NA	id	
ARC2	training	4290ef0e	grid_d2	false	false	0	1	false		
ARC2	training	4290ef0e	objects	false	false	0	1	false		
ARC2	training	4290ef0e	grid_objects	false	false	0	1	false		
ARC2	training	62c24649	complete	true	true	1	1	NA	mirror4	
ARC2	training	62c24649	grid_d2	true	true	1	1	true	mirror4	mirror4
ARC2	training	62c24649	objects	false	false	0	1	false		
ARC2	training	62c24649	grid_objects	true	true	1	1	true	mirror4	mirror4
ARC2	evaluation	9385bd28	complete	false	false	0	2	NA	id	
ARC2	evaluation	9385bd28	grid_d2	false	false	0	2	false		
ARC2	evaluation	9385bd28	objects	false	false	0	2	false		
ARC2	evaluation	9385bd28	grid_objects	false	false	0	2	false		
ARC2	training	1478ab18	complete	false	false	0	1	NA	id	
ARC2	training	1478ab18	grid_d2	false	false	0	1	false		
ARC2	training	1478ab18	objects	false	false	0	1	false		
ARC2	training	1478ab18	grid_objects	false	false	0	1	false		
ARC2	evaluation	3e6067c3	complete	false	false	0	2	NA	id	
ARC2	evaluation	3e6067c3	grid_d2	false	false	0	2	false		
ARC2	evaluation	3e6067c3	objects	false	false	0	2	false		
ARC2	evaluation	3e6067c3	grid_objects	false	false	0	2	false		
ARC2	training	7b6016b9	complete	true	true	1	1	NA	fillEnclosed 2 ; recolour 0 3	
ARC2	training	7b6016b9	grid_d2	true	true	1	1	true	fillEnclosed 2 ; recolour 0 3	fillEnclosed 2 ; recolour 0 3
ARC2	training	7b6016b9	objects	false	false	0	1	false		
ARC2	training	7b6016b9	grid_objects	true	true	1	1	true	fillEnclosed 2 ; recolour 0 3	fillEnclosed 2 ; recolour 0 3
ARC2	training	05269061	complete	false	false	0	1	NA	id	
ARC2	training	05269061	grid_d2	false	false	0	1	false		
ARC2	training	05269061	objects	false	false	0	1	false		
ARC2	training	05269061	grid_objects	false	false	0	1	false		
ARC2	training	b745798f	complete	false	false	0	1	NA	id	
ARC2	training	b745798f	grid_d2	false	false	0	1	false		
ARC2	training	b745798f	objects	false	false	0	1	false		
ARC2	training	b745798f	grid_objects	false	false	0	1	false		
ARC2	training	dc1df850	complete	false	false	0	1	NA	box 1	
ARC2	training	dc1df850	grid_d2	false	false	0	1	false		
ARC2	training	dc1df850	objects	false	false	0	1	false		
ARC2	training	dc1df850	grid_objects	false	false	0	1	false		
ARC2	training	bd283c4a	complete	false	false	0	1	NA	id	
ARC2	training	bd283c4a	grid_d2	false	false	0	1	false		
ARC2	training	bd283c4a	objects	false	false	0	1	false		
ARC2	training	bd283c4a	grid_objects	false	false	0	1	false		
ARC2	training	25d487eb	complete	false	false	0	1	NA	id	
ARC2	training	25d487eb	grid_d2	false	false	0	1	false		
ARC2	training	25d487eb	objects	false	false	0	1	false		
ARC2	training	25d487eb	grid_objects	false	false	0	1	false		
ARC2	training	7ddcd7ec	complete	false	false	0	1	NA	id	
ARC2	training	7ddcd7ec	grid_d2	false	false	0	1	false		
ARC2	training	7ddcd7ec	objects	false	false	0	1	false		
ARC2	training	7ddcd7ec	grid_objects	false	false	0	1	false		
ARC2	training	0a1d4ef5	complete	false	false	0	1	NA	id	
ARC2	training	0a1d4ef5	grid_d2	false	false	0	1	false		
ARC2	training	0a1d4ef5	objects	false	false	0	1	false		
ARC2	training	0a1d4ef5	grid_objects	false	false	0	1	false		
ARC2	training	5ffb2104	complete	false	false	0	1	NA	id	
ARC2	training	5ffb2104	grid_d2	false	false	0	1	false		
ARC2	training	5ffb2104	objects	false	false	0	1	false		
ARC2	training	5ffb2104	grid_objects	false	false	0	1	false		
ARC2	training	5af49b42	complete	false	false	0	1	NA	id	
ARC2	training	5af49b42	grid_d2	false	false	0	1	false		
ARC2	training	5af49b42	objects	false	false	0	1	false		
ARC2	training	5af49b42	grid_objects	false	false	0	1	false		
ARC2	training	1bfc4729	complete	false	false	0	1	NA	id	
ARC2	training	1bfc4729	grid_d2	false	false	0	1	false		
ARC2	training	1bfc4729	objects	false	false	0	1	false		
ARC2	training	1bfc4729	grid_objects	false	false	0	1	false		
ARC2	training	a5313dff	complete	true	true	1	1	NA	fillEnclosed 1	
ARC2	training	a5313dff	grid_d2	true	true	1	1	true	fillEnclosed 1	fillEnclosed 1
ARC2	training	a5313dff	objects	false	false	0	1	false		
ARC2	training	a5313dff	grid_objects	true	true	1	1	true	fillEnclosed 1	fillEnclosed 1
ARC2	training	e872b94a	complete	false	false	0	1	NA	id	
ARC2	training	e872b94a	grid_d2	false	false	0	1	false		
ARC2	training	e872b94a	objects	false	false	0	1	false		
ARC2	training	e872b94a	grid_objects	false	false	0	1	false		
ARC2	training	9473c6fb	complete	false	false	0	1	NA	id	
ARC2	training	9473c6fb	grid_d2	false	false	0	1	false		
ARC2	training	9473c6fb	objects	false	false	0	1	false		
ARC2	training	9473c6fb	grid_objects	false	false	0	1	false		
ARC2	training	c6e1b8da	complete	false	false	0	1	NA	id	
ARC2	training	c6e1b8da	grid_d2	false	false	0	1	false		
ARC2	training	c6e1b8da	objects	false	false	0	1	false		
ARC2	training	c6e1b8da	grid_objects	false	false	0	1	false		
ARC2	training	5833af48	complete	false	false	0	1	NA	id	
ARC2	training	5833af48	grid_d2	false	false	0	1	false		
ARC2	training	5833af48	objects	false	false	0	1	false		
ARC2	training	5833af48	grid_objects	false	false	0	1	false		
ARC2	training	67a3c6ac	complete	true	true	1	1	NA	flipH	
ARC2	training	67a3c6ac	grid_d2	true	true	1	1	true	flipH	flipH
ARC2	training	67a3c6ac	objects	true	true	1	1	true	zero-4-multi / All / MirrorH / Original	zero-4-multi / All / MirrorH / Original
ARC2	training	67a3c6ac	grid_objects	true	true	1	1	true	flipH	flipH
ARC2	training	1f876c06	complete	false	false	0	1	NA	id	
ARC2	training	1f876c06	grid_d2	false	false	0	1	false		
ARC2	training	1f876c06	objects	false	false	0	1	false		
ARC2	training	1f876c06	grid_objects	false	false	0	1	false		
ARC2	training	c8f0f002	complete	true	true	1	1	NA	recolour 7 5	
ARC2	training	c8f0f002	grid_d2	true	true	1	1	true	recolour 7 5	recolour 7 5
ARC2	training	c8f0f002	objects	true	true	1	1	true	zero-4-mono / Colour(7) / Recolour(5) / Original	zero-4-mono / Colour(7) / Recolour(5) / Original
ARC2	training	c8f0f002	grid_objects	true	true	1	1	true	recolour 7 5	recolour 7 5
ARC2	training	ce4f8723	complete	true	true	1	1	NA	splitV or 3	
ARC2	training	ce4f8723	grid_d2	true	true	1	1	true	splitV or 3	splitV or 3
ARC2	training	ce4f8723	objects	false	false	0	1	false		
ARC2	training	ce4f8723	grid_objects	true	true	1	1	true	splitV or 3	splitV or 3
ARC2	training	50a16a69	complete	false	false	0	1	NA	id	
ARC2	training	50a16a69	grid_d2	false	false	0	1	false		
ARC2	training	50a16a69	objects	false	false	0	1	false		
ARC2	training	50a16a69	grid_objects	false	false	0	1	false		
ARC2	training	e26a3af2	complete	false	false	0	1	NA	id	
ARC2	training	e26a3af2	grid_d2	false	false	0	1	false		
ARC2	training	e26a3af2	objects	false	false	0	1	false		
ARC2	training	e26a3af2	grid_objects	false	false	0	1	false		
ARC2	training	48634b99	complete	false	false	0	1	NA	id	
ARC2	training	48634b99	grid_d2	false	false	0	1	false		
ARC2	training	48634b99	objects	false	false	0	1	false		
ARC2	training	48634b99	grid_objects	false	false	0	1	false		
ARC2	evaluation	0934a4d8	complete	false	false	0	1	NA	id	
ARC2	evaluation	0934a4d8	grid_d2	false	false	0	1	false		
ARC2	evaluation	0934a4d8	objects	false	false	0	1	false		
ARC2	evaluation	0934a4d8	grid_objects	false	false	0	1	false		
ARC2	training	ac6f9922	complete	false	false	0	1	NA	id	
ARC2	training	ac6f9922	grid_d2	false	false	0	1	false		
ARC2	training	ac6f9922	objects	false	false	0	1	false		
ARC2	training	ac6f9922	grid_objects	false	false	0	1	false		
ARC2	training	29700607	complete	false	false	0	1	NA	id	
ARC2	training	29700607	grid_d2	false	false	0	1	false		
ARC2	training	29700607	objects	false	false	0	1	false		
ARC2	training	29700607	grid_objects	false	false	0	1	false		
ARC2	evaluation	6ffbe589	complete	false	false	0	1	NA	id	
ARC2	evaluation	6ffbe589	grid_d2	false	false	0	1	false		
ARC2	evaluation	6ffbe589	objects	false	false	0	1	false		
ARC2	evaluation	6ffbe589	grid_objects	false	false	0	1	false		
ARC2	evaluation	6e453dd6	complete	false	false	0	1	NA	id	
ARC2	evaluation	6e453dd6	grid_d2	false	false	0	1	false		
ARC2	evaluation	6e453dd6	objects	false	false	0	1	false		
ARC2	evaluation	6e453dd6	grid_objects	false	false	0	1	false		
ARC2	training	a09f6c25	complete	false	false	0	2	NA	id	
ARC2	training	a09f6c25	grid_d2	false	false	0	2	false		
ARC2	training	a09f6c25	objects	false	false	0	2	false		
ARC2	training	a09f6c25	grid_objects	false	false	0	2	false		
ARC2	training	508bd3b6	complete	false	false	0	1	NA	id	
ARC2	training	508bd3b6	grid_d2	false	false	0	1	false		
ARC2	training	508bd3b6	objects	false	false	0	1	false		
ARC2	training	508bd3b6	grid_objects	false	false	0	1	false		
ARC2	training	484b58aa	complete	false	false	0	1	NA	id	
ARC2	training	484b58aa	grid_d2	false	false	0	1	false		
ARC2	training	484b58aa	objects	false	false	0	1	false		
ARC2	training	484b58aa	grid_objects	false	false	0	1	false		
ARC2	training	694f12f3	complete	false	false	0	1	NA	id	
ARC2	training	694f12f3	grid_d2	false	false	0	1	false		
ARC2	training	694f12f3	objects	false	false	0	1	false		
ARC2	training	694f12f3	grid_objects	false	false	0	1	false		
ARC2	evaluation	2c181942	complete	false	false	0	1	NA	id	
ARC2	evaluation	2c181942	grid_d2	false	false	0	1	false		
ARC2	evaluation	2c181942	objects	false	false	0	1	false		
ARC2	evaluation	2c181942	grid_objects	false	false	0	1	false		
ARC2	training	9c1e755f	complete	false	false	0	1	NA	id	
ARC2	training	9c1e755f	grid_d2	false	false	0	1	false		
ARC2	training	9c1e755f	objects	false	false	0	1	false		
ARC2	training	9c1e755f	grid_objects	false	false	0	1	false		
ARC2	training	963f59bc	complete	false	false	0	1	NA	id	
ARC2	training	963f59bc	grid_d2	false	false	0	1	false		
ARC2	training	963f59bc	objects	false	false	0	1	false		
ARC2	training	963f59bc	grid_objects	false	false	0	1	false		
ARC2	training	e9614598	complete	false	false	0	2	NA	id	
ARC2	training	e9614598	grid_d2	false	false	0	2	false		
ARC2	training	e9614598	objects	false	false	0	2	false		
ARC2	training	e9614598	grid_objects	false	false	0	2	false		
ARC2	training	20981f0e	complete	false	false	0	1	NA	id	
ARC2	training	20981f0e	grid_d2	false	false	0	1	false		
ARC2	training	20981f0e	objects	false	false	0	1	false		
ARC2	training	20981f0e	grid_objects	false	false	0	1	false		
ARC2	training	6d58a25d	complete	false	false	0	1	NA	id	
ARC2	training	6d58a25d	grid_d2	false	false	0	1	false		
ARC2	training	6d58a25d	objects	false	false	0	1	false		
ARC2	training	6d58a25d	grid_objects	false	false	0	1	false		
ARC2	training	b7f8a4d8	complete	false	false	0	1	NA	id	
ARC2	training	b7f8a4d8	grid_d2	false	false	0	1	false		
ARC2	training	b7f8a4d8	objects	false	false	0	1	false		
ARC2	training	b7f8a4d8	grid_objects	false	false	0	1	false		
ARC2	training	e048c9ed	complete	false	false	0	1	NA	id	
ARC2	training	e048c9ed	grid_d2	false	false	0	1	false		
ARC2	training	e048c9ed	objects	false	false	0	1	false		
ARC2	training	e048c9ed	grid_objects	false	false	0	1	false		
ARC2	training	d4b1c2b1	complete	false	false	0	1	NA	scale 2	
ARC2	training	d4b1c2b1	grid_d2	false	false	0	1	false		
ARC2	training	d4b1c2b1	objects	false	false	0	1	false		
ARC2	training	d4b1c2b1	grid_objects	false	false	0	1	false		
ARC2	training	ba97ae07	complete	false	false	0	1	NA	id	
ARC2	training	ba97ae07	grid_d2	false	false	0	1	false		
ARC2	training	ba97ae07	objects	false	false	0	1	false		
ARC2	training	ba97ae07	grid_objects	false	false	0	1	false		
